begin_shift_time,NODE_ID,inout_name,amount,page_type
2023/4/1 6:00,334,in,165.759,ZU
2023/4/1 6:00,370,out,38.209,ZU
2023/4/1 6:00,425,out,27.819,ZU
2023/4/1 6:00,433,out,54.629,ZU
2023/4/1 6:00,445,out,0,ZU
2023/4/1 6:00,461,out,54.679,ZU
2023/4/1 6:00,470,out,42.209,ZU
2023/4/1 6:00,511,out,51.159,ZU
2023/4/1 6:00,335,in,594.389,ZU
2023/4/1 6:00,423,out,540.889,ZU
2023/4/1 6:00,460,out,245.539,ZU
2023/4/1 6:00,280,in,247.019,ZU
2023/4/1 6:00,349,out,30.969,ZU
2023/4/1 6:00,363,out,32.009,ZU
2023/4/1 6:00,372,out,85.109,ZU
2023/4/1 6:00,472,out,0,ZU
2023/4/1 6:00,512,out,159.689,ZU
2023/4/1 6:00,712,in,523.879,ZU
2023/4/1 6:00,129,in,0,ZU
2023/4/1 6:00,292,consume,50.339,ZU
2023/4/1 6:00,305,consume,25.919,ZU
2023/4/1 6:00,319,consume,100.079,ZU
2023/4/1 6:00,333,consume,98.139,ZU
2023/4/1 6:00,342,out,297.609,ZU
2023/4/1 6:00,360,out,369.639,ZU
2023/4/1 6:00,369,consume,30.159,ZU
2023/4/1 6:00,393,consume,47.089,ZU
2023/4/1 6:00,396,out,37.599,ZU
2023/4/1 6:00,409,out,31.649,ZU
2023/4/1 6:00,418,consume,46.969,ZU
2023/4/1 6:00,429,consume,71.659,ZU
2023/4/1 6:00,441,consume,33.279,ZU
2023/4/1 6:00,450,consume,97.019,ZU
2023/4/1 6:00,491,consume,204.159,ZU
2023/4/1 6:00,499,consume,196.239,ZU
2023/4/1 6:00,508,consume,89.139,ZU
2023/4/1 6:00,519,consume,476.029,ZU
2023/4/1 6:00,541,consume,35.889,ZU
2023/4/1 6:00,550,consume,36.429,ZU
2023/4/1 6:00,559,consume,35.409,ZU
2023/4/1 6:00,573,consume,28.809,ZU
2023/4/1 6:00,638,out,1505.72,ZU
2023/4/1 6:00,681,out,1505.03,ZU
2023/4/1 6:00,682,out,301.587,ZU
2023/4/1 6:00,626,consume,-134.545,ZU
2023/4/1 6:00,453,out,512.659,ZU
2023/4/1 6:00,474,in,1340.84,ZU
2023/4/1 6:00,493,out,112.359,ZU
2023/4/1 6:00,500,out,130.639,ZU
2023/4/1 6:00,509,out,676.099,ZU
2023/4/1 6:00,361,out,30.939,ZU
2023/4/1 6:00,544,out,0,ZU
2023/4/1 6:00,561,out,81.789,ZU
2023/4/1 6:00,579,out,36.129,ZU
2023/4/1 6:00,584,out,204.689,ZU
2023/4/1 6:00,587,out,416.329,ZU
2023/4/1 6:00,591,out,140.839,ZU
2023/4/1 6:00,707,out,40.409,ZU
2023/4/1 6:00,708,out,52.939,ZU
2023/4/1 6:00,709,out,13.149,ZU
2023/4/1 6:00,710,out,0,ZU
2023/4/1 6:00,714,in,81.979,ZU
2023/4/1 6:00,715,in,185.199,ZU
2023/4/1 6:00,716,out,48.789,ZU
2023/4/1 6:00,717,out,90.679,ZU
2023/4/1 6:00,719,in,239.989,ZU
2023/4/1 6:00,720,in,197.429,ZU
2023/4/1 6:00,721,in,0,ZU
2023/4/1 6:00,722,out,141.879,ZU
2023/4/1 6:00,723,out,75.879,ZU
2023/4/1 6:00,724,out,76.939,ZU
2023/4/1 6:00,725,out,43.199,ZU
2023/4/1 6:00,684,out,548.167,ZU
2023/4/1 6:00,685,out,1345.91,ZU
2023/4/1 6:00,286,out,744.909,ZU
2023/4/1 6:00,384,out,186.739,ZU
2023/4/1 6:00,416,in,372.159,ZU
2023/4/1 6:00,282,out,149.389,ZU
2023/4/1 6:00,295,out,113.089,ZU
2023/4/1 6:00,336,in,253.539,ZU
2023/4/1 6:00,316,out,984.869,ZU
2023/4/1 6:00,330,out,972.769,ZU
2023/4/1 6:00,385,out,531.359,ZU
2023/4/1 6:00,414,in,3233.5,ZU
2023/4/1 6:00,718,in,0,ZU
2023/4/1 6:00,338,in,86.019,ZU
2023/4/1 6:00,355,in,32.559,ZU
2023/4/1 6:00,421,out,2253.02,ZU
2023/4/1 6:00,455,out,1621.48,ZU
2023/4/1 6:00,489,in,3445.38,ZU
2023/4/1 6:00,497,in,3532.3,ZU
2023/4/1 6:00,510,out,3519.93,ZU
2023/4/1 6:00,339,in,25.939,ZU
2023/4/1 6:00,406,in,25.919,ZU
2023/4/1 6:00,417,in,87.889,ZU
2023/4/1 6:00,428,in,105.499,ZU
2023/4/1 6:00,442,in,31.139,ZU
2023/4/1 6:00,466,in,36.129,ZU
2023/4/1 6:00,484,out,358.529,ZU
2023/4/1 6:00,490,in,36.369,ZU
2023/4/1 6:00,498,in,36.009,ZU
2023/4/1 6:00,518,in,94.999,ZU
2023/4/1 6:00,539,in,0,ZU
2023/4/1 6:00,549,in,0,ZU
2023/4/1 6:00,556,in,26.009,ZU
2023/4/1 6:00,572,in,0,ZU
2023/4/1 6:00,420,out,323.429,ZU
2023/4/1 6:00,475,in,323.429,ZU
2023/4/1 6:00,371,out,38.879,ZU
2023/4/1 6:00,424,out,52.129,ZU
2023/4/1 6:00,432,out,56.939,ZU
2023/4/1 6:00,462,out,70.589,ZU
2023/4/1 6:00,479,in,105.129,ZU
2023/4/1 6:00,337,in,661.999,ZU
2023/4/1 6:00,486,out,627.419,ZU
2023/4/1 6:00,281,out,32.029,ZU
2023/4/1 6:00,294,out,32.519,ZU
2023/4/1 6:00,307,in,35.189,ZU
2023/4/1 6:00,321,in,38.009,ZU
2023/4/1 6:00,483,in,597.519,ZU
2023/4/1 6:00,496,out,328.449,ZU
2023/4/1 6:00,501,out,315.099,ZU
2023/4/1 6:00,351,in,146.559,ZU
2023/4/1 6:00,381,out,153.849,ZU
2023/4/1 6:00,314,out,107.609,ZU
2023/4/1 6:00,328,out,109.659,ZU
2023/4/1 6:00,382,out,922.209,ZU
2023/4/1 6:00,400,in,1129.91,ZU
2023/4/1 6:00,383,out,1891.91,ZU
2023/4/1 6:00,394,in,1904.58,ZU
2023/4/1 6:00,397,out,1899.94,ZU
2023/4/1 6:00,606,out,223.843,ZU
2023/4/1 6:00,621,in,451.768,ZU
2023/4/1 6:00,387,consume,152.879,ZU
2023/4/1 6:00,388,out,152.879,ZU
2023/4/1 6:00,327,out,209.429,ZU
2023/4/1 6:00,353,in,186.459,ZU
2023/4/1 6:00,283,out,1640.76,ZU
2023/4/1 6:00,296,out,1651.55,ZU
2023/4/1 6:00,309,in,49.869,ZU
2023/4/1 6:00,315,out,386.509,ZU
2023/4/1 6:00,323,in,45.189,ZU
2023/4/1 6:00,329,out,369.929,ZU
2023/4/1 6:00,468,in,654.999,ZU
2023/4/1 6:00,469,in,197.539,ZU
2023/4/1 6:00,471,out,819.879,ZU
2023/4/1 6:00,505,in,4223.5,ZU
2023/4/1 6:00,285,out,1086.75,ZU
2023/4/1 6:00,288,out,517.939,ZU
2023/4/1 6:00,298,out,1644.86,ZU
2023/4/1 6:00,299,out,671.519,ZU
2023/4/1 6:00,301,out,521.939,ZU
2023/4/1 6:00,374,out,0,ZU
2023/4/1 6:00,430,in,1155.97,ZU
2023/4/1 6:00,431,in,2785.35,ZU
2023/4/1 6:00,291,out,3547.59,ZU
2023/4/1 6:00,304,out,3509.61,ZU
2023/4/1 6:00,306,in,3506.08,ZU
2023/4/1 6:00,320,in,3332.89,ZU
2023/4/1 6:00,290,out,1383.56,ZU
2023/4/1 6:00,303,out,1135.16,ZU
2023/4/1 6:00,317,out,649.539,ZU
2023/4/1 6:00,331,out,584.559,ZU
2023/4/1 6:00,365,in,1262.86,ZU
2023/4/1 6:00,367,in,298.189,ZU
2023/4/1 6:00,313,out,225.509,ZU
2023/4/1 6:00,352,in,139.509,ZU
2023/4/1 6:00,419,in,2620.86,ZU
2023/4/1 6:00,434,out,963.999,ZU
2023/4/1 6:00,435,out,553.009,ZU
2023/4/1 6:00,436,out,997.319,ZU
2023/4/1 6:00,346,out,357.469,ZU
2023/4/1 6:00,408,in,113.459,ZU
2023/4/1 6:00,373,out,3899.88,ZU
2023/4/1 6:00,377,in,2966.1,ZU
2023/4/1 6:00,458,out,27.409,ZU
2023/4/1 6:00,380,in,0,ZU
2023/4/1 6:00,401,out,30.849,ZU
2023/4/1 6:00,528,in,808.869,ZU
2023/4/1 6:00,532,out,805.839,ZU
2023/4/1 6:00,482,in,251.899,ZU
2023/4/1 6:00,525,out,290.969,ZU
2023/4/1 6:00,287,out,29.559,ZU
2023/4/1 6:00,300,out,40.759,ZU
2023/4/1 6:00,308,in,48.679,ZU
2023/4/1 6:00,322,in,0,ZU
2023/4/1 6:00,379,in,28.299,ZU
2023/4/1 6:00,395,out,28.299,ZU
2023/4/1 6:00,289,out,1406.36,ZU
2023/4/1 6:00,302,out,2673.14,ZU
2023/4/1 6:00,451,in,1124.34,ZU
2023/4/1 6:00,452,in,2761.8,ZU
2023/4/1 6:00,524,out,268.959,ZU
2023/4/1 6:00,629,in,25.9004,ZU
2023/4/1 6:00,494,out,2950.09,ZU
2023/4/1 6:00,503,out,2975.55,ZU
2023/4/1 6:00,514,in,5744.21,ZU
2023/4/1 6:00,343,out,253.729,ZU
2023/4/1 6:00,344,out,196.419,ZU
2023/4/1 6:00,345,out,84.419,ZU
2023/4/1 6:00,348,out,162.829,ZU
2023/4/1 6:00,354,in,99.769,ZU
2023/4/1 6:00,362,out,62.679,ZU
2023/4/1 6:00,403,out,264.089,ZU
2023/4/1 6:00,411,out,146.749,ZU
2023/4/1 6:00,492,out,142.609,ZU
2023/4/1 6:00,502,out,172.899,ZU
2023/4/1 6:00,623,in,3109.64,ZU
2023/4/1 6:00,402,out,626.539,ZU
2023/4/1 6:00,405,in,654.829,ZU
2023/4/1 6:00,527,in,1736.86,ZU
2023/4/1 6:00,531,out,1708.55,ZU
2023/4/1 6:00,690,out,132.447,ZU
2023/4/1 6:00,691,out,84.2571,ZU
2023/4/1 6:00,692,out,60.6915,ZU
2023/4/1 6:00,81,out,30.8106,ZU
2023/4/1 6:00,81,out,42.2023,ZU
2023/4/1 6:00,81,out,80.2247,ZU
2023/4/1 6:00,293,in,12724.9,ZU
2023/4/1 6:00,279,in,10806.4,ZU
2023/4/1 6:00,595,out,563.299,ZU
2023/4/1 6:00,134,out,635.779,ZU
2023/4/1 6:00,543,out,184.809,ZU
2023/4/1 6:00,552,out,196.759,ZU
2023/4/1 6:00,558,out,183.679,ZU
2023/4/1 6:00,575,out,81.679,ZU
2023/4/1 6:00,594,in,563.299,ZU
2023/4/1 6:00,641,out,1371.05,ZU
2023/4/1 6:00,668,in,117.315,ZU
2023/4/1 6:00,118,out,191.805,ZU
2023/4/1 6:00,117,out,135.058,ZU
2023/4/1 6:00,378,in,924.259,ZU
2023/4/1 6:00,284,out,747.489,ZU
2023/4/1 6:00,297,out,989.539,ZU
2023/4/1 6:00,443,in,257.579,ZU
2023/4/1 6:00,444,in,1474.05,ZU
2023/4/1 6:00,422,out,3105.42,ZU
2023/4/1 6:00,437,out,700.449,ZU
2023/4/1 6:00,438,out,789.229,ZU
2023/4/1 6:00,447,out,1640.9,ZU
2023/4/1 6:00,456,out,0,ZU
2023/4/1 6:00,457,out,1548.05,ZU
2023/4/1 6:00,119,out,98.8168,ZU
2023/4/1 6:00,95,out,120.815,ZU
2023/4/1 6:00,520,out,3069.08,ZU
2023/4/1 6:00,366,in,2576.74,ZU
2023/4/1 6:00,108,out,3364.18,ZU
2023/4/1 6:00,120,out,558.627,ZU
2023/4/1 6:00,109,out,5300.33,ZU
2023/4/1 6:00,115,out,2559.94,ZU
2023/4/1 6:00,610,in,771.84,ZU
2023/4/1 6:00,639,out,928.083,ZU
2023/4/1 6:00,664,out,6,ZU
2023/4/1 6:00,632,in,25.8814,ZU
2023/4/1 6:00,644,out,59.7655,ZU
2023/4/1 6:00,88,out,166.648,ZU
2023/4/1 6:00,650,out,221.438,ZU
2023/4/1 6:00,627,in,53.7255,ZU
2023/4/1 6:00,85,out,115.912,ZU
2023/4/1 6:00,82,out,220.527,ZU
2023/4/1 6:00,82,out,93.2704,ZU
2023/4/1 6:00,93,out,542.248,ZU
2023/4/1 6:00,83,out,893.654,ZU
2023/4/1 6:00,89,out,162.304,ZU
2023/4/1 6:00,604,in,97.5772,ZU
2023/4/1 6:00,121,out,71.2028,ZU
2023/4/1 6:00,318,out,1323.01,ZU
2023/4/1 6:00,332,out,1220.32,ZU
2023/4/1 6:00,711,in,4203.88,ZU
2023/4/1 6:00,533,out,0,ZU
2023/4/1 6:00,477,out,578.609,ZU
2023/4/1 6:00,478,out,1085.21,ZU
2023/4/1 6:00,620,in,3286.18,ZU
2023/4/1 6:00,123,in,2353.4,ZU
2023/4/1 6:00,521,out,1008.57,ZU
2023/4/1 6:00,410,out,724.219,ZU
2023/4/1 6:00,523,out,935.309,ZU
2023/4/1 6:00,404,out,281.799,ZU
2023/4/1 6:00,386,out,164.039,ZU
2023/4/1 6:00,102,in,67.0788,ZU
2023/4/1 6:00,686,out,123.879,ZU
2023/4/1 6:00,80,out,123.879,ZU
2023/4/1 6:00,687,out,814.179,ZU
2023/4/1 6:00,127,out,814.179,ZU
2023/4/1 6:00,657,out,0,ZU
2023/4/1 6:00,122,out,0,ZU
2023/4/1 6:00,481,in,90.319,ZU
2023/4/1 6:00,642,out,146.089,ZU
2023/4/1 6:00,654,in,0,ZU
2023/4/1 6:00,542,in,0,ZU
2023/4/1 6:00,551,in,0,ZU
2023/4/1 6:00,560,in,0,ZU
2023/4/1 6:00,567,in,0,ZU
2023/4/1 6:00,574,in,0,ZU
2023/4/1 6:00,701,out,69.64,ZU
2023/4/1 6:00,356,in,28.029,ZU
2023/4/1 6:00,357,in,26.269,ZU
2023/4/1 6:00,368,in,79.459,ZU
2023/4/1 6:00,392,in,30.559,ZU
2023/4/1 6:00,449,in,146.239,ZU
2023/4/1 6:00,506,in,28.809,ZU
2023/4/1 6:00,683,out,13524.9,ZU
2023/4/1 6:00,598,in,26.4822,ZU
2023/4/1 6:00,605,in,0,ZU
2023/4/1 6:00,667,in,0,ZU
2023/4/1 6:00,517,in,44.779,ZU
2023/4/1 6:00,616,out,44.8433,ZU
2023/4/1 6:00,516,in,223.819,ZU
2023/4/1 6:00,651,out,223.894,ZU
2023/4/1 6:00,407,in,138.239,ZU
2023/4/1 6:00,607,out,138.823,ZU
2023/4/1 6:00,615,out,1452.24,ZU
2023/4/1 6:00,612,in,1346.03,ZU
2023/4/1 6:00,618,out,28.2313,ZU
2023/4/1 6:00,614,out,3732.32,ZU
2023/4/1 6:00,611,in,2677.76,ZU
2023/4/1 6:00,600,out,317.707,ZU
2023/4/1 6:00,608,out,127.379,ZU
2023/4/1 6:00,603,in,601.801,ZU
2023/4/1 6:00,645,out,948.648,ZU
2023/4/1 6:00,597,in,961.778,ZU
2023/4/1 6:00,599,out,161.541,ZU
2023/4/1 6:00,649,out,153.004,ZU
2023/4/1 6:00,617,out,650.465,ZU
2023/4/1 6:00,643,out,459.454,ZU
2023/4/1 6:00,358,out,81.589,ZU
2023/4/1 6:00,665,out,1,ZU
2023/4/1 6:00,628,in,119.755,ZU
2023/4/1 6:00,640,out,2414.09,ZU
2023/4/1 6:00,609,in,568.879,ZU
2023/4/1 6:00,652,in,1441.19,ZU
2023/4/1 6:00,658,in,2297.91,ZU
2023/4/1 6:00,689,out,2161.11,ZU
2023/4/1 6:00,679,in,2115.81,ZU
2023/4/1 6:00,655,out,29.9597,ZU
2023/4/1 6:00,633,in,29.9597,ZU
2023/4/1 6:00,656,out,190.441,ZU
2023/4/1 6:00,699,in,190.441,ZU
2023/4/1 6:00,672,out,0,ZU
2023/4/1 6:00,661,in,0,ZU
2023/4/1 6:00,669,out,535.419,ZU
2023/4/1 6:00,697,in,540.927,ZU
2023/4/1 6:00,670,out,0,ZU
2023/4/1 6:00,622,in,29.2955,ZU
2023/4/1 6:00,646,out,36.2572,ZU
2023/4/1 6:00,648,in,36.2572,ZU
2023/4/1 6:00,662,out,788.609,ZU
2023/4/1 6:00,700,in,788.609,ZU
2023/4/1 6:00,602,out,27.4196,ZU
2023/4/1 6:00,631,in,27.4196,ZU
2023/4/1 6:00,601,out,64.663,ZU
2023/4/1 6:00,739,in,62.3382,ZU
2023/4/1 6:00,671,out,25.8903,ZU
2023/4/1 6:00,737,in,25.9082,ZU
2023/4/1 6:00,619,out,58.7315,ZU
2023/4/1 6:00,613,consume,58.7315,ZU
2023/4/1 6:00,347,out,468.589,ZU
2023/4/1 6:00,359,out,56.419,ZU
2023/4/1 6:00,526,out,158.549,ZU
2023/4/1 6:00,624,in,2043.46,ZU
2023/4/1 6:00,653,in,28.6197,ZU
2023/4/1 6:00,659,in,67.1178,ZU
2023/4/1 6:00,647,in,889.789,ZU
2023/4/1 6:00,279,in,10806.4,NODE
2023/4/1 6:00,280,in,247.019,NODE
2023/4/1 6:00,281,out,32.029,NODE
2023/4/1 6:00,282,out,149.389,NODE
2023/4/1 6:00,283,out,1640.76,NODE
2023/4/1 6:00,284,out,747.489,NODE
2023/4/1 6:00,285,out,1086.75,NODE
2023/4/1 6:00,286,out,744.909,NODE
2023/4/1 6:00,287,out,29.559,NODE
2023/4/1 6:00,288,out,517.939,NODE
2023/4/1 6:00,289,out,1406.36,NODE
2023/4/1 6:00,290,out,1383.56,NODE
2023/4/1 6:00,291,out,3547.59,NODE
2023/4/1 6:00,292,consume,50.339,NODE
2023/4/1 6:00,306,in,3506.08,NODE
2023/4/1 6:00,307,in,35.189,NODE
2023/4/1 6:00,308,in,48.679,NODE
2023/4/1 6:00,309,in,49.869,NODE
2023/4/1 6:00,310,in,0,NODE
2023/4/1 6:00,312,out,0,NODE
2023/4/1 6:00,313,out,225.509,NODE
2023/4/1 6:00,314,out,107.609,NODE
2023/4/1 6:00,315,out,386.509,NODE
2023/4/1 6:00,316,out,984.869,NODE
2023/4/1 6:00,317,out,649.539,NODE
2023/4/1 6:00,318,out,1323.01,NODE
2023/4/1 6:00,319,consume,100.079,NODE
2023/4/1 6:00,707,out,40.409,NODE
2023/4/1 6:00,351,in,146.559,NODE
2023/4/1 6:00,352,in,139.509,NODE
2023/4/1 6:00,353,in,186.459,NODE
2023/4/1 6:00,354,in,99.769,NODE
2023/4/1 6:00,355,in,32.559,NODE
2023/4/1 6:00,356,in,28.029,NODE
2023/4/1 6:00,357,in,26.269,NODE
2023/4/1 6:00,358,out,81.589,NODE
2023/4/1 6:00,359,out,56.419,NODE
2023/4/1 6:00,360,out,369.639,NODE
2023/4/1 6:00,361,out,30.939,NODE
2023/4/1 6:00,362,out,62.679,NODE
2023/4/1 6:00,363,out,32.009,NODE
2023/4/1 6:00,364,out,0,NODE
2023/4/1 6:00,334,in,165.759,NODE
2023/4/1 6:00,335,in,594.389,NODE
2023/4/1 6:00,336,in,253.539,NODE
2023/4/1 6:00,337,in,661.999,NODE
2023/4/1 6:00,338,in,86.019,NODE
2023/4/1 6:00,339,in,25.939,NODE
2023/4/1 6:00,340,in,0,NODE
2023/4/1 6:00,341,out,25.979,NODE
2023/4/1 6:00,342,out,297.609,NODE
2023/4/1 6:00,343,out,253.729,NODE
2023/4/1 6:00,344,out,196.419,NODE
2023/4/1 6:00,345,out,84.419,NODE
2023/4/1 6:00,346,out,357.469,NODE
2023/4/1 6:00,347,out,468.589,NODE
2023/4/1 6:00,348,out,162.829,NODE
2023/4/1 6:00,349,out,30.969,NODE
2023/4/1 6:00,350,out,0,NODE
2023/4/1 6:00,709,out,13.149,NODE
2023/4/1 6:00,293,in,12724.9,NODE
2023/4/1 6:00,294,out,32.519,NODE
2023/4/1 6:00,295,out,113.089,NODE
2023/4/1 6:00,296,out,1651.55,NODE
2023/4/1 6:00,297,out,989.539,NODE
2023/4/1 6:00,298,out,1644.86,NODE
2023/4/1 6:00,299,out,671.519,NODE
2023/4/1 6:00,300,out,40.759,NODE
2023/4/1 6:00,301,out,521.939,NODE
2023/4/1 6:00,302,out,2673.14,NODE
2023/4/1 6:00,303,out,1135.16,NODE
2023/4/1 6:00,304,out,3509.61,NODE
2023/4/1 6:00,305,consume,25.919,NODE
2023/4/1 6:00,320,in,3332.89,NODE
2023/4/1 6:00,321,in,38.009,NODE
2023/4/1 6:00,322,in,0,NODE
2023/4/1 6:00,323,in,45.189,NODE
2023/4/1 6:00,324,in,0,NODE
2023/4/1 6:00,326,out,0,NODE
2023/4/1 6:00,327,out,209.429,NODE
2023/4/1 6:00,328,out,109.659,NODE
2023/4/1 6:00,329,out,369.929,NODE
2023/4/1 6:00,330,out,972.769,NODE
2023/4/1 6:00,331,out,584.559,NODE
2023/4/1 6:00,332,out,1220.32,NODE
2023/4/1 6:00,333,consume,98.139,NODE
2023/4/1 6:00,708,out,52.939,NODE
2023/4/1 6:00,365,in,1262.86,NODE
2023/4/1 6:00,366,in,2576.74,NODE
2023/4/1 6:00,367,in,298.189,NODE
2023/4/1 6:00,368,in,79.459,NODE
2023/4/1 6:00,369,consume,30.159,NODE
2023/4/1 6:00,370,out,38.209,NODE
2023/4/1 6:00,371,out,38.879,NODE
2023/4/1 6:00,372,out,85.109,NODE
2023/4/1 6:00,373,out,3899.88,NODE
2023/4/1 6:00,374,out,0,NODE
2023/4/1 6:00,375,out,45.419,NODE
2023/4/1 6:00,376,out,0,NODE
2023/4/1 6:00,722,out,141.879,NODE
2023/4/1 6:00,377,in,2966.1,NODE
2023/4/1 6:00,378,in,924.259,NODE
2023/4/1 6:00,379,in,28.299,NODE
2023/4/1 6:00,380,in,0,NODE
2023/4/1 6:00,381,out,153.849,NODE
2023/4/1 6:00,382,out,922.209,NODE
2023/4/1 6:00,383,out,1891.91,NODE
2023/4/1 6:00,384,out,186.739,NODE
2023/4/1 6:00,385,out,531.359,NODE
2023/4/1 6:00,386,out,164.039,NODE
2023/4/1 6:00,387,consume,152.879,NODE
2023/4/1 6:00,388,out,152.879,NODE
2023/4/1 6:00,392,in,30.559,NODE
2023/4/1 6:00,393,consume,47.089,NODE
2023/4/1 6:00,394,in,1904.58,NODE
2023/4/1 6:00,395,out,28.299,NODE
2023/4/1 6:00,396,out,37.599,NODE
2023/4/1 6:00,397,out,1899.94,NODE
2023/4/1 6:00,398,out,0,NODE
2023/4/1 6:00,400,in,1129.91,NODE
2023/4/1 6:00,401,out,30.849,NODE
2023/4/1 6:00,402,out,626.539,NODE
2023/4/1 6:00,403,out,264.089,NODE
2023/4/1 6:00,404,out,281.799,NODE
2023/4/1 6:00,405,in,654.829,NODE
2023/4/1 6:00,406,in,25.919,NODE
2023/4/1 6:00,407,in,138.239,NODE
2023/4/1 6:00,408,in,113.459,NODE
2023/4/1 6:00,409,out,31.649,NODE
2023/4/1 6:00,410,out,724.219,NODE
2023/4/1 6:00,411,out,146.749,NODE
2023/4/1 6:00,412,out,0,NODE
2023/4/1 6:00,413,out,0,NODE
2023/4/1 6:00,449,in,146.239,NODE
2023/4/1 6:00,450,consume,97.019,NODE
2023/4/1 6:00,451,in,1124.34,NODE
2023/4/1 6:00,452,in,2761.8,NODE
2023/4/1 6:00,453,out,512.659,NODE
2023/4/1 6:00,454,out,0,NODE
2023/4/1 6:00,455,out,1621.48,NODE
2023/4/1 6:00,456,out,0,NODE
2023/4/1 6:00,457,out,1548.05,NODE
2023/4/1 6:00,458,out,27.409,NODE
2023/4/1 6:00,459,out,0,NODE
2023/4/1 6:00,460,out,245.539,NODE
2023/4/1 6:00,461,out,54.679,NODE
2023/4/1 6:00,462,out,70.589,NODE
2023/4/1 6:00,463,out,0,NODE
2023/4/1 6:00,464,out,26.469,NODE
2023/4/1 6:00,465,out,26.859,NODE
2023/4/1 6:00,723,out,75.879,NODE
2023/4/1 6:00,414,in,3233.5,NODE
2023/4/1 6:00,415,in,0,NODE
2023/4/1 6:00,416,in,372.159,NODE
2023/4/1 6:00,417,in,87.889,NODE
2023/4/1 6:00,418,consume,46.969,NODE
2023/4/1 6:00,419,in,2620.86,NODE
2023/4/1 6:00,420,out,323.429,NODE
2023/4/1 6:00,421,out,2253.02,NODE
2023/4/1 6:00,422,out,3105.42,NODE
2023/4/1 6:00,423,out,540.889,NODE
2023/4/1 6:00,424,out,52.129,NODE
2023/4/1 6:00,425,out,27.819,NODE
2023/4/1 6:00,426,out,0,NODE
2023/4/1 6:00,427,out,37.629,NODE
2023/4/1 6:00,724,out,76.939,NODE
2023/4/1 6:00,428,in,105.499,NODE
2023/4/1 6:00,429,consume,71.659,NODE
2023/4/1 6:00,430,in,1155.97,NODE
2023/4/1 6:00,431,in,2785.35,NODE
2023/4/1 6:00,432,out,56.939,NODE
2023/4/1 6:00,433,out,54.629,NODE
2023/4/1 6:00,434,out,963.999,NODE
2023/4/1 6:00,435,out,553.009,NODE
2023/4/1 6:00,436,out,997.319,NODE
2023/4/1 6:00,437,out,700.449,NODE
2023/4/1 6:00,438,out,789.229,NODE
2023/4/1 6:00,439,out,0,NODE
2023/4/1 6:00,440,out,42.919,NODE
2023/4/1 6:00,725,out,43.199,NODE
2023/4/1 6:00,441,consume,33.279,NODE
2023/4/1 6:00,442,in,31.139,NODE
2023/4/1 6:00,443,in,257.579,NODE
2023/4/1 6:00,444,in,1474.05,NODE
2023/4/1 6:00,445,out,0,NODE
2023/4/1 6:00,446,out,95.879,NODE
2023/4/1 6:00,447,out,1640.9,NODE
2023/4/1 6:00,466,in,36.129,NODE
2023/4/1 6:00,467,consume,0,NODE
2023/4/1 6:00,468,in,654.999,NODE
2023/4/1 6:00,469,in,197.539,NODE
2023/4/1 6:00,470,out,42.209,NODE
2023/4/1 6:00,471,out,819.879,NODE
2023/4/1 6:00,472,out,0,NODE
2023/4/1 6:00,473,out,25.979,NODE
2023/4/1 6:00,474,in,1340.84,NODE
2023/4/1 6:00,475,in,323.429,NODE
2023/4/1 6:00,476,in,0,NODE
2023/4/1 6:00,477,out,578.609,NODE
2023/4/1 6:00,478,out,1085.21,NODE
2023/4/1 6:00,505,in,4223.5,NODE
2023/4/1 6:00,506,in,28.809,NODE
2023/4/1 6:00,507,in,138.529,NODE
2023/4/1 6:00,508,consume,89.139,NODE
2023/4/1 6:00,509,out,676.099,NODE
2023/4/1 6:00,510,out,3519.93,NODE
2023/4/1 6:00,511,out,51.159,NODE
2023/4/1 6:00,512,out,159.689,NODE
2023/4/1 6:00,513,out,35.339,NODE
2023/4/1 6:00,489,in,3445.38,NODE
2023/4/1 6:00,490,in,36.369,NODE
2023/4/1 6:00,491,consume,204.159,NODE
2023/4/1 6:00,492,out,142.609,NODE
2023/4/1 6:00,493,out,112.359,NODE
2023/4/1 6:00,494,out,2950.09,NODE
2023/4/1 6:00,495,out,0,NODE
2023/4/1 6:00,496,out,328.449,NODE
2023/4/1 6:00,497,in,3532.3,NODE
2023/4/1 6:00,498,in,36.009,NODE
2023/4/1 6:00,499,consume,196.239,NODE
2023/4/1 6:00,500,out,130.639,NODE
2023/4/1 6:00,501,out,315.099,NODE
2023/4/1 6:00,502,out,172.899,NODE
2023/4/1 6:00,503,out,2975.55,NODE
2023/4/1 6:00,504,out,51.559,NODE
2023/4/1 6:00,479,in,105.129,NODE
2023/4/1 6:00,480,in,496.549,NODE
2023/4/1 6:00,481,in,90.319,NODE
2023/4/1 6:00,482,in,251.899,NODE
2023/4/1 6:00,483,in,597.519,NODE
2023/4/1 6:00,484,out,358.529,NODE
2023/4/1 6:00,485,out,0,NODE
2023/4/1 6:00,486,out,627.419,NODE
2023/4/1 6:00,487,out,504.419,NODE
2023/4/1 6:00,488,out,0,NODE
2023/4/1 6:00,710,out,0,NODE
2023/4/1 6:00,514,in,5744.21,NODE
2023/4/1 6:00,515,in,0,NODE
2023/4/1 6:00,516,in,223.819,NODE
2023/4/1 6:00,517,in,44.779,NODE
2023/4/1 6:00,518,in,94.999,NODE
2023/4/1 6:00,519,consume,476.029,NODE
2023/4/1 6:00,520,out,3069.08,NODE
2023/4/1 6:00,521,out,1008.57,NODE
2023/4/1 6:00,522,out,485.299,NODE
2023/4/1 6:00,523,out,935.309,NODE
2023/4/1 6:00,524,out,268.959,NODE
2023/4/1 6:00,525,out,290.969,NODE
2023/4/1 6:00,526,out,158.549,NODE
2023/4/1 6:00,527,in,1736.86,NODE
2023/4/1 6:00,528,in,808.869,NODE
2023/4/1 6:00,529,in,0,NODE
2023/4/1 6:00,530,in,0,NODE
2023/4/1 6:00,531,out,1708.55,NODE
2023/4/1 6:00,532,out,805.839,NODE
2023/4/1 6:00,533,out,0,NODE
2023/4/1 6:00,534,out,25.929,NODE
2023/4/1 6:00,539,in,0,NODE
2023/4/1 6:00,541,consume,35.889,NODE
2023/4/1 6:00,542,in,0,NODE
2023/4/1 6:00,543,out,184.809,NODE
2023/4/1 6:00,544,out,0,NODE
2023/4/1 6:00,715,in,185.199,NODE
2023/4/1 6:00,726,consume,182.229,NODE
2023/4/1 6:00,549,in,0,NODE
2023/4/1 6:00,550,consume,36.429,NODE
2023/4/1 6:00,551,in,0,NODE
2023/4/1 6:00,552,out,196.759,NODE
2023/4/1 6:00,720,in,197.429,NODE
2023/4/1 6:00,728,consume,194.409,NODE
2023/4/1 6:00,556,in,26.009,NODE
2023/4/1 6:00,558,out,183.679,NODE
2023/4/1 6:00,559,consume,35.409,NODE
2023/4/1 6:00,560,in,0,NODE
2023/4/1 6:00,561,out,81.789,NODE
2023/4/1 6:00,719,in,239.989,NODE
2023/4/1 6:00,729,consume,180.759,NODE
2023/4/1 6:00,565,in,0,NODE
2023/4/1 6:00,566,consume,0,NODE
2023/4/1 6:00,567,in,0,NODE
2023/4/1 6:00,568,out,0,NODE
2023/4/1 6:00,721,in,0,NODE
2023/4/1 6:00,730,consume,0,NODE
2023/4/1 6:00,572,in,0,NODE
2023/4/1 6:00,573,consume,28.809,NODE
2023/4/1 6:00,574,in,0,NODE
2023/4/1 6:00,575,out,81.679,NODE
2023/4/1 6:00,714,in,81.979,NODE
2023/4/1 6:00,731,consume,78.499,NODE
2023/4/1 6:00,576,in,1827.25,NODE
2023/4/1 6:00,578,in,2316.75,NODE
2023/4/1 6:00,579,out,36.129,NODE
2023/4/1 6:00,580,out,0,NODE
2023/4/1 6:00,581,out,1473.68,NODE
2023/4/1 6:00,716,out,48.789,NODE
2023/4/1 6:00,582,in,4045.92,NODE
2023/4/1 6:00,584,out,204.689,NODE
2023/4/1 6:00,585,out,1785.95,NODE
2023/4/1 6:00,586,in,8834.5,NODE
2023/4/1 6:00,587,out,416.329,NODE
2023/4/1 6:00,588,out,7717.4,NODE
2023/4/1 6:00,589,in,5185.25,NODE
2023/4/1 6:00,590,in,8713.39,NODE
2023/4/1 6:00,591,out,140.839,NODE
2023/4/1 6:00,592,out,5436.56,NODE
2023/4/1 6:00,593,out,8947.21,NODE
2023/4/1 6:00,717,out,90.679,NODE
2023/4/1 6:00,594,in,563.299,NODE
2023/4/1 6:00,595,out,563.299,NODE
2023/4/1 6:00,638,out,765.799,NODE
2023/4/1 6:00,639,out,476.981,NODE
2023/4/1 6:00,640,out,1219.98,NODE
2023/4/1 6:00,641,out,698.465,NODE
2023/4/1 6:00,642,out,85.9841,NODE
2023/4/1 6:00,643,out,459.454,NODE
2023/4/1 6:00,644,out,59.7655,NODE
2023/4/1 6:00,645,out,487.264,NODE
2023/4/1 6:00,646,out,36.2572,NODE
2023/4/1 6:00,739,in,62.3382,NODE
2023/4/1 6:00,737,in,25.9082,NODE
2023/4/1 6:00,620,in,1656.03,NODE
2023/4/1 6:00,621,in,451.768,NODE
2023/4/1 6:00,622,in,29.2955,NODE
2023/4/1 6:00,623,in,1053.8,NODE
2023/4/1 6:00,624,in,698.405,NODE
2023/4/1 6:00,627,in,53.7255,NODE
2023/4/1 6:00,628,in,72.8171,NODE
2023/4/1 6:00,629,in,25.9004,NODE
2023/4/1 6:00,631,in,27.4196,NODE
2023/4/1 6:00,632,in,6,NODE
2023/4/1 6:00,633,in,29.9597,NODE
2023/4/1 6:00,718,in,0,NODE
2023/4/1 6:00,626,consume,-134.545,NODE
2023/4/1 6:00,599,out,161.541,NODE
2023/4/1 6:00,600,out,317.707,NODE
2023/4/1 6:00,601,out,64.663,NODE
2023/4/1 6:00,602,out,27.4196,NODE
2023/4/1 6:00,597,in,493.828,NODE
2023/4/1 6:00,598,in,26.4822,NODE
2023/4/1 6:00,606,out,223.843,NODE
2023/4/1 6:00,607,out,138.823,NODE
2023/4/1 6:00,608,out,76.629,NODE
2023/4/1 6:00,603,in,313.84,NODE
2023/4/1 6:00,604,in,97.5772,NODE
2023/4/1 6:00,605,in,0,NODE
2023/4/1 6:00,614,out,1261.36,NODE
2023/4/1 6:00,615,out,1452.24,NODE
2023/4/1 6:00,616,out,44.8433,NODE
2023/4/1 6:00,617,out,650.465,NODE
2023/4/1 6:00,618,out,28.2313,NODE
2023/4/1 6:00,619,out,58.7315,NODE
2023/4/1 6:00,609,in,297.379,NODE
2023/4/1 6:00,610,in,771.84,NODE
2023/4/1 6:00,611,in,909.84,NODE
2023/4/1 6:00,612,in,1346.03,NODE
2023/4/1 6:00,613,consume,58.7315,NODE
2023/4/1 6:00,649,out,153.004,NODE
2023/4/1 6:00,650,out,123.658,NODE
2023/4/1 6:00,651,out,223.894,NODE
2023/4/1 6:00,647,in,457.834,NODE
2023/4/1 6:00,648,in,36.2572,NODE
2023/4/1 6:00,655,out,29.9597,NODE
2023/4/1 6:00,656,out,490.981,NODE
2023/4/1 6:00,657,out,0,NODE
2023/4/1 6:00,652,in,497.648,NODE
2023/4/1 6:00,653,in,28.6197,NODE
2023/4/1 6:00,654,in,0,NODE
2023/4/1 6:00,662,out,808.262,NODE
2023/4/1 6:00,664,out,6,NODE
2023/4/1 6:00,665,out,1,NODE
2023/4/1 6:00,658,in,783.224,NODE
2023/4/1 6:00,659,in,67.1178,NODE
2023/4/1 6:00,661,in,0,NODE
2023/4/1 6:00,669,out,0,NODE
2023/4/1 6:00,670,out,0,NODE
2023/4/1 6:00,671,out,25.8903,NODE
2023/4/1 6:00,672,out,0,NODE
2023/4/1 6:00,667,in,0,NODE
2023/4/1 6:00,668,in,48.7379,NODE
2023/4/1 6:00,681,out,1505.03,NODE
2023/4/1 6:00,682,out,301.587,NODE
2023/4/1 6:00,683,out,1525.78,NODE
2023/4/1 6:00,684,out,130.337,NODE
2023/4/1 6:00,685,out,289.885,NODE
2023/4/1 6:00,686,out,123.879,NODE
2023/4/1 6:00,687,out,814.179,NODE
2023/4/1 6:00,679,in,2115.81,NODE
2023/4/1 6:00,712,in,523.879,NODE
2023/4/1 6:00,711,in,2114.88,NODE
2023/4/1 6:00,689,out,2161.11,NODE
2023/4/1 6:00,690,out,132.447,NODE
2023/4/1 6:00,691,out,84.2571,NODE
2023/4/1 6:00,692,out,60.6915,NODE
2023/4/1 6:00,701,out,34.6312,NODE
2023/4/1 6:00,699,in,190.441,NODE
2023/4/1 6:00,700,in,788.609,NODE
2023/4/1 6:00,697,in,540.927,NODE
2023/4/1 6:00,102,in,67.0788,NODE
2023/4/1 6:00,123,in,2353.4,NODE
2023/4/1 6:00,129,in,0,NODE
2023/4/1 6:00,80,out,123.879,NODE
2023/4/1 6:00,81,out,80.2247,NODE
2023/4/1 6:00,81,out,42.2023,NODE
2023/4/1 6:00,81,out,30.8106,NODE
2023/4/1 6:00,82,out,93.2704,NODE
2023/4/1 6:00,82,out,220.527,NODE
2023/4/1 6:00,83,out,893.654,NODE
2023/4/1 6:00,85,out,115.912,NODE
2023/4/1 6:00,88,out,166.648,NODE
2023/4/1 6:00,89,out,162.304,NODE
2023/4/1 6:00,93,out,542.248,NODE
2023/4/1 6:00,95,out,120.815,NODE
2023/4/1 6:00,108,out,3364.18,NODE
2023/4/1 6:00,109,out,5300.33,NODE
2023/4/1 6:00,115,out,2559.94,NODE
2023/4/1 6:00,117,out,135.058,NODE
2023/4/1 6:00,118,out,191.805,NODE
2023/4/1 6:00,119,out,98.8168,NODE
2023/4/1 6:00,120,out,558.627,NODE
2023/4/1 6:00,121,out,71.2028,NODE
2023/4/1 6:00,122,out,0,NODE
2023/4/1 6:00,127,out,814.179,NODE
2023/4/1 6:00,134,out,635.779,NODE
2023/4/1 18:00,334,in,164.139,ZU
2023/4/1 18:00,370,out,38.009,ZU
2023/4/1 18:00,425,out,27.819,ZU
2023/4/1 18:00,433,out,55.209,ZU
2023/4/1 18:00,445,out,0,ZU
2023/4/1 18:00,461,out,54.839,ZU
2023/4/1 18:00,470,out,41.979,ZU
2023/4/1 18:00,511,out,49.739,ZU
2023/4/1 18:00,335,in,492.019,ZU
2023/4/1 18:00,423,out,542.299,ZU
2023/4/1 18:00,460,out,244.509,ZU
2023/4/1 18:00,280,in,248.439,ZU
2023/4/1 18:00,349,out,30.969,ZU
2023/4/1 18:00,363,out,32.009,ZU
2023/4/1 18:00,372,out,79.409,ZU
2023/4/1 18:00,472,out,0,ZU
2023/4/1 18:00,512,out,170.519,ZU
2023/4/1 18:00,712,in,473.879,ZU
2023/4/1 18:00,129,in,901.879,ZU
2023/4/1 18:00,292,consume,50.789,ZU
2023/4/1 18:00,305,consume,25.909,ZU
2023/4/1 18:00,319,consume,101.119,ZU
2023/4/1 18:00,333,consume,99.399,ZU
2023/4/1 18:00,342,out,175.879,ZU
2023/4/1 18:00,360,out,300.479,ZU
2023/4/1 18:00,369,consume,30.169,ZU
2023/4/1 18:00,393,consume,47.319,ZU
2023/4/1 18:00,396,out,38.419,ZU
2023/4/1 18:00,409,out,32.079,ZU
2023/4/1 18:00,418,consume,47.359,ZU
2023/4/1 18:00,429,consume,72.579,ZU
2023/4/1 18:00,441,consume,33.569,ZU
2023/4/1 18:00,450,consume,99.439,ZU
2023/4/1 18:00,491,consume,206.889,ZU
2023/4/1 18:00,499,consume,199.169,ZU
2023/4/1 18:00,508,consume,90.219,ZU
2023/4/1 18:00,519,consume,467.069,ZU
2023/4/1 18:00,541,consume,36.179,ZU
2023/4/1 18:00,550,consume,36.529,ZU
2023/4/1 18:00,559,consume,35.439,ZU
2023/4/1 18:00,573,consume,29.259,ZU
2023/4/1 18:00,638,out,1510.62,ZU
2023/4/1 18:00,681,out,1522.1,ZU
2023/4/1 18:00,682,out,280.367,ZU
2023/4/1 18:00,626,consume,-136.167,ZU
2023/4/1 18:00,453,out,501.029,ZU
2023/4/1 18:00,474,in,1302.47,ZU
2023/4/1 18:00,493,out,132.319,ZU
2023/4/1 18:00,500,out,128.029,ZU
2023/4/1 18:00,509,out,649.689,ZU
2023/4/1 18:00,361,out,30.949,ZU
2023/4/1 18:00,544,out,0,ZU
2023/4/1 18:00,561,out,80.699,ZU
2023/4/1 18:00,579,out,34.799,ZU
2023/4/1 18:00,584,out,191.479,ZU
2023/4/1 18:00,587,out,422.319,ZU
2023/4/1 18:00,591,out,137.139,ZU
2023/4/1 18:00,707,out,42.879,ZU
2023/4/1 18:00,708,out,51.069,ZU
2023/4/1 18:00,709,out,57.229,ZU
2023/4/1 18:00,710,out,33.859,ZU
2023/4/1 18:00,714,in,83.139,ZU
2023/4/1 18:00,715,in,182.199,ZU
2023/4/1 18:00,716,out,95.339,ZU
2023/4/1 18:00,717,out,91.149,ZU
2023/4/1 18:00,719,in,240.129,ZU
2023/4/1 18:00,720,in,198.569,ZU
2023/4/1 18:00,721,in,0,ZU
2023/4/1 18:00,722,out,149.829,ZU
2023/4/1 18:00,723,out,65.879,ZU
2023/4/1 18:00,724,out,78.349,ZU
2023/4/1 18:00,725,out,43.809,ZU
2023/4/1 18:00,684,out,570.426,ZU
2023/4/1 18:00,685,out,1363.11,ZU
2023/4/1 18:00,286,out,744.029,ZU
2023/4/1 18:00,384,out,186.179,ZU
2023/4/1 18:00,416,in,371.819,ZU
2023/4/1 18:00,282,out,148.689,ZU
2023/4/1 18:00,295,out,111.509,ZU
2023/4/1 18:00,336,in,256.099,ZU
2023/4/1 18:00,316,out,979.499,ZU
2023/4/1 18:00,330,out,969.299,ZU
2023/4/1 18:00,385,out,498.899,ZU
2023/4/1 18:00,414,in,3223.81,ZU
2023/4/1 18:00,718,in,0,ZU
2023/4/1 18:00,338,in,89.259,ZU
2023/4/1 18:00,355,in,32.419,ZU
2023/4/1 18:00,421,out,2288.14,ZU
2023/4/1 18:00,455,out,1618.5,ZU
2023/4/1 18:00,489,in,3420.6,ZU
2023/4/1 18:00,497,in,3509.6,ZU
2023/4/1 18:00,510,out,3523.01,ZU
2023/4/1 18:00,339,in,25.939,ZU
2023/4/1 18:00,406,in,25.919,ZU
2023/4/1 18:00,417,in,85.649,ZU
2023/4/1 18:00,428,in,105.589,ZU
2023/4/1 18:00,442,in,31.189,ZU
2023/4/1 18:00,466,in,36.109,ZU
2023/4/1 18:00,484,out,358.409,ZU
2023/4/1 18:00,490,in,36.439,ZU
2023/4/1 18:00,498,in,36.069,ZU
2023/4/1 18:00,518,in,93.469,ZU
2023/4/1 18:00,539,in,0,ZU
2023/4/1 18:00,549,in,0,ZU
2023/4/1 18:00,556,in,26.059,ZU
2023/4/1 18:00,572,in,0,ZU
2023/4/1 18:00,420,out,328.979,ZU
2023/4/1 18:00,475,in,328.979,ZU
2023/4/1 18:00,371,out,38.919,ZU
2023/4/1 18:00,424,out,46.719,ZU
2023/4/1 18:00,432,out,56.979,ZU
2023/4/1 18:00,462,out,70.589,ZU
2023/4/1 18:00,479,in,106.119,ZU
2023/4/1 18:00,337,in,660.679,ZU
2023/4/1 18:00,486,out,626.669,ZU
2023/4/1 18:00,281,out,31.799,ZU
2023/4/1 18:00,294,out,32.629,ZU
2023/4/1 18:00,307,in,35.119,ZU
2023/4/1 18:00,321,in,38.209,ZU
2023/4/1 18:00,483,in,591.789,ZU
2023/4/1 18:00,496,out,305.639,ZU
2023/4/1 18:00,501,out,412.099,ZU
2023/4/1 18:00,351,in,148.999,ZU
2023/4/1 18:00,381,out,156.439,ZU
2023/4/1 18:00,314,out,113.599,ZU
2023/4/1 18:00,328,out,107.189,ZU
2023/4/1 18:00,382,out,920.599,ZU
2023/4/1 18:00,400,in,1130.29,ZU
2023/4/1 18:00,383,out,1882.56,ZU
2023/4/1 18:00,394,in,1894.98,ZU
2023/4/1 18:00,387,consume,196.229,ZU
2023/4/1 18:00,388,out,196.229,ZU
2023/4/1 18:00,327,out,208.339,ZU
2023/4/1 18:00,353,in,185.779,ZU
2023/4/1 18:00,283,out,1635,ZU
2023/4/1 18:00,296,out,1659.1,ZU
2023/4/1 18:00,309,in,49.879,ZU
2023/4/1 18:00,315,out,396.329,ZU
2023/4/1 18:00,323,in,45.199,ZU
2023/4/1 18:00,329,out,411.879,ZU
2023/4/1 18:00,468,in,653.589,ZU
2023/4/1 18:00,471,out,819.779,ZU
2023/4/1 18:00,505,in,4199.98,ZU
2023/4/1 18:00,285,out,1085.51,ZU
2023/4/1 18:00,288,out,540.349,ZU
2023/4/1 18:00,298,out,1646.19,ZU
2023/4/1 18:00,299,out,663.509,ZU
2023/4/1 18:00,301,out,468.449,ZU
2023/4/1 18:00,374,out,0,ZU
2023/4/1 18:00,430,in,1157.66,ZU
2023/4/1 18:00,431,in,2791.46,ZU
2023/4/1 18:00,291,out,3572.99,ZU
2023/4/1 18:00,304,out,3640.15,ZU
2023/4/1 18:00,306,in,3502.61,ZU
2023/4/1 18:00,320,in,3276.25,ZU
2023/4/1 18:00,290,out,1375.84,ZU
2023/4/1 18:00,303,out,1136.71,ZU
2023/4/1 18:00,317,out,696.849,ZU
2023/4/1 18:00,331,out,526.899,ZU
2023/4/1 18:00,365,in,1263.53,ZU
2023/4/1 18:00,367,in,315.709,ZU
2023/4/1 18:00,313,out,222.049,ZU
2023/4/1 18:00,352,in,139.899,ZU
2023/4/1 18:00,419,in,2644.12,ZU
2023/4/1 18:00,434,out,981.279,ZU
2023/4/1 18:00,435,out,594.729,ZU
2023/4/1 18:00,436,out,1005.46,ZU
2023/4/1 18:00,346,out,329.629,ZU
2023/4/1 18:00,408,in,125.779,ZU
2023/4/1 18:00,93,out,49.3946,ZU
2023/4/1 18:00,293,in,12704.9,ZU
2023/4/1 18:00,373,out,3925.56,ZU
2023/4/1 18:00,377,in,2877.03,ZU
2023/4/1 18:00,378,in,1014.73,ZU
2023/4/1 18:00,458,out,27.569,ZU
2023/4/1 18:00,380,in,25.889,ZU
2023/4/1 18:00,401,out,34.099,ZU
2023/4/1 18:00,528,in,788.069,ZU
2023/4/1 18:00,532,out,796.759,ZU
2023/4/1 18:00,482,in,251.739,ZU
2023/4/1 18:00,525,out,255.309,ZU
2023/4/1 18:00,287,out,29.439,ZU
2023/4/1 18:00,300,out,40.829,ZU
2023/4/1 18:00,308,in,48.709,ZU
2023/4/1 18:00,322,in,0,ZU
2023/4/1 18:00,379,in,28.419,ZU
2023/4/1 18:00,395,out,28.419,ZU
2023/4/1 18:00,289,out,1416.63,ZU
2023/4/1 18:00,302,out,2602.44,ZU
2023/4/1 18:00,451,in,1179.5,ZU
2023/4/1 18:00,452,in,2767.99,ZU
2023/4/1 18:00,524,out,265.229,ZU
2023/4/1 18:00,629,in,25.9005,ZU
2023/4/1 18:00,494,out,2939.18,ZU
2023/4/1 18:00,503,out,2780.64,ZU
2023/4/1 18:00,514,in,5720.61,ZU
2023/4/1 18:00,343,out,256.069,ZU
2023/4/1 18:00,344,out,202.189,ZU
2023/4/1 18:00,348,out,160.899,ZU
2023/4/1 18:00,354,in,95.139,ZU
2023/4/1 18:00,362,out,52.619,ZU
2023/4/1 18:00,411,out,147.679,ZU
2023/4/1 18:00,492,out,131.659,ZU
2023/4/1 18:00,502,out,276.659,ZU
2023/4/1 18:00,623,in,3118.69,ZU
2023/4/1 18:00,402,out,650.109,ZU
2023/4/1 18:00,405,in,648.319,ZU
2023/4/1 18:00,527,in,1712.68,ZU
2023/4/1 18:00,531,out,1719.05,ZU
2023/4/1 18:00,690,out,134.142,ZU
2023/4/1 18:00,691,out,84.4445,ZU
2023/4/1 18:00,692,out,60.4761,ZU
2023/4/1 18:00,81,out,55.1786,ZU
2023/4/1 18:00,81,out,42.2023,ZU
2023/4/1 18:00,81,out,80.6257,ZU
2023/4/1 18:00,279,in,10854.7,ZU
2023/4/1 18:00,595,out,563.049,ZU
2023/4/1 18:00,134,out,5739.98,ZU
2023/4/1 18:00,543,out,180.609,ZU
2023/4/1 18:00,552,out,196.909,ZU
2023/4/1 18:00,558,out,183.899,ZU
2023/4/1 18:00,575,out,81.639,ZU
2023/4/1 18:00,594,in,563.049,ZU
2023/4/1 18:00,397,out,1891.93,ZU
2023/4/1 18:00,523,out,924.869,ZU
2023/4/1 18:00,606,out,222.002,ZU
2023/4/1 18:00,621,in,875.613,ZU
2023/4/1 18:00,117,out,165.039,ZU
2023/4/1 18:00,284,out,755.759,ZU
2023/4/1 18:00,297,out,962.209,ZU
2023/4/1 18:00,443,in,257.679,ZU
2023/4/1 18:00,444,in,1475.33,ZU
2023/4/1 18:00,366,in,2587.09,ZU
2023/4/1 18:00,404,out,319.669,ZU
2023/4/1 18:00,641,out,1310.87,ZU
2023/4/1 18:00,668,in,96.9122,ZU
2023/4/1 18:00,118,out,194.646,ZU
2023/4/1 18:00,108,out,3427.16,ZU
2023/4/1 18:00,617,out,1218.44,ZU
2023/4/1 18:00,120,out,655.669,ZU
2023/4/1 18:00,109,out,2823.53,ZU
2023/4/1 18:00,115,out,1030.23,ZU
2023/4/1 18:00,422,out,3077.09,ZU
2023/4/1 18:00,437,out,700.139,ZU
2023/4/1 18:00,438,out,744.179,ZU
2023/4/1 18:00,447,out,1698.68,ZU
2023/4/1 18:00,456,out,0,ZU
2023/4/1 18:00,457,out,1621.65,ZU
2023/4/1 18:00,469,in,198.179,ZU
2023/4/1 18:00,644,out,63.1763,ZU
2023/4/1 18:00,88,out,56.1618,ZU
2023/4/1 18:00,650,out,237.16,ZU
2023/4/1 18:00,627,in,61.6037,ZU
2023/4/1 18:00,85,out,81.6308,ZU
2023/4/1 18:00,82,out,0,ZU
2023/4/1 18:00,599,out,304.896,ZU
2023/4/1 18:00,95,out,60.0028,ZU
2023/4/1 18:00,119,out,150.729,ZU
2023/4/1 18:00,83,out,353.068,ZU
2023/4/1 18:00,649,out,260.95,ZU
2023/4/1 18:00,89,out,107.493,ZU
2023/4/1 18:00,604,in,98.3227,ZU
2023/4/1 18:00,121,out,59.2066,ZU
2023/4/1 18:00,640,out,2587.77,ZU
2023/4/1 18:00,609,in,837.56,ZU
2023/4/1 18:00,652,in,1908.87,ZU
2023/4/1 18:00,658,in,3905.34,ZU
2023/4/1 18:00,521,out,1001.95,ZU
2023/4/1 18:00,318,out,1262.75,ZU
2023/4/1 18:00,332,out,1188.5,ZU
2023/4/1 18:00,711,in,7501.88,ZU
2023/4/1 18:00,533,out,0,ZU
2023/4/1 18:00,520,out,3056.13,ZU
2023/4/1 18:00,477,out,589.259,ZU
2023/4/1 18:00,478,out,1040.8,ZU
2023/4/1 18:00,620,in,3291.43,ZU
2023/4/1 18:00,410,out,728.939,ZU
2023/4/1 18:00,386,out,163.699,ZU
2023/4/1 18:00,345,out,81.319,ZU
2023/4/1 18:00,403,out,198.999,ZU
2023/4/1 18:00,102,in,127.914,ZU
2023/4/1 18:00,686,out,0,ZU
2023/4/1 18:00,80,out,0,ZU
2023/4/1 18:00,687,out,722.479,ZU
2023/4/1 18:00,127,out,722.479,ZU
2023/4/1 18:00,657,out,25.882,ZU
2023/4/1 18:00,122,out,25.882,ZU
2023/4/1 18:00,481,in,93.369,ZU
2023/4/1 18:00,642,out,151.718,ZU
2023/4/1 18:00,654,in,0,ZU
2023/4/1 18:00,542,in,0,ZU
2023/4/1 18:00,551,in,28.239,ZU
2023/4/1 18:00,560,in,31.749,ZU
2023/4/1 18:00,567,in,0,ZU
2023/4/1 18:00,574,in,28.639,ZU
2023/4/1 18:00,701,out,69.866,ZU
2023/4/1 18:00,356,in,28.019,ZU
2023/4/1 18:00,357,in,26.289,ZU
2023/4/1 18:00,368,in,80.759,ZU
2023/4/1 18:00,392,in,30.749,ZU
2023/4/1 18:00,449,in,146.309,ZU
2023/4/1 18:00,506,in,28.799,ZU
2023/4/1 18:00,683,out,13301.3,ZU
2023/4/1 18:00,598,in,26.4847,ZU
2023/4/1 18:00,605,in,0,ZU
2023/4/1 18:00,667,in,0,ZU
2023/4/1 18:00,517,in,46.259,ZU
2023/4/1 18:00,616,out,46.339,ZU
2023/4/1 18:00,516,in,223.609,ZU
2023/4/1 18:00,651,out,223.787,ZU
2023/4/1 18:00,407,in,138.349,ZU
2023/4/1 18:00,607,out,138.944,ZU
2023/4/1 18:00,615,out,1490.31,ZU
2023/4/1 18:00,612,in,1346.85,ZU
2023/4/1 18:00,618,out,31.3191,ZU
2023/4/1 18:00,614,out,4944.17,ZU
2023/4/1 18:00,611,in,1767.88,ZU
2023/4/1 18:00,608,out,136.149,ZU
2023/4/1 18:00,653,in,29.9338,ZU
2023/4/1 18:00,659,in,108.638,ZU
2023/4/1 18:00,639,out,661.646,ZU
2023/4/1 18:00,643,out,449.239,ZU
2023/4/1 18:00,600,out,594.303,ZU
2023/4/1 18:00,603,in,601.772,ZU
2023/4/1 18:00,645,out,480.057,ZU
2023/4/1 18:00,358,out,81.449,ZU
2023/4/1 18:00,665,out,2,ZU
2023/4/1 18:00,628,in,119.003,ZU
2023/4/1 18:00,689,out,2154.01,ZU
2023/4/1 18:00,679,in,2111.35,ZU
2023/4/1 18:00,655,out,29.9908,ZU
2023/4/1 18:00,633,in,29.9908,ZU
2023/4/1 18:00,656,out,1321.9,ZU
2023/4/1 18:00,699,in,1321.9,ZU
2023/4/1 18:00,672,out,0,ZU
2023/4/1 18:00,661,in,0,ZU
2023/4/1 18:00,669,out,585.119,ZU
2023/4/1 18:00,697,in,594.089,ZU
2023/4/1 18:00,670,out,0,ZU
2023/4/1 18:00,622,in,29.3108,ZU
2023/4/1 18:00,646,out,36.2575,ZU
2023/4/1 18:00,648,in,36.2575,ZU
2023/4/1 18:00,662,out,448.008,ZU
2023/4/1 18:00,700,in,448.008,ZU
2023/4/1 18:00,602,out,27.4239,ZU
2023/4/1 18:00,631,in,27.4239,ZU
2023/4/1 18:00,601,out,64.2184,ZU
2023/4/1 18:00,739,in,61.9592,ZU
2023/4/1 18:00,671,out,25.8907,ZU
2023/4/1 18:00,737,in,25.9096,ZU
2023/4/1 18:00,619,out,59.5769,ZU
2023/4/1 18:00,613,consume,59.5769,ZU
2023/4/1 18:00,664,out,0,ZU
2023/4/1 18:00,632,in,0,ZU
2023/4/1 18:00,347,out,467.389,ZU
2023/4/1 18:00,359,out,133.149,ZU
2023/4/1 18:00,526,out,181.509,ZU
2023/4/1 18:00,624,in,2244.79,ZU
2023/4/1 18:00,610,in,790.19,ZU
2023/4/1 18:00,597,in,493.802,ZU
2023/4/1 18:00,647,in,457.801,ZU
2023/4/1 18:00,279,in,10854.7,NODE
2023/4/1 18:00,280,in,248.439,NODE
2023/4/1 18:00,281,out,31.799,NODE
2023/4/1 18:00,282,out,148.689,NODE
2023/4/1 18:00,283,out,1635,NODE
2023/4/1 18:00,284,out,755.759,NODE
2023/4/1 18:00,285,out,1085.51,NODE
2023/4/1 18:00,286,out,744.029,NODE
2023/4/1 18:00,287,out,29.439,NODE
2023/4/1 18:00,288,out,540.349,NODE
2023/4/1 18:00,289,out,1416.63,NODE
2023/4/1 18:00,290,out,1375.84,NODE
2023/4/1 18:00,291,out,3572.99,NODE
2023/4/1 18:00,292,consume,50.789,NODE
2023/4/1 18:00,306,in,3502.61,NODE
2023/4/1 18:00,307,in,35.119,NODE
2023/4/1 18:00,308,in,48.709,NODE
2023/4/1 18:00,309,in,49.879,NODE
2023/4/1 18:00,310,in,0,NODE
2023/4/1 18:00,312,out,0,NODE
2023/4/1 18:00,313,out,222.049,NODE
2023/4/1 18:00,314,out,113.599,NODE
2023/4/1 18:00,315,out,396.329,NODE
2023/4/1 18:00,316,out,979.499,NODE
2023/4/1 18:00,317,out,696.849,NODE
2023/4/1 18:00,318,out,1262.75,NODE
2023/4/1 18:00,319,consume,101.119,NODE
2023/4/1 18:00,707,out,42.879,NODE
2023/4/1 18:00,351,in,148.999,NODE
2023/4/1 18:00,352,in,139.899,NODE
2023/4/1 18:00,353,in,185.779,NODE
2023/4/1 18:00,354,in,95.139,NODE
2023/4/1 18:00,355,in,32.419,NODE
2023/4/1 18:00,356,in,28.019,NODE
2023/4/1 18:00,357,in,26.289,NODE
2023/4/1 18:00,358,out,81.449,NODE
2023/4/1 18:00,359,out,133.149,NODE
2023/4/1 18:00,360,out,300.479,NODE
2023/4/1 18:00,361,out,30.949,NODE
2023/4/1 18:00,362,out,52.619,NODE
2023/4/1 18:00,363,out,32.009,NODE
2023/4/1 18:00,364,out,25.889,NODE
2023/4/1 18:00,334,in,164.139,NODE
2023/4/1 18:00,335,in,492.019,NODE
2023/4/1 18:00,336,in,256.099,NODE
2023/4/1 18:00,337,in,660.679,NODE
2023/4/1 18:00,338,in,89.259,NODE
2023/4/1 18:00,339,in,25.939,NODE
2023/4/1 18:00,340,in,0,NODE
2023/4/1 18:00,341,out,30.079,NODE
2023/4/1 18:00,342,out,175.879,NODE
2023/4/1 18:00,343,out,256.069,NODE
2023/4/1 18:00,344,out,202.189,NODE
2023/4/1 18:00,345,out,81.319,NODE
2023/4/1 18:00,346,out,329.629,NODE
2023/4/1 18:00,347,out,467.389,NODE
2023/4/1 18:00,348,out,160.899,NODE
2023/4/1 18:00,349,out,30.969,NODE
2023/4/1 18:00,350,out,0,NODE
2023/4/1 18:00,709,out,57.229,NODE
2023/4/1 18:00,293,in,12704.9,NODE
2023/4/1 18:00,294,out,32.629,NODE
2023/4/1 18:00,295,out,111.509,NODE
2023/4/1 18:00,296,out,1659.1,NODE
2023/4/1 18:00,297,out,962.209,NODE
2023/4/1 18:00,298,out,1646.19,NODE
2023/4/1 18:00,299,out,663.509,NODE
2023/4/1 18:00,300,out,40.829,NODE
2023/4/1 18:00,301,out,468.449,NODE
2023/4/1 18:00,302,out,2602.44,NODE
2023/4/1 18:00,303,out,1136.71,NODE
2023/4/1 18:00,304,out,3640.15,NODE
2023/4/1 18:00,305,consume,25.909,NODE
2023/4/1 18:00,320,in,3276.25,NODE
2023/4/1 18:00,321,in,38.209,NODE
2023/4/1 18:00,322,in,0,NODE
2023/4/1 18:00,323,in,45.199,NODE
2023/4/1 18:00,324,in,0,NODE
2023/4/1 18:00,326,out,0,NODE
2023/4/1 18:00,327,out,208.339,NODE
2023/4/1 18:00,328,out,107.189,NODE
2023/4/1 18:00,329,out,411.879,NODE
2023/4/1 18:00,330,out,969.299,NODE
2023/4/1 18:00,331,out,526.899,NODE
2023/4/1 18:00,332,out,1188.5,NODE
2023/4/1 18:00,333,consume,99.399,NODE
2023/4/1 18:00,708,out,51.069,NODE
2023/4/1 18:00,365,in,1263.53,NODE
2023/4/1 18:00,366,in,2587.09,NODE
2023/4/1 18:00,367,in,315.709,NODE
2023/4/1 18:00,368,in,80.759,NODE
2023/4/1 18:00,369,consume,30.169,NODE
2023/4/1 18:00,370,out,38.009,NODE
2023/4/1 18:00,371,out,38.919,NODE
2023/4/1 18:00,372,out,79.409,NODE
2023/4/1 18:00,373,out,3925.56,NODE
2023/4/1 18:00,374,out,0,NODE
2023/4/1 18:00,375,out,49.229,NODE
2023/4/1 18:00,376,out,0,NODE
2023/4/1 18:00,722,out,149.829,NODE
2023/4/1 18:00,377,in,2877.03,NODE
2023/4/1 18:00,378,in,1014.73,NODE
2023/4/1 18:00,379,in,28.419,NODE
2023/4/1 18:00,380,in,25.889,NODE
2023/4/1 18:00,381,out,156.439,NODE
2023/4/1 18:00,382,out,920.599,NODE
2023/4/1 18:00,383,out,1882.56,NODE
2023/4/1 18:00,384,out,186.179,NODE
2023/4/1 18:00,385,out,498.899,NODE
2023/4/1 18:00,386,out,163.699,NODE
2023/4/1 18:00,387,consume,196.229,NODE
2023/4/1 18:00,388,out,196.229,NODE
2023/4/1 18:00,392,in,30.749,NODE
2023/4/1 18:00,393,consume,47.319,NODE
2023/4/1 18:00,394,in,1894.98,NODE
2023/4/1 18:00,395,out,28.419,NODE
2023/4/1 18:00,396,out,38.419,NODE
2023/4/1 18:00,397,out,1891.93,NODE
2023/4/1 18:00,398,out,0,NODE
2023/4/1 18:00,400,in,1130.29,NODE
2023/4/1 18:00,401,out,34.099,NODE
2023/4/1 18:00,402,out,650.109,NODE
2023/4/1 18:00,403,out,198.999,NODE
2023/4/1 18:00,404,out,319.669,NODE
2023/4/1 18:00,405,in,648.319,NODE
2023/4/1 18:00,406,in,25.919,NODE
2023/4/1 18:00,407,in,138.349,NODE
2023/4/1 18:00,408,in,125.779,NODE
2023/4/1 18:00,409,out,32.079,NODE
2023/4/1 18:00,410,out,728.939,NODE
2023/4/1 18:00,411,out,147.679,NODE
2023/4/1 18:00,412,out,0,NODE
2023/4/1 18:00,413,out,0,NODE
2023/4/1 18:00,449,in,146.309,NODE
2023/4/1 18:00,450,consume,99.439,NODE
2023/4/1 18:00,451,in,1179.5,NODE
2023/4/1 18:00,452,in,2767.99,NODE
2023/4/1 18:00,453,out,501.029,NODE
2023/4/1 18:00,454,out,0,NODE
2023/4/1 18:00,455,out,1618.5,NODE
2023/4/1 18:00,456,out,0,NODE
2023/4/1 18:00,457,out,1621.65,NODE
2023/4/1 18:00,458,out,27.569,NODE
2023/4/1 18:00,459,out,0,NODE
2023/4/1 18:00,460,out,244.509,NODE
2023/4/1 18:00,461,out,54.839,NODE
2023/4/1 18:00,462,out,70.589,NODE
2023/4/1 18:00,463,out,0,NODE
2023/4/1 18:00,464,out,26.529,NODE
2023/4/1 18:00,465,out,41.659,NODE
2023/4/1 18:00,723,out,65.879,NODE
2023/4/1 18:00,414,in,3223.81,NODE
2023/4/1 18:00,415,in,0,NODE
2023/4/1 18:00,416,in,371.819,NODE
2023/4/1 18:00,417,in,85.649,NODE
2023/4/1 18:00,418,consume,47.359,NODE
2023/4/1 18:00,419,in,2644.12,NODE
2023/4/1 18:00,420,out,328.979,NODE
2023/4/1 18:00,421,out,2288.14,NODE
2023/4/1 18:00,422,out,3077.09,NODE
2023/4/1 18:00,423,out,542.299,NODE
2023/4/1 18:00,424,out,46.719,NODE
2023/4/1 18:00,425,out,27.819,NODE
2023/4/1 18:00,426,out,0,NODE
2023/4/1 18:00,427,out,37.569,NODE
2023/4/1 18:00,724,out,78.349,NODE
2023/4/1 18:00,428,in,105.589,NODE
2023/4/1 18:00,429,consume,72.579,NODE
2023/4/1 18:00,430,in,1157.66,NODE
2023/4/1 18:00,431,in,2791.46,NODE
2023/4/1 18:00,432,out,56.979,NODE
2023/4/1 18:00,433,out,55.209,NODE
2023/4/1 18:00,434,out,981.279,NODE
2023/4/1 18:00,435,out,594.729,NODE
2023/4/1 18:00,436,out,1005.46,NODE
2023/4/1 18:00,437,out,700.139,NODE
2023/4/1 18:00,438,out,744.179,NODE
2023/4/1 18:00,439,out,0,NODE
2023/4/1 18:00,440,out,0,NODE
2023/4/1 18:00,725,out,43.809,NODE
2023/4/1 18:00,441,consume,33.569,NODE
2023/4/1 18:00,442,in,31.189,NODE
2023/4/1 18:00,443,in,257.679,NODE
2023/4/1 18:00,444,in,1475.33,NODE
2023/4/1 18:00,445,out,0,NODE
2023/4/1 18:00,446,out,39.549,NODE
2023/4/1 18:00,447,out,1698.68,NODE
2023/4/1 18:00,466,in,36.109,NODE
2023/4/1 18:00,467,consume,0,NODE
2023/4/1 18:00,468,in,653.589,NODE
2023/4/1 18:00,469,in,198.179,NODE
2023/4/1 18:00,470,out,41.979,NODE
2023/4/1 18:00,471,out,819.779,NODE
2023/4/1 18:00,472,out,0,NODE
2023/4/1 18:00,473,out,0,NODE
2023/4/1 18:00,474,in,1302.47,NODE
2023/4/1 18:00,475,in,328.979,NODE
2023/4/1 18:00,476,in,0,NODE
2023/4/1 18:00,477,out,589.259,NODE
2023/4/1 18:00,478,out,1040.8,NODE
2023/4/1 18:00,505,in,4199.98,NODE
2023/4/1 18:00,506,in,28.799,NODE
2023/4/1 18:00,507,in,138.299,NODE
2023/4/1 18:00,508,consume,90.219,NODE
2023/4/1 18:00,509,out,649.689,NODE
2023/4/1 18:00,510,out,3523.01,NODE
2023/4/1 18:00,511,out,49.739,NODE
2023/4/1 18:00,512,out,170.519,NODE
2023/4/1 18:00,513,out,0,NODE
2023/4/1 18:00,489,in,3420.6,NODE
2023/4/1 18:00,490,in,36.439,NODE
2023/4/1 18:00,491,consume,206.889,NODE
2023/4/1 18:00,492,out,131.659,NODE
2023/4/1 18:00,493,out,132.319,NODE
2023/4/1 18:00,494,out,2939.18,NODE
2023/4/1 18:00,495,out,0,NODE
2023/4/1 18:00,496,out,305.639,NODE
2023/4/1 18:00,497,in,3509.6,NODE
2023/4/1 18:00,498,in,36.069,NODE
2023/4/1 18:00,499,consume,199.169,NODE
2023/4/1 18:00,500,out,128.029,NODE
2023/4/1 18:00,501,out,412.099,NODE
2023/4/1 18:00,502,out,276.659,NODE
2023/4/1 18:00,503,out,2780.64,NODE
2023/4/1 18:00,504,out,0,NODE
2023/4/1 18:00,479,in,106.119,NODE
2023/4/1 18:00,480,in,496.719,NODE
2023/4/1 18:00,481,in,93.369,NODE
2023/4/1 18:00,482,in,251.739,NODE
2023/4/1 18:00,483,in,591.789,NODE
2023/4/1 18:00,484,out,358.409,NODE
2023/4/1 18:00,485,out,0,NODE
2023/4/1 18:00,486,out,626.669,NODE
2023/4/1 18:00,487,out,502.899,NODE
2023/4/1 18:00,488,out,0,NODE
2023/4/1 18:00,710,out,33.859,NODE
2023/4/1 18:00,514,in,5720.61,NODE
2023/4/1 18:00,515,in,0,NODE
2023/4/1 18:00,516,in,223.609,NODE
2023/4/1 18:00,517,in,46.259,NODE
2023/4/1 18:00,518,in,93.469,NODE
2023/4/1 18:00,519,consume,467.069,NODE
2023/4/1 18:00,520,out,3056.13,NODE
2023/4/1 18:00,521,out,1001.95,NODE
2023/4/1 18:00,522,out,461.529,NODE
2023/4/1 18:00,523,out,924.869,NODE
2023/4/1 18:00,524,out,265.229,NODE
2023/4/1 18:00,525,out,255.309,NODE
2023/4/1 18:00,526,out,181.509,NODE
2023/4/1 18:00,527,in,1712.68,NODE
2023/4/1 18:00,528,in,788.069,NODE
2023/4/1 18:00,529,in,0,NODE
2023/4/1 18:00,530,in,0,NODE
2023/4/1 18:00,531,out,1719.05,NODE
2023/4/1 18:00,532,out,796.759,NODE
2023/4/1 18:00,533,out,0,NODE
2023/4/1 18:00,534,out,0,NODE
2023/4/1 18:00,539,in,0,NODE
2023/4/1 18:00,541,consume,36.179,NODE
2023/4/1 18:00,542,in,0,NODE
2023/4/1 18:00,543,out,180.609,NODE
2023/4/1 18:00,544,out,0,NODE
2023/4/1 18:00,715,in,182.199,NODE
2023/4/1 18:00,726,consume,182.299,NODE
2023/4/1 18:00,549,in,0,NODE
2023/4/1 18:00,550,consume,36.529,NODE
2023/4/1 18:00,551,in,28.239,NODE
2023/4/1 18:00,552,out,196.909,NODE
2023/4/1 18:00,720,in,198.569,NODE
2023/4/1 18:00,728,consume,194.819,NODE
2023/4/1 18:00,556,in,26.059,NODE
2023/4/1 18:00,558,out,183.899,NODE
2023/4/1 18:00,559,consume,35.439,NODE
2023/4/1 18:00,560,in,31.749,NODE
2023/4/1 18:00,561,out,80.699,NODE
2023/4/1 18:00,719,in,240.129,NODE
2023/4/1 18:00,729,consume,180.289,NODE
2023/4/1 18:00,565,in,0,NODE
2023/4/1 18:00,566,consume,0,NODE
2023/4/1 18:00,567,in,0,NODE
2023/4/1 18:00,568,out,26.019,NODE
2023/4/1 18:00,721,in,0,NODE
2023/4/1 18:00,730,consume,0,NODE
2023/4/1 18:00,572,in,0,NODE
2023/4/1 18:00,573,consume,29.259,NODE
2023/4/1 18:00,574,in,28.639,NODE
2023/4/1 18:00,575,out,81.639,NODE
2023/4/1 18:00,714,in,83.139,NODE
2023/4/1 18:00,731,consume,78.749,NODE
2023/4/1 18:00,576,in,1826.4,NODE
2023/4/1 18:00,578,in,2305.7,NODE
2023/4/1 18:00,579,out,34.799,NODE
2023/4/1 18:00,580,out,0,NODE
2023/4/1 18:00,581,out,1470.05,NODE
2023/4/1 18:00,716,out,95.339,NODE
2023/4/1 18:00,582,in,4044.13,NODE
2023/4/1 18:00,584,out,191.479,NODE
2023/4/1 18:00,585,out,1785.21,NODE
2023/4/1 18:00,586,in,8865.82,NODE
2023/4/1 18:00,587,out,422.319,NODE
2023/4/1 18:00,588,out,7705.98,NODE
2023/4/1 18:00,589,in,5174.24,NODE
2023/4/1 18:00,590,in,8710.78,NODE
2023/4/1 18:00,591,out,137.139,NODE
2023/4/1 18:00,592,out,5439.63,NODE
2023/4/1 18:00,593,out,8944.55,NODE
2023/4/1 18:00,717,out,91.149,NODE
2023/4/1 18:00,594,in,563.049,NODE
2023/4/1 18:00,595,out,563.049,NODE
2023/4/1 18:00,638,out,768.25,NODE
2023/4/1 18:00,639,out,343.763,NODE
2023/4/1 18:00,640,out,1306.82,NODE
2023/4/1 18:00,641,out,668.375,NODE
2023/4/1 18:00,642,out,88.7983,NODE
2023/4/1 18:00,643,out,449.239,NODE
2023/4/1 18:00,644,out,63.1763,NODE
2023/4/1 18:00,645,out,480.057,NODE
2023/4/1 18:00,646,out,36.2575,NODE
2023/4/1 18:00,739,in,61.9592,NODE
2023/4/1 18:00,737,in,25.9096,NODE
2023/4/1 18:00,620,in,1658.65,NODE
2023/4/1 18:00,621,in,450.746,NODE
2023/4/1 18:00,622,in,29.3108,NODE
2023/4/1 18:00,623,in,1056.82,NODE
2023/4/1 18:00,624,in,765.515,NODE
2023/4/1 18:00,627,in,61.6037,NODE
2023/4/1 18:00,628,in,72.441,NODE
2023/4/1 18:00,629,in,25.9005,NODE
2023/4/1 18:00,631,in,27.4239,NODE
2023/4/1 18:00,632,in,0,NODE
2023/4/1 18:00,633,in,29.9908,NODE
2023/4/1 18:00,718,in,0,NODE
2023/4/1 18:00,626,consume,-136.167,NODE
2023/4/1 18:00,599,out,165.387,NODE
2023/4/1 18:00,600,out,310.091,NODE
2023/4/1 18:00,601,out,64.2184,NODE
2023/4/1 18:00,602,out,27.4239,NODE
2023/4/1 18:00,597,in,493.802,NODE
2023/4/1 18:00,598,in,26.4847,NODE
2023/4/1 18:00,606,out,222.002,NODE
2023/4/1 18:00,607,out,138.944,NODE
2023/4/1 18:00,608,out,81.0141,NODE
2023/4/1 18:00,603,in,313.825,NODE
2023/4/1 18:00,604,in,98.3227,NODE
2023/4/1 18:00,605,in,0,NODE
2023/4/1 18:00,614,out,1255.45,NODE
2023/4/1 18:00,615,out,1490.31,NODE
2023/4/1 18:00,616,out,46.339,NODE
2023/4/1 18:00,617,out,622.159,NODE
2023/4/1 18:00,618,out,31.3191,NODE
2023/4/1 18:00,619,out,59.5769,NODE
2023/4/1 18:00,609,in,296.439,NODE
2023/4/1 18:00,610,in,790.19,NODE
2023/4/1 18:00,611,in,896.878,NODE
2023/4/1 18:00,612,in,1346.85,NODE
2023/4/1 18:00,613,consume,59.5769,NODE
2023/4/1 18:00,649,out,143.414,NODE
2023/4/1 18:00,650,out,131.52,NODE
2023/4/1 18:00,651,out,223.787,NODE
2023/4/1 18:00,647,in,457.801,NODE
2023/4/1 18:00,648,in,36.2575,NODE
2023/4/1 18:00,655,out,29.9908,NODE
2023/4/1 18:00,656,out,492.165,NODE
2023/4/1 18:00,657,out,25.882,NODE
2023/4/1 18:00,652,in,496.626,NODE
2023/4/1 18:00,653,in,27.9064,NODE
2023/4/1 18:00,654,in,0,NODE
2023/4/1 18:00,662,out,1028.86,NODE
2023/4/1 18:00,664,out,0,NODE
2023/4/1 18:00,665,out,2,NODE
2023/4/1 18:00,658,in,995.745,NODE
2023/4/1 18:00,659,in,67.2584,NODE
2023/4/1 18:00,661,in,0,NODE
2023/4/1 18:00,669,out,0,NODE
2023/4/1 18:00,670,out,0,NODE
2023/4/1 18:00,671,out,25.8907,NODE
2023/4/1 18:00,672,out,0,NODE
2023/4/1 18:00,667,in,0,NODE
2023/4/1 18:00,668,in,43.6373,NODE
2023/4/1 18:00,681,out,1522.1,NODE
2023/4/1 18:00,682,out,280.367,NODE
2023/4/1 18:00,683,out,1500.93,NODE
2023/4/1 18:00,684,out,134.788,NODE
2023/4/1 18:00,685,out,293.326,NODE
2023/4/1 18:00,686,out,0,NODE
2023/4/1 18:00,687,out,722.479,NODE
2023/4/1 18:00,679,in,2111.35,NODE
2023/4/1 18:00,712,in,473.879,NODE
2023/4/1 18:00,711,in,3763.88,NODE
2023/4/1 18:00,689,out,2154.01,NODE
2023/4/1 18:00,690,out,134.142,NODE
2023/4/1 18:00,691,out,84.4445,NODE
2023/4/1 18:00,692,out,60.4761,NODE
2023/4/1 18:00,701,out,34.6764,NODE
2023/4/1 18:00,699,in,1321.9,NODE
2023/4/1 18:00,700,in,448.008,NODE
2023/4/1 18:00,697,in,594.089,NODE
2023/4/1 18:00,102,in,127.914,NODE
2023/4/1 18:00,129,in,901.879,NODE
2023/4/1 18:00,80,out,0,NODE
2023/4/1 18:00,81,out,80.6257,NODE
2023/4/1 18:00,81,out,42.2023,NODE
2023/4/1 18:00,81,out,55.1786,NODE
2023/4/1 18:00,82,out,0,NODE
2023/4/1 18:00,83,out,353.068,NODE
2023/4/1 18:00,85,out,81.6308,NODE
2023/4/1 18:00,88,out,56.1618,NODE
2023/4/1 18:00,89,out,107.493,NODE
2023/4/1 18:00,93,out,49.3946,NODE
2023/4/1 18:00,95,out,60.0028,NODE
2023/4/1 18:00,108,out,3427.16,NODE
2023/4/1 18:00,109,out,2823.53,NODE
2023/4/1 18:00,115,out,1030.23,NODE
2023/4/1 18:00,117,out,165.039,NODE
2023/4/1 18:00,118,out,194.646,NODE
2023/4/1 18:00,119,out,150.729,NODE
2023/4/1 18:00,120,out,655.669,NODE
2023/4/1 18:00,121,out,59.2066,NODE
2023/4/1 18:00,122,out,25.882,NODE
2023/4/1 18:00,127,out,722.479,NODE
2023/4/1 18:00,134,out,5739.98,NODE
2023/4/2 6:00,334,in,168.839,ZU
2023/4/2 6:00,370,out,38.129,ZU
2023/4/2 6:00,425,out,27.949,ZU
2023/4/2 6:00,433,out,55.029,ZU
2023/4/2 6:00,445,out,0,ZU
2023/4/2 6:00,461,out,54.579,ZU
2023/4/2 6:00,470,out,42.899,ZU
2023/4/2 6:00,511,out,50.699,ZU
2023/4/2 6:00,335,in,620.699,ZU
2023/4/2 6:00,423,out,539.329,ZU
2023/4/2 6:00,460,out,262.329,ZU
2023/4/2 6:00,280,in,249.459,ZU
2023/4/2 6:00,349,out,30.969,ZU
2023/4/2 6:00,363,out,32.009,ZU
2023/4/2 6:00,372,out,78.419,ZU
2023/4/2 6:00,472,out,0,ZU
2023/4/2 6:00,512,out,170.749,ZU
2023/4/2 6:00,712,in,597.879,ZU
2023/4/2 6:00,129,in,2857.88,ZU
2023/4/2 6:00,292,consume,50.609,ZU
2023/4/2 6:00,305,consume,25.919,ZU
2023/4/2 6:00,319,consume,100.969,ZU
2023/4/2 6:00,333,consume,99.359,ZU
2023/4/2 6:00,342,out,284.589,ZU
2023/4/2 6:00,360,out,303.719,ZU
2023/4/2 6:00,369,consume,30.149,ZU
2023/4/2 6:00,393,consume,40.479,ZU
2023/4/2 6:00,396,out,36.219,ZU
2023/4/2 6:00,409,out,31.839,ZU
2023/4/2 6:00,418,consume,47.779,ZU
2023/4/2 6:00,429,consume,71.969,ZU
2023/4/2 6:00,441,consume,33.309,ZU
2023/4/2 6:00,450,consume,100.039,ZU
2023/4/2 6:00,491,consume,205.279,ZU
2023/4/2 6:00,499,consume,197.699,ZU
2023/4/2 6:00,508,consume,89.469,ZU
2023/4/2 6:00,519,consume,470.559,ZU
2023/4/2 6:00,541,consume,36.169,ZU
2023/4/2 6:00,550,consume,36.259,ZU
2023/4/2 6:00,559,consume,35.429,ZU
2023/4/2 6:00,573,consume,29.139,ZU
2023/4/2 6:00,638,out,1546.5,ZU
2023/4/2 6:00,681,out,1536.6,ZU
2023/4/2 6:00,682,out,279.166,ZU
2023/4/2 6:00,626,consume,-162.393,ZU
2023/4/2 6:00,453,out,422.319,ZU
2023/4/2 6:00,474,in,1075.71,ZU
2023/4/2 6:00,493,out,131.999,ZU
2023/4/2 6:00,500,out,130.139,ZU
2023/4/2 6:00,509,out,625.949,ZU
2023/4/2 6:00,361,out,30.849,ZU
2023/4/2 6:00,544,out,0,ZU
2023/4/2 6:00,561,out,83.179,ZU
2023/4/2 6:00,579,out,35.489,ZU
2023/4/2 6:00,584,out,193.469,ZU
2023/4/2 6:00,587,out,418.819,ZU
2023/4/2 6:00,591,out,141.329,ZU
2023/4/2 6:00,707,out,41.349,ZU
2023/4/2 6:00,708,out,54.379,ZU
2023/4/2 6:00,709,out,59.909,ZU
2023/4/2 6:00,710,out,33.699,ZU
2023/4/2 6:00,714,in,81.379,ZU
2023/4/2 6:00,715,in,187.879,ZU
2023/4/2 6:00,716,out,62.929,ZU
2023/4/2 6:00,717,out,90.939,ZU
2023/4/2 6:00,719,in,253.879,ZU
2023/4/2 6:00,720,in,197.879,ZU
2023/4/2 6:00,721,in,0,ZU
2023/4/2 6:00,722,out,177.119,ZU
2023/4/2 6:00,723,out,65.879,ZU
2023/4/2 6:00,724,out,77.739,ZU
2023/4/2 6:00,725,out,42.999,ZU
2023/4/2 6:00,684,out,558.737,ZU
2023/4/2 6:00,685,out,1361.49,ZU
2023/4/2 6:00,286,out,772.429,ZU
2023/4/2 6:00,384,out,188.429,ZU
2023/4/2 6:00,416,in,375.759,ZU
2023/4/2 6:00,282,out,149.419,ZU
2023/4/2 6:00,295,out,103.109,ZU
2023/4/2 6:00,336,in,261.549,ZU
2023/4/2 6:00,316,out,1222.88,ZU
2023/4/2 6:00,330,out,991.159,ZU
2023/4/2 6:00,385,out,524.239,ZU
2023/4/2 6:00,414,in,3235.96,ZU
2023/4/2 6:00,718,in,0,ZU
2023/4/2 6:00,338,in,88.859,ZU
2023/4/2 6:00,355,in,33.149,ZU
2023/4/2 6:00,421,out,2349.31,ZU
2023/4/2 6:00,455,out,1652.51,ZU
2023/4/2 6:00,489,in,3424.17,ZU
2023/4/2 6:00,497,in,3510.99,ZU
2023/4/2 6:00,510,out,3534.98,ZU
2023/4/2 6:00,339,in,25.939,ZU
2023/4/2 6:00,406,in,25.919,ZU
2023/4/2 6:00,417,in,88.799,ZU
2023/4/2 6:00,428,in,105.579,ZU
2023/4/2 6:00,442,in,31.139,ZU
2023/4/2 6:00,466,in,36.099,ZU
2023/4/2 6:00,484,out,358.399,ZU
2023/4/2 6:00,490,in,36.409,ZU
2023/4/2 6:00,498,in,36.049,ZU
2023/4/2 6:00,518,in,94.009,ZU
2023/4/2 6:00,539,in,0,ZU
2023/4/2 6:00,549,in,25.889,ZU
2023/4/2 6:00,556,in,25.949,ZU
2023/4/2 6:00,572,in,0,ZU
2023/4/2 6:00,420,out,313.319,ZU
2023/4/2 6:00,475,in,313.319,ZU
2023/4/2 6:00,371,out,38.939,ZU
2023/4/2 6:00,424,out,60.909,ZU
2023/4/2 6:00,432,out,56.729,ZU
2023/4/2 6:00,462,out,70.339,ZU
2023/4/2 6:00,479,in,105.999,ZU
2023/4/2 6:00,337,in,656.409,ZU
2023/4/2 6:00,486,out,618.769,ZU
2023/4/2 6:00,281,out,30.859,ZU
2023/4/2 6:00,294,out,33.139,ZU
2023/4/2 6:00,307,in,35.449,ZU
2023/4/2 6:00,321,in,38.729,ZU
2023/4/2 6:00,483,in,591.839,ZU
2023/4/2 6:00,496,out,327.039,ZU
2023/4/2 6:00,501,out,311.919,ZU
2023/4/2 6:00,351,in,159.219,ZU
2023/4/2 6:00,381,out,165.529,ZU
2023/4/2 6:00,314,out,113.419,ZU
2023/4/2 6:00,328,out,110.079,ZU
2023/4/2 6:00,382,out,930.579,ZU
2023/4/2 6:00,400,in,1145.44,ZU
2023/4/2 6:00,383,out,1857.75,ZU
2023/4/2 6:00,394,in,1698.98,ZU
2023/4/2 6:00,387,consume,174.169,ZU
2023/4/2 6:00,388,out,174.169,ZU
2023/4/2 6:00,327,out,209.119,ZU
2023/4/2 6:00,353,in,186.689,ZU
2023/4/2 6:00,283,out,1626.69,ZU
2023/4/2 6:00,296,out,1666.19,ZU
2023/4/2 6:00,309,in,49.879,ZU
2023/4/2 6:00,315,out,390.369,ZU
2023/4/2 6:00,323,in,45.209,ZU
2023/4/2 6:00,329,out,393.009,ZU
2023/4/2 6:00,468,in,667.909,ZU
2023/4/2 6:00,471,out,818.989,ZU
2023/4/2 6:00,505,in,4192.95,ZU
2023/4/2 6:00,285,out,1084.32,ZU
2023/4/2 6:00,288,out,537.789,ZU
2023/4/2 6:00,298,out,1647.48,ZU
2023/4/2 6:00,299,out,689.149,ZU
2023/4/2 6:00,301,out,470.409,ZU
2023/4/2 6:00,374,out,0,ZU
2023/4/2 6:00,430,in,1167.1,ZU
2023/4/2 6:00,431,in,2791.2,ZU
2023/4/2 6:00,291,out,3571.08,ZU
2023/4/2 6:00,304,out,3695.97,ZU
2023/4/2 6:00,306,in,3467.98,ZU
2023/4/2 6:00,320,in,3397.6,ZU
2023/4/2 6:00,290,out,1399.77,ZU
2023/4/2 6:00,303,out,1124.34,ZU
2023/4/2 6:00,317,out,643.559,ZU
2023/4/2 6:00,331,out,570.259,ZU
2023/4/2 6:00,365,in,1261.63,ZU
2023/4/2 6:00,367,in,313.849,ZU
2023/4/2 6:00,313,out,224.969,ZU
2023/4/2 6:00,352,in,140.159,ZU
2023/4/2 6:00,419,in,2677.37,ZU
2023/4/2 6:00,434,out,977.799,ZU
2023/4/2 6:00,435,out,572.569,ZU
2023/4/2 6:00,436,out,1017.46,ZU
2023/4/2 6:00,346,out,344.479,ZU
2023/4/2 6:00,408,in,104.619,ZU
2023/4/2 6:00,373,out,3925.28,ZU
2023/4/2 6:00,377,in,2865.88,ZU
2023/4/2 6:00,458,out,27.369,ZU
2023/4/2 6:00,380,in,25.889,ZU
2023/4/2 6:00,401,out,31.659,ZU
2023/4/2 6:00,528,in,789.559,ZU
2023/4/2 6:00,532,out,787.419,ZU
2023/4/2 6:00,482,in,246.889,ZU
2023/4/2 6:00,525,out,324.609,ZU
2023/4/2 6:00,287,out,29.589,ZU
2023/4/2 6:00,300,out,40.809,ZU
2023/4/2 6:00,308,in,40.879,ZU
2023/4/2 6:00,322,in,0,ZU
2023/4/2 6:00,379,in,27.359,ZU
2023/4/2 6:00,395,out,27.359,ZU
2023/4/2 6:00,289,out,1392.38,ZU
2023/4/2 6:00,302,out,2614.4,ZU
2023/4/2 6:00,451,in,1154.39,ZU
2023/4/2 6:00,452,in,2766.49,ZU
2023/4/2 6:00,524,out,273.639,ZU
2023/4/2 6:00,629,in,25.9007,ZU
2023/4/2 6:00,494,out,2874.01,ZU
2023/4/2 6:00,503,out,2977.92,ZU
2023/4/2 6:00,514,in,5717.22,ZU
2023/4/2 6:00,343,out,261.799,ZU
2023/4/2 6:00,344,out,199.279,ZU
2023/4/2 6:00,348,out,165.769,ZU
2023/4/2 6:00,354,in,99.399,ZU
2023/4/2 6:00,362,out,63.179,ZU
2023/4/2 6:00,411,out,150.639,ZU
2023/4/2 6:00,492,out,179.289,ZU
2023/4/2 6:00,502,out,178.819,ZU
2023/4/2 6:00,623,in,3118.71,ZU
2023/4/2 6:00,402,out,679.649,ZU
2023/4/2 6:00,405,in,677.729,ZU
2023/4/2 6:00,527,in,1694.77,ZU
2023/4/2 6:00,531,out,1719.32,ZU
2023/4/2 6:00,690,out,131.988,ZU
2023/4/2 6:00,691,out,83.961,ZU
2023/4/2 6:00,692,out,61.1404,ZU
2023/4/2 6:00,81,out,66.4923,ZU
2023/4/2 6:00,81,out,51.3241,ZU
2023/4/2 6:00,81,out,80.2247,ZU
2023/4/2 6:00,279,in,10842.4,ZU
2023/4/2 6:00,595,out,560.519,ZU
2023/4/2 6:00,134,out,468.679,ZU
2023/4/2 6:00,293,in,12820.8,ZU
2023/4/2 6:00,543,out,186.949,ZU
2023/4/2 6:00,552,out,197.199,ZU
2023/4/2 6:00,558,out,196.029,ZU
2023/4/2 6:00,575,out,80.929,ZU
2023/4/2 6:00,594,in,560.519,ZU
2023/4/2 6:00,397,out,1695.76,ZU
2023/4/2 6:00,410,out,734.269,ZU
2023/4/2 6:00,477,out,492.019,ZU
2023/4/2 6:00,478,out,896.339,ZU
2023/4/2 6:00,606,out,220.183,ZU
2023/4/2 6:00,620,in,3289.46,ZU
2023/4/2 6:00,621,in,449.559,ZU
2023/4/2 6:00,284,out,730.479,ZU
2023/4/2 6:00,297,out,994.609,ZU
2023/4/2 6:00,443,in,268.309,ZU
2023/4/2 6:00,444,in,1465.43,ZU
2023/4/2 6:00,404,out,316.689,ZU
2023/4/2 6:00,641,out,1391,ZU
2023/4/2 6:00,668,in,49.4803,ZU
2023/4/2 6:00,118,out,193.042,ZU
2023/4/2 6:00,422,out,3048.09,ZU
2023/4/2 6:00,437,out,694.589,ZU
2023/4/2 6:00,438,out,764.389,ZU
2023/4/2 6:00,447,out,1699.45,ZU
2023/4/2 6:00,456,out,0,ZU
2023/4/2 6:00,457,out,1627.72,ZU
2023/4/2 6:00,469,in,183.849,ZU
2023/4/2 6:00,604,in,165.423,ZU
2023/4/2 6:00,121,out,133.924,ZU
2023/4/2 6:00,366,in,2593.87,ZU
2023/4/2 6:00,119,out,148.543,ZU
2023/4/2 6:00,95,out,312.095,ZU
2023/4/2 6:00,120,out,470.253,ZU
2023/4/2 6:00,117,out,120.372,ZU
2023/4/2 6:00,378,in,1025.98,ZU
2023/4/2 6:00,83,out,36060.2,ZU
2023/4/2 6:00,82,out,331.969,ZU
2023/4/2 6:00,82,out,953.28,ZU
2023/4/2 6:00,106,out,992.377,ZU
2023/4/2 6:00,89,out,313.884,ZU
2023/4/2 6:00,93,out,210.073,ZU
2023/4/2 6:00,599,out,167.913,ZU
2023/4/2 6:00,644,out,61.2901,ZU
2023/4/2 6:00,88,out,265.443,ZU
2023/4/2 6:00,86,out,596.54,ZU
2023/4/2 6:00,108,out,608.481,ZU
2023/4/2 6:00,107,out,2093.16,ZU
2023/4/2 6:00,90,out,45.2135,ZU
2023/4/2 6:00,318,out,1035.28,ZU
2023/4/2 6:00,332,out,1257.05,ZU
2023/4/2 6:00,711,in,4555.88,ZU
2023/4/2 6:00,533,out,0,ZU
2023/4/2 6:00,520,out,3030.88,ZU
2023/4/2 6:00,386,out,162.839,ZU
2023/4/2 6:00,345,out,89.769,ZU
2023/4/2 6:00,403,out,189.789,ZU
2023/4/2 6:00,521,out,1002.38,ZU
2023/4/2 6:00,523,out,910.549,ZU
2023/4/2 6:00,133,in,44.0522,ZU
2023/4/2 6:00,102,in,228.06,ZU
2023/4/2 6:00,686,out,0,ZU
2023/4/2 6:00,80,out,0,ZU
2023/4/2 6:00,687,out,720.579,ZU
2023/4/2 6:00,127,out,720.579,ZU
2023/4/2 6:00,657,out,0,ZU
2023/4/2 6:00,122,out,0,ZU
2023/4/2 6:00,481,in,93.849,ZU
2023/4/2 6:00,642,out,152.727,ZU
2023/4/2 6:00,654,in,0,ZU
2023/4/2 6:00,542,in,0,ZU
2023/4/2 6:00,551,in,26.389,ZU
2023/4/2 6:00,560,in,31.849,ZU
2023/4/2 6:00,567,in,36.619,ZU
2023/4/2 6:00,574,in,28.809,ZU
2023/4/2 6:00,701,out,69.865,ZU
2023/4/2 6:00,356,in,27.999,ZU
2023/4/2 6:00,357,in,26.289,ZU
2023/4/2 6:00,368,in,81.039,ZU
2023/4/2 6:00,392,in,30.869,ZU
2023/4/2 6:00,449,in,144.999,ZU
2023/4/2 6:00,506,in,28.729,ZU
2023/4/2 6:00,683,out,13262.4,ZU
2023/4/2 6:00,598,in,26.479,ZU
2023/4/2 6:00,605,in,0,ZU
2023/4/2 6:00,667,in,0,ZU
2023/4/2 6:00,517,in,45.109,ZU
2023/4/2 6:00,616,out,45.17,ZU
2023/4/2 6:00,516,in,218.839,ZU
2023/4/2 6:00,651,out,218.949,ZU
2023/4/2 6:00,407,in,138.339,ZU
2023/4/2 6:00,607,out,138.53,ZU
2023/4/2 6:00,615,out,1492.81,ZU
2023/4/2 6:00,612,in,1346.01,ZU
2023/4/2 6:00,618,out,29.4059,ZU
2023/4/2 6:00,614,out,3643.88,ZU
2023/4/2 6:00,611,in,1780.42,ZU
2023/4/2 6:00,650,out,245.076,ZU
2023/4/2 6:00,627,in,65.5549,ZU
2023/4/2 6:00,643,out,454.903,ZU
2023/4/2 6:00,645,out,483.213,ZU
2023/4/2 6:00,639,out,356.892,ZU
2023/4/2 6:00,608,out,74.7327,ZU
2023/4/2 6:00,617,out,615.954,ZU
2023/4/2 6:00,600,out,599.114,ZU
2023/4/2 6:00,603,in,601.781,ZU
2023/4/2 6:00,649,out,144.402,ZU
2023/4/2 6:00,358,out,82.709,ZU
2023/4/2 6:00,665,out,1,ZU
2023/4/2 6:00,628,in,121.866,ZU
2023/4/2 6:00,640,out,2602.07,ZU
2023/4/2 6:00,609,in,561.449,ZU
2023/4/2 6:00,658,in,2996.5,ZU
2023/4/2 6:00,652,in,1437.75,ZU
2023/4/2 6:00,689,out,2275.48,ZU
2023/4/2 6:00,679,in,2229.8,ZU
2023/4/2 6:00,655,out,30.0441,ZU
2023/4/2 6:00,633,in,30.0441,ZU
2023/4/2 6:00,656,out,251.913,ZU
2023/4/2 6:00,699,in,251.913,ZU
2023/4/2 6:00,672,out,0,ZU
2023/4/2 6:00,661,in,0,ZU
2023/4/2 6:00,669,out,25.8765,ZU
2023/4/2 6:00,697,in,0,ZU
2023/4/2 6:00,670,out,0,ZU
2023/4/2 6:00,622,in,28.8859,ZU
2023/4/2 6:00,646,out,35.8574,ZU
2023/4/2 6:00,648,in,35.8574,ZU
2023/4/2 6:00,662,out,391.388,ZU
2023/4/2 6:00,700,in,263.879,ZU
2023/4/2 6:00,602,out,27.4032,ZU
2023/4/2 6:00,631,in,27.4032,ZU
2023/4/2 6:00,601,out,60.8627,ZU
2023/4/2 6:00,739,in,58.842,ZU
2023/4/2 6:00,671,out,25.8898,ZU
2023/4/2 6:00,737,in,25.9095,ZU
2023/4/2 6:00,619,out,59.3703,ZU
2023/4/2 6:00,613,consume,59.3703,ZU
2023/4/2 6:00,664,out,25.8899,ZU
2023/4/2 6:00,632,in,25.8899,ZU
2023/4/2 6:00,347,out,461.779,ZU
2023/4/2 6:00,359,out,134.549,ZU
2023/4/2 6:00,526,out,162.339,ZU
2023/4/2 6:00,624,in,2242.4,ZU
2023/4/2 6:00,610,in,773.29,ZU
2023/4/2 6:00,597,in,493.797,ZU
2023/4/2 6:00,647,in,457.797,ZU
2023/4/2 6:00,659,in,66.3038,ZU
2023/4/2 6:00,653,in,1,ZU
2023/4/2 6:00,279,in,10842.4,NODE
2023/4/2 6:00,280,in,249.459,NODE
2023/4/2 6:00,281,out,30.859,NODE
2023/4/2 6:00,282,out,149.419,NODE
2023/4/2 6:00,283,out,1626.69,NODE
2023/4/2 6:00,284,out,730.479,NODE
2023/4/2 6:00,285,out,1084.32,NODE
2023/4/2 6:00,286,out,772.429,NODE
2023/4/2 6:00,287,out,29.589,NODE
2023/4/2 6:00,288,out,537.789,NODE
2023/4/2 6:00,289,out,1392.38,NODE
2023/4/2 6:00,290,out,1399.77,NODE
2023/4/2 6:00,291,out,3571.08,NODE
2023/4/2 6:00,292,consume,50.609,NODE
2023/4/2 6:00,306,in,3467.98,NODE
2023/4/2 6:00,307,in,35.449,NODE
2023/4/2 6:00,308,in,40.879,NODE
2023/4/2 6:00,309,in,49.879,NODE
2023/4/2 6:00,310,in,0,NODE
2023/4/2 6:00,312,out,0,NODE
2023/4/2 6:00,313,out,224.969,NODE
2023/4/2 6:00,314,out,113.419,NODE
2023/4/2 6:00,315,out,390.369,NODE
2023/4/2 6:00,316,out,1222.88,NODE
2023/4/2 6:00,317,out,643.559,NODE
2023/4/2 6:00,318,out,1035.28,NODE
2023/4/2 6:00,319,consume,100.969,NODE
2023/4/2 6:00,707,out,41.349,NODE
2023/4/2 6:00,351,in,159.219,NODE
2023/4/2 6:00,352,in,140.159,NODE
2023/4/2 6:00,353,in,186.689,NODE
2023/4/2 6:00,354,in,99.399,NODE
2023/4/2 6:00,355,in,33.149,NODE
2023/4/2 6:00,356,in,27.999,NODE
2023/4/2 6:00,357,in,26.289,NODE
2023/4/2 6:00,358,out,82.709,NODE
2023/4/2 6:00,359,out,134.549,NODE
2023/4/2 6:00,360,out,303.719,NODE
2023/4/2 6:00,361,out,30.849,NODE
2023/4/2 6:00,362,out,63.179,NODE
2023/4/2 6:00,363,out,32.009,NODE
2023/4/2 6:00,364,out,25.889,NODE
2023/4/2 6:00,334,in,168.839,NODE
2023/4/2 6:00,335,in,620.699,NODE
2023/4/2 6:00,336,in,261.549,NODE
2023/4/2 6:00,337,in,656.409,NODE
2023/4/2 6:00,338,in,88.859,NODE
2023/4/2 6:00,339,in,25.939,NODE
2023/4/2 6:00,340,in,0,NODE
2023/4/2 6:00,341,out,27.469,NODE
2023/4/2 6:00,342,out,284.589,NODE
2023/4/2 6:00,343,out,261.799,NODE
2023/4/2 6:00,344,out,199.279,NODE
2023/4/2 6:00,345,out,89.769,NODE
2023/4/2 6:00,346,out,344.479,NODE
2023/4/2 6:00,347,out,461.779,NODE
2023/4/2 6:00,348,out,165.769,NODE
2023/4/2 6:00,349,out,30.969,NODE
2023/4/2 6:00,350,out,0,NODE
2023/4/2 6:00,709,out,59.909,NODE
2023/4/2 6:00,293,in,12820.8,NODE
2023/4/2 6:00,294,out,33.139,NODE
2023/4/2 6:00,295,out,103.109,NODE
2023/4/2 6:00,296,out,1666.19,NODE
2023/4/2 6:00,297,out,994.609,NODE
2023/4/2 6:00,298,out,1647.48,NODE
2023/4/2 6:00,299,out,689.149,NODE
2023/4/2 6:00,300,out,40.809,NODE
2023/4/2 6:00,301,out,470.409,NODE
2023/4/2 6:00,302,out,2614.4,NODE
2023/4/2 6:00,303,out,1124.34,NODE
2023/4/2 6:00,304,out,3695.97,NODE
2023/4/2 6:00,305,consume,25.919,NODE
2023/4/2 6:00,320,in,3397.6,NODE
2023/4/2 6:00,321,in,38.729,NODE
2023/4/2 6:00,322,in,0,NODE
2023/4/2 6:00,323,in,45.209,NODE
2023/4/2 6:00,324,in,0,NODE
2023/4/2 6:00,326,out,0,NODE
2023/4/2 6:00,327,out,209.119,NODE
2023/4/2 6:00,328,out,110.079,NODE
2023/4/2 6:00,329,out,393.009,NODE
2023/4/2 6:00,330,out,991.159,NODE
2023/4/2 6:00,331,out,570.259,NODE
2023/4/2 6:00,332,out,1257.05,NODE
2023/4/2 6:00,333,consume,99.359,NODE
2023/4/2 6:00,708,out,54.379,NODE
2023/4/2 6:00,365,in,1261.63,NODE
2023/4/2 6:00,366,in,2593.87,NODE
2023/4/2 6:00,367,in,313.849,NODE
2023/4/2 6:00,368,in,81.039,NODE
2023/4/2 6:00,369,consume,30.149,NODE
2023/4/2 6:00,370,out,38.129,NODE
2023/4/2 6:00,371,out,38.939,NODE
2023/4/2 6:00,372,out,78.419,NODE
2023/4/2 6:00,373,out,3925.28,NODE
2023/4/2 6:00,374,out,0,NODE
2023/4/2 6:00,375,out,26.509,NODE
2023/4/2 6:00,376,out,0,NODE
2023/4/2 6:00,722,out,177.119,NODE
2023/4/2 6:00,377,in,2865.88,NODE
2023/4/2 6:00,378,in,1025.98,NODE
2023/4/2 6:00,379,in,27.359,NODE
2023/4/2 6:00,380,in,25.889,NODE
2023/4/2 6:00,381,out,165.529,NODE
2023/4/2 6:00,382,out,930.579,NODE
2023/4/2 6:00,383,out,1857.75,NODE
2023/4/2 6:00,384,out,188.429,NODE
2023/4/2 6:00,385,out,524.239,NODE
2023/4/2 6:00,386,out,162.839,NODE
2023/4/2 6:00,387,consume,174.169,NODE
2023/4/2 6:00,388,out,174.169,NODE
2023/4/2 6:00,392,in,30.869,NODE
2023/4/2 6:00,393,consume,40.479,NODE
2023/4/2 6:00,394,in,1698.98,NODE
2023/4/2 6:00,395,out,27.359,NODE
2023/4/2 6:00,396,out,36.219,NODE
2023/4/2 6:00,397,out,1695.76,NODE
2023/4/2 6:00,398,out,0,NODE
2023/4/2 6:00,400,in,1145.44,NODE
2023/4/2 6:00,401,out,31.659,NODE
2023/4/2 6:00,402,out,679.649,NODE
2023/4/2 6:00,403,out,189.789,NODE
2023/4/2 6:00,404,out,316.689,NODE
2023/4/2 6:00,405,in,677.729,NODE
2023/4/2 6:00,406,in,25.919,NODE
2023/4/2 6:00,407,in,138.339,NODE
2023/4/2 6:00,408,in,104.619,NODE
2023/4/2 6:00,409,out,31.839,NODE
2023/4/2 6:00,410,out,734.269,NODE
2023/4/2 6:00,411,out,150.639,NODE
2023/4/2 6:00,412,out,0,NODE
2023/4/2 6:00,413,out,0,NODE
2023/4/2 6:00,449,in,144.999,NODE
2023/4/2 6:00,450,consume,100.039,NODE
2023/4/2 6:00,451,in,1154.39,NODE
2023/4/2 6:00,452,in,2766.49,NODE
2023/4/2 6:00,453,out,422.319,NODE
2023/4/2 6:00,454,out,0,NODE
2023/4/2 6:00,455,out,1652.51,NODE
2023/4/2 6:00,456,out,0,NODE
2023/4/2 6:00,457,out,1627.72,NODE
2023/4/2 6:00,458,out,27.369,NODE
2023/4/2 6:00,459,out,0,NODE
2023/4/2 6:00,460,out,262.329,NODE
2023/4/2 6:00,461,out,54.579,NODE
2023/4/2 6:00,462,out,70.339,NODE
2023/4/2 6:00,463,out,0,NODE
2023/4/2 6:00,464,out,26.269,NODE
2023/4/2 6:00,465,out,36.849,NODE
2023/4/2 6:00,723,out,65.879,NODE
2023/4/2 6:00,414,in,3235.96,NODE
2023/4/2 6:00,415,in,0,NODE
2023/4/2 6:00,416,in,375.759,NODE
2023/4/2 6:00,417,in,88.799,NODE
2023/4/2 6:00,418,consume,47.779,NODE
2023/4/2 6:00,419,in,2677.37,NODE
2023/4/2 6:00,420,out,313.319,NODE
2023/4/2 6:00,421,out,2349.31,NODE
2023/4/2 6:00,422,out,3048.09,NODE
2023/4/2 6:00,423,out,539.329,NODE
2023/4/2 6:00,424,out,60.909,NODE
2023/4/2 6:00,425,out,27.949,NODE
2023/4/2 6:00,426,out,0,NODE
2023/4/2 6:00,427,out,64.319,NODE
2023/4/2 6:00,724,out,77.739,NODE
2023/4/2 6:00,428,in,105.579,NODE
2023/4/2 6:00,429,consume,71.969,NODE
2023/4/2 6:00,430,in,1167.1,NODE
2023/4/2 6:00,431,in,2791.2,NODE
2023/4/2 6:00,432,out,56.729,NODE
2023/4/2 6:00,433,out,55.029,NODE
2023/4/2 6:00,434,out,977.799,NODE
2023/4/2 6:00,435,out,572.569,NODE
2023/4/2 6:00,436,out,1017.46,NODE
2023/4/2 6:00,437,out,694.589,NODE
2023/4/2 6:00,438,out,764.389,NODE
2023/4/2 6:00,439,out,0,NODE
2023/4/2 6:00,440,out,37.299,NODE
2023/4/2 6:00,725,out,42.999,NODE
2023/4/2 6:00,441,consume,33.309,NODE
2023/4/2 6:00,442,in,31.139,NODE
2023/4/2 6:00,443,in,268.309,NODE
2023/4/2 6:00,444,in,1465.43,NODE
2023/4/2 6:00,445,out,0,NODE
2023/4/2 6:00,446,out,39.529,NODE
2023/4/2 6:00,447,out,1699.45,NODE
2023/4/2 6:00,466,in,36.099,NODE
2023/4/2 6:00,467,consume,0,NODE
2023/4/2 6:00,468,in,667.909,NODE
2023/4/2 6:00,469,in,183.849,NODE
2023/4/2 6:00,470,out,42.899,NODE
2023/4/2 6:00,471,out,818.989,NODE
2023/4/2 6:00,472,out,0,NODE
2023/4/2 6:00,473,out,0,NODE
2023/4/2 6:00,474,in,1075.71,NODE
2023/4/2 6:00,475,in,313.319,NODE
2023/4/2 6:00,476,in,0,NODE
2023/4/2 6:00,477,out,492.019,NODE
2023/4/2 6:00,478,out,896.339,NODE
2023/4/2 6:00,505,in,4192.95,NODE
2023/4/2 6:00,506,in,28.729,NODE
2023/4/2 6:00,507,in,134.819,NODE
2023/4/2 6:00,508,consume,89.469,NODE
2023/4/2 6:00,509,out,625.949,NODE
2023/4/2 6:00,510,out,3534.98,NODE
2023/4/2 6:00,511,out,50.699,NODE
2023/4/2 6:00,512,out,170.749,NODE
2023/4/2 6:00,513,out,0,NODE
2023/4/2 6:00,489,in,3424.17,NODE
2023/4/2 6:00,490,in,36.409,NODE
2023/4/2 6:00,491,consume,205.279,NODE
2023/4/2 6:00,492,out,179.289,NODE
2023/4/2 6:00,493,out,131.999,NODE
2023/4/2 6:00,494,out,2874.01,NODE
2023/4/2 6:00,495,out,0,NODE
2023/4/2 6:00,496,out,327.039,NODE
2023/4/2 6:00,497,in,3510.99,NODE
2023/4/2 6:00,498,in,36.049,NODE
2023/4/2 6:00,499,consume,197.699,NODE
2023/4/2 6:00,500,out,130.139,NODE
2023/4/2 6:00,501,out,311.919,NODE
2023/4/2 6:00,502,out,178.819,NODE
2023/4/2 6:00,503,out,2977.92,NODE
2023/4/2 6:00,504,out,0,NODE
2023/4/2 6:00,479,in,105.999,NODE
2023/4/2 6:00,480,in,496.799,NODE
2023/4/2 6:00,481,in,93.849,NODE
2023/4/2 6:00,482,in,246.889,NODE
2023/4/2 6:00,483,in,591.839,NODE
2023/4/2 6:00,484,out,358.399,NODE
2023/4/2 6:00,485,out,0,NODE
2023/4/2 6:00,486,out,618.769,NODE
2023/4/2 6:00,487,out,505.109,NODE
2023/4/2 6:00,488,out,27.219,NODE
2023/4/2 6:00,710,out,33.699,NODE
2023/4/2 6:00,514,in,5717.22,NODE
2023/4/2 6:00,515,in,0,NODE
2023/4/2 6:00,516,in,218.839,NODE
2023/4/2 6:00,517,in,45.109,NODE
2023/4/2 6:00,518,in,94.009,NODE
2023/4/2 6:00,519,consume,470.559,NODE
2023/4/2 6:00,520,out,3030.88,NODE
2023/4/2 6:00,521,out,1002.38,NODE
2023/4/2 6:00,522,out,426.009,NODE
2023/4/2 6:00,523,out,910.549,NODE
2023/4/2 6:00,524,out,273.639,NODE
2023/4/2 6:00,525,out,324.609,NODE
2023/4/2 6:00,526,out,162.339,NODE
2023/4/2 6:00,527,in,1694.77,NODE
2023/4/2 6:00,528,in,789.559,NODE
2023/4/2 6:00,529,in,0,NODE
2023/4/2 6:00,530,in,0,NODE
2023/4/2 6:00,531,out,1719.32,NODE
2023/4/2 6:00,532,out,787.419,NODE
2023/4/2 6:00,533,out,0,NODE
2023/4/2 6:00,534,out,0,NODE
2023/4/2 6:00,539,in,0,NODE
2023/4/2 6:00,541,consume,36.169,NODE
2023/4/2 6:00,542,in,0,NODE
2023/4/2 6:00,543,out,186.949,NODE
2023/4/2 6:00,544,out,0,NODE
2023/4/2 6:00,715,in,187.879,NODE
2023/4/2 6:00,726,consume,184.959,NODE
2023/4/2 6:00,549,in,25.889,NODE
2023/4/2 6:00,550,consume,36.259,NODE
2023/4/2 6:00,551,in,26.389,NODE
2023/4/2 6:00,552,out,197.199,NODE
2023/4/2 6:00,720,in,197.879,NODE
2023/4/2 6:00,728,consume,204.059,NODE
2023/4/2 6:00,556,in,25.949,NODE
2023/4/2 6:00,558,out,196.029,NODE
2023/4/2 6:00,559,consume,35.429,NODE
2023/4/2 6:00,560,in,31.849,NODE
2023/4/2 6:00,561,out,83.179,NODE
2023/4/2 6:00,719,in,253.879,NODE
2023/4/2 6:00,729,consume,217.609,NODE
2023/4/2 6:00,565,in,0,NODE
2023/4/2 6:00,566,consume,0,NODE
2023/4/2 6:00,567,in,36.619,NODE
2023/4/2 6:00,568,out,25.919,NODE
2023/4/2 6:00,721,in,0,NODE
2023/4/2 6:00,730,consume,0,NODE
2023/4/2 6:00,572,in,0,NODE
2023/4/2 6:00,573,consume,29.139,NODE
2023/4/2 6:00,574,in,28.809,NODE
2023/4/2 6:00,575,out,80.929,NODE
2023/4/2 6:00,714,in,81.379,NODE
2023/4/2 6:00,731,consume,78.949,NODE
2023/4/2 6:00,576,in,1826.48,NODE
2023/4/2 6:00,578,in,2305.75,NODE
2023/4/2 6:00,579,out,35.489,NODE
2023/4/2 6:00,580,out,0,NODE
2023/4/2 6:00,581,out,1493.86,NODE
2023/4/2 6:00,716,out,62.929,NODE
2023/4/2 6:00,582,in,4044.28,NODE
2023/4/2 6:00,584,out,193.469,NODE
2023/4/2 6:00,585,out,1785.79,NODE
2023/4/2 6:00,586,in,8843.71,NODE
2023/4/2 6:00,587,out,418.819,NODE
2023/4/2 6:00,588,out,7707.22,NODE
2023/4/2 6:00,589,in,5241.99,NODE
2023/4/2 6:00,590,in,8684.68,NODE
2023/4/2 6:00,591,out,141.329,NODE
2023/4/2 6:00,592,out,5457.88,NODE
2023/4/2 6:00,593,out,8942.71,NODE
2023/4/2 6:00,717,out,90.939,NODE
2023/4/2 6:00,594,in,560.519,NODE
2023/4/2 6:00,595,out,560.519,NODE
2023/4/2 6:00,638,out,786.187,NODE
2023/4/2 6:00,639,out,356.892,NODE
2023/4/2 6:00,640,out,1313.97,NODE
2023/4/2 6:00,641,out,708.442,NODE
2023/4/2 6:00,642,out,89.3031,NODE
2023/4/2 6:00,643,out,454.903,NODE
2023/4/2 6:00,644,out,61.2901,NODE
2023/4/2 6:00,645,out,483.213,NODE
2023/4/2 6:00,646,out,35.8574,NODE
2023/4/2 6:00,739,in,58.842,NODE
2023/4/2 6:00,737,in,25.9095,NODE
2023/4/2 6:00,620,in,1657.67,NODE
2023/4/2 6:00,621,in,449.559,NODE
2023/4/2 6:00,622,in,28.8859,NODE
2023/4/2 6:00,623,in,1056.82,NODE
2023/4/2 6:00,624,in,764.719,NODE
2023/4/2 6:00,627,in,65.5549,NODE
2023/4/2 6:00,628,in,73.8727,NODE
2023/4/2 6:00,629,in,25.9007,NODE
2023/4/2 6:00,631,in,27.4032,NODE
2023/4/2 6:00,632,in,25.8899,NODE
2023/4/2 6:00,633,in,30.0441,NODE
2023/4/2 6:00,718,in,0,NODE
2023/4/2 6:00,626,consume,-162.393,NODE
2023/4/2 6:00,599,out,167.913,NODE
2023/4/2 6:00,600,out,312.496,NODE
2023/4/2 6:00,601,out,60.8627,NODE
2023/4/2 6:00,602,out,27.4032,NODE
2023/4/2 6:00,597,in,493.797,NODE
2023/4/2 6:00,598,in,26.479,NODE
2023/4/2 6:00,606,out,220.183,NODE
2023/4/2 6:00,607,out,138.53,NODE
2023/4/2 6:00,608,out,74.7327,NODE
2023/4/2 6:00,603,in,313.83,NODE
2023/4/2 6:00,604,in,95.651,NODE
2023/4/2 6:00,605,in,0,NODE
2023/4/2 6:00,614,out,1231.88,NODE
2023/4/2 6:00,615,out,1492.81,NODE
2023/4/2 6:00,616,out,45.17,NODE
2023/4/2 6:00,617,out,615.954,NODE
2023/4/2 6:00,618,out,29.4059,NODE
2023/4/2 6:00,619,out,59.3703,NODE
2023/4/2 6:00,609,in,293.664,NODE
2023/4/2 6:00,610,in,773.29,NODE
2023/4/2 6:00,611,in,903.152,NODE
2023/4/2 6:00,612,in,1346.01,NODE
2023/4/2 6:00,613,consume,59.3703,NODE
2023/4/2 6:00,649,out,144.402,NODE
2023/4/2 6:00,650,out,135.477,NODE
2023/4/2 6:00,651,out,218.949,NODE
2023/4/2 6:00,647,in,457.797,NODE
2023/4/2 6:00,648,in,35.8574,NODE
2023/4/2 6:00,655,out,30.0441,NODE
2023/4/2 6:00,656,out,477.676,NODE
2023/4/2 6:00,657,out,0,NODE
2023/4/2 6:00,652,in,496.504,NODE
2023/4/2 6:00,653,in,1,NODE
2023/4/2 6:00,654,in,0,NODE
2023/4/2 6:00,662,out,1053.94,NODE
2023/4/2 6:00,664,out,25.8899,NODE
2023/4/2 6:00,665,out,1,NODE
2023/4/2 6:00,658,in,1016.09,NODE
2023/4/2 6:00,659,in,66.3038,NODE
2023/4/2 6:00,661,in,0,NODE
2023/4/2 6:00,669,out,26.1618,NODE
2023/4/2 6:00,670,out,0,NODE
2023/4/2 6:00,671,out,25.8898,NODE
2023/4/2 6:00,672,out,0,NODE
2023/4/2 6:00,667,in,0,NODE
2023/4/2 6:00,668,in,33.7461,NODE
2023/4/2 6:00,681,out,1536.6,NODE
2023/4/2 6:00,682,out,279.166,NODE
2023/4/2 6:00,683,out,1496.61,NODE
2023/4/2 6:00,684,out,132.451,NODE
2023/4/2 6:00,685,out,293.001,NODE
2023/4/2 6:00,686,out,0,NODE
2023/4/2 6:00,687,out,720.579,NODE
2023/4/2 6:00,679,in,2229.8,NODE
2023/4/2 6:00,712,in,597.879,NODE
2023/4/2 6:00,711,in,2290.88,NODE
2023/4/2 6:00,689,out,2275.48,NODE
2023/4/2 6:00,690,out,131.988,NODE
2023/4/2 6:00,691,out,83.961,NODE
2023/4/2 6:00,692,out,61.1404,NODE
2023/4/2 6:00,701,out,34.6762,NODE
2023/4/2 6:00,699,in,251.913,NODE
2023/4/2 6:00,700,in,263.879,NODE
2023/4/2 6:00,697,in,0,NODE
2023/4/2 6:00,102,in,228.06,NODE
2023/4/2 6:00,129,in,2857.88,NODE
2023/4/2 6:00,133,in,44.0522,NODE
2023/4/2 6:00,80,out,0,NODE
2023/4/2 6:00,81,out,80.2247,NODE
2023/4/2 6:00,81,out,51.3241,NODE
2023/4/2 6:00,81,out,66.4923,NODE
2023/4/2 6:00,82,out,953.28,NODE
2023/4/2 6:00,82,out,331.969,NODE
2023/4/2 6:00,83,out,36060.2,NODE
2023/4/2 6:00,86,out,596.54,NODE
2023/4/2 6:00,88,out,265.443,NODE
2023/4/2 6:00,89,out,313.884,NODE
2023/4/2 6:00,90,out,45.2135,NODE
2023/4/2 6:00,93,out,210.073,NODE
2023/4/2 6:00,95,out,312.095,NODE
2023/4/2 6:00,106,out,992.377,NODE
2023/4/2 6:00,107,out,2093.16,NODE
2023/4/2 6:00,108,out,608.481,NODE
2023/4/2 6:00,117,out,120.372,NODE
2023/4/2 6:00,118,out,193.042,NODE
2023/4/2 6:00,119,out,148.543,NODE
2023/4/2 6:00,120,out,470.253,NODE
2023/4/2 6:00,121,out,133.924,NODE
2023/4/2 6:00,122,out,0,NODE
2023/4/2 6:00,127,out,720.579,NODE
2023/4/2 6:00,134,out,468.679,NODE
2023/4/2 18:00,334,in,165.239,ZU
2023/4/2 18:00,370,out,38.089,ZU
2023/4/2 18:00,425,out,27.989,ZU
2023/4/2 18:00,433,out,54.649,ZU
2023/4/2 18:00,445,out,0,ZU
2023/4/2 18:00,461,out,53.749,ZU
2023/4/2 18:00,470,out,47.659,ZU
2023/4/2 18:00,511,out,49.289,ZU
2023/4/2 18:00,335,in,677.189,ZU
2023/4/2 18:00,423,out,552.499,ZU
2023/4/2 18:00,460,out,299.309,ZU
2023/4/2 18:00,280,in,249.439,ZU
2023/4/2 18:00,349,out,30.969,ZU
2023/4/2 18:00,363,out,30.339,ZU
2023/4/2 18:00,372,out,79.919,ZU
2023/4/2 18:00,472,out,0,ZU
2023/4/2 18:00,512,out,170.909,ZU
2023/4/2 18:00,712,in,476.879,ZU
2023/4/2 18:00,129,in,6044.88,ZU
2023/4/2 18:00,292,consume,50.649,ZU
2023/4/2 18:00,305,consume,25.919,ZU
2023/4/2 18:00,319,consume,100.889,ZU
2023/4/2 18:00,333,consume,100.749,ZU
2023/4/2 18:00,342,out,305.099,ZU
2023/4/2 18:00,360,out,303.009,ZU
2023/4/2 18:00,369,consume,30.219,ZU
2023/4/2 18:00,393,consume,48.909,ZU
2023/4/2 18:00,396,out,35.869,ZU
2023/4/2 18:00,409,out,31.619,ZU
2023/4/2 18:00,418,consume,47.489,ZU
2023/4/2 18:00,429,consume,72.309,ZU
2023/4/2 18:00,441,consume,33.669,ZU
2023/4/2 18:00,450,consume,99.839,ZU
2023/4/2 18:00,491,consume,205.819,ZU
2023/4/2 18:00,499,consume,198.219,ZU
2023/4/2 18:00,508,consume,89.229,ZU
2023/4/2 18:00,519,consume,461.499,ZU
2023/4/2 18:00,541,consume,35.429,ZU
2023/4/2 18:00,550,consume,36.279,ZU
2023/4/2 18:00,559,consume,35.269,ZU
2023/4/2 18:00,573,consume,29.539,ZU
2023/4/2 18:00,638,out,1537.97,ZU
2023/4/2 18:00,681,out,1551.04,ZU
2023/4/2 18:00,682,out,294.832,ZU
2023/4/2 18:00,626,consume,-160.394,ZU
2023/4/2 18:00,453,out,402.979,ZU
2023/4/2 18:00,474,in,579.279,ZU
2023/4/2 18:00,493,out,110.149,ZU
2023/4/2 18:00,500,out,130.319,ZU
2023/4/2 18:00,509,out,647.939,ZU
2023/4/2 18:00,361,out,30.879,ZU
2023/4/2 18:00,544,out,0,ZU
2023/4/2 18:00,561,out,82.369,ZU
2023/4/2 18:00,579,out,34.639,ZU
2023/4/2 18:00,584,out,167.709,ZU
2023/4/2 18:00,587,out,410.679,ZU
2023/4/2 18:00,591,out,141.169,ZU
2023/4/2 18:00,707,out,42.169,ZU
2023/4/2 18:00,708,out,54.259,ZU
2023/4/2 18:00,709,out,57.739,ZU
2023/4/2 18:00,710,out,0,ZU
2023/4/2 18:00,714,in,80.959,ZU
2023/4/2 18:00,715,in,181.869,ZU
2023/4/2 18:00,716,out,28.059,ZU
2023/4/2 18:00,717,out,92.409,ZU
2023/4/2 18:00,719,in,238.889,ZU
2023/4/2 18:00,720,in,197.749,ZU
2023/4/2 18:00,721,in,0,ZU
2023/4/2 18:00,722,out,140.879,ZU
2023/4/2 18:00,723,out,85.879,ZU
2023/4/2 18:00,724,out,75.779,ZU
2023/4/2 18:00,725,out,43.029,ZU
2023/4/2 18:00,684,out,617.246,ZU
2023/4/2 18:00,685,out,1342.1,ZU
2023/4/2 18:00,286,out,785.559,ZU
2023/4/2 18:00,384,out,190.049,ZU
2023/4/2 18:00,416,in,376.139,ZU
2023/4/2 18:00,282,out,149.419,ZU
2023/4/2 18:00,295,out,101.299,ZU
2023/4/2 18:00,336,in,258.979,ZU
2023/4/2 18:00,316,out,980.349,ZU
2023/4/2 18:00,330,out,1012.45,ZU
2023/4/2 18:00,385,out,497.639,ZU
2023/4/2 18:00,414,in,3234.03,ZU
2023/4/2 18:00,338,in,89.689,ZU
2023/4/2 18:00,355,in,31.669,ZU
2023/4/2 18:00,421,out,2444.41,ZU
2023/4/2 18:00,455,out,1664.32,ZU
2023/4/2 18:00,489,in,3420.71,ZU
2023/4/2 18:00,497,in,3508.84,ZU
2023/4/2 18:00,510,out,3510.1,ZU
2023/4/2 18:00,339,in,25.939,ZU
2023/4/2 18:00,406,in,25.919,ZU
2023/4/2 18:00,417,in,93.869,ZU
2023/4/2 18:00,428,in,106.599,ZU
2023/4/2 18:00,442,in,31.229,ZU
2023/4/2 18:00,466,in,36.989,ZU
2023/4/2 18:00,484,out,357.109,ZU
2023/4/2 18:00,490,in,36.319,ZU
2023/4/2 18:00,498,in,35.959,ZU
2023/4/2 18:00,518,in,93.419,ZU
2023/4/2 18:00,539,in,0,ZU
2023/4/2 18:00,549,in,26.069,ZU
2023/4/2 18:00,556,in,25.889,ZU
2023/4/2 18:00,572,in,0,ZU
2023/4/2 18:00,420,out,347.029,ZU
2023/4/2 18:00,475,in,347.029,ZU
2023/4/2 18:00,371,out,38.849,ZU
2023/4/2 18:00,424,out,38.819,ZU
2023/4/2 18:00,432,out,56.959,ZU
2023/4/2 18:00,462,out,70.299,ZU
2023/4/2 18:00,479,in,105.749,ZU
2023/4/2 18:00,337,in,658.629,ZU
2023/4/2 18:00,486,out,617.459,ZU
2023/4/2 18:00,281,out,30.899,ZU
2023/4/2 18:00,294,out,33.569,ZU
2023/4/2 18:00,307,in,36.019,ZU
2023/4/2 18:00,321,in,39.279,ZU
2023/4/2 18:00,483,in,591.509,ZU
2023/4/2 18:00,496,out,325.889,ZU
2023/4/2 18:00,501,out,311.969,ZU
2023/4/2 18:00,351,in,151.809,ZU
2023/4/2 18:00,381,out,159.749,ZU
2023/4/2 18:00,314,out,112.469,ZU
2023/4/2 18:00,328,out,110.599,ZU
2023/4/2 18:00,382,out,940.729,ZU
2023/4/2 18:00,400,in,1153.96,ZU
2023/4/2 18:00,289,out,1393.32,ZU
2023/4/2 18:00,302,out,2796.19,ZU
2023/4/2 18:00,383,out,1870.23,ZU
2023/4/2 18:00,394,in,1848.81,ZU
2023/4/2 18:00,397,out,1844.5,ZU
2023/4/2 18:00,451,in,1084.13,ZU
2023/4/2 18:00,452,in,2766.66,ZU
2023/4/2 18:00,523,out,906.349,ZU
2023/4/2 18:00,524,out,276.829,ZU
2023/4/2 18:00,606,out,218.732,ZU
2023/4/2 18:00,621,in,875.176,ZU
2023/4/2 18:00,629,in,25.9006,ZU
2023/4/2 18:00,387,consume,180.379,ZU
2023/4/2 18:00,388,out,180.379,ZU
2023/4/2 18:00,327,out,214.049,ZU
2023/4/2 18:00,353,in,191.379,ZU
2023/4/2 18:00,283,out,1632.49,ZU
2023/4/2 18:00,296,out,1768.17,ZU
2023/4/2 18:00,309,in,49.879,ZU
2023/4/2 18:00,315,out,379.829,ZU
2023/4/2 18:00,323,in,45.199,ZU
2023/4/2 18:00,329,out,433.349,ZU
2023/4/2 18:00,468,in,648.709,ZU
2023/4/2 18:00,469,in,203.019,ZU
2023/4/2 18:00,471,out,814.879,ZU
2023/4/2 18:00,505,in,4194.61,ZU
2023/4/2 18:00,285,out,1081.45,ZU
2023/4/2 18:00,288,out,529.449,ZU
2023/4/2 18:00,298,out,1729.85,ZU
2023/4/2 18:00,299,out,552.729,ZU
2023/4/2 18:00,301,out,652.099,ZU
2023/4/2 18:00,374,out,0,ZU
2023/4/2 18:00,430,in,1155.81,ZU
2023/4/2 18:00,431,in,2794.6,ZU
2023/4/2 18:00,291,out,3530.68,ZU
2023/4/2 18:00,304,out,3756.03,ZU
2023/4/2 18:00,306,in,3491.51,ZU
2023/4/2 18:00,320,in,3425.41,ZU
2023/4/2 18:00,290,out,1422.97,ZU
2023/4/2 18:00,303,out,1119.05,ZU
2023/4/2 18:00,317,out,697.689,ZU
2023/4/2 18:00,331,out,529.989,ZU
2023/4/2 18:00,365,in,1261.73,ZU
2023/4/2 18:00,366,in,2573.09,ZU
2023/4/2 18:00,367,in,306.409,ZU
2023/4/2 18:00,313,out,222.279,ZU
2023/4/2 18:00,352,in,140.079,ZU
2023/4/2 18:00,419,in,2682.7,ZU
2023/4/2 18:00,434,out,966.929,ZU
2023/4/2 18:00,435,out,600.179,ZU
2023/4/2 18:00,436,out,1021.92,ZU
2023/4/2 18:00,346,out,386.489,ZU
2023/4/2 18:00,408,in,130.559,ZU
2023/4/2 18:00,373,out,3926.88,ZU
2023/4/2 18:00,377,in,2881.81,ZU
2023/4/2 18:00,458,out,27.359,ZU
2023/4/2 18:00,380,in,25.889,ZU
2023/4/2 18:00,401,out,32.669,ZU
2023/4/2 18:00,528,in,780.749,ZU
2023/4/2 18:00,532,out,789.259,ZU
2023/4/2 18:00,482,in,242.659,ZU
2023/4/2 18:00,525,out,304.979,ZU
2023/4/2 18:00,287,out,29.709,ZU
2023/4/2 18:00,300,out,41.389,ZU
2023/4/2 18:00,308,in,49.749,ZU
2023/4/2 18:00,322,in,0,ZU
2023/4/2 18:00,379,in,29.309,ZU
2023/4/2 18:00,395,out,29.309,ZU
2023/4/2 18:00,494,out,2922.25,ZU
2023/4/2 18:00,503,out,2945.31,ZU
2023/4/2 18:00,514,in,5722.46,ZU
2023/4/2 18:00,343,out,259.179,ZU
2023/4/2 18:00,344,out,212.269,ZU
2023/4/2 18:00,345,out,78.809,ZU
2023/4/2 18:00,348,out,162.049,ZU
2023/4/2 18:00,354,in,97.819,ZU
2023/4/2 18:00,362,out,60.549,ZU
2023/4/2 18:00,403,out,187.029,ZU
2023/4/2 18:00,411,out,152.269,ZU
2023/4/2 18:00,492,out,150.589,ZU
2023/4/2 18:00,502,out,179.749,ZU
2023/4/2 18:00,623,in,3118.71,ZU
2023/4/2 18:00,402,out,662.849,ZU
2023/4/2 18:00,405,in,662.409,ZU
2023/4/2 18:00,527,in,1694.34,ZU
2023/4/2 18:00,531,out,1717.68,ZU
2023/4/2 18:00,690,out,137.5,ZU
2023/4/2 18:00,691,out,83.3478,ZU
2023/4/2 18:00,692,out,60.5272,ZU
2023/4/2 18:00,81,out,48.2163,ZU
2023/4/2 18:00,81,out,47.0032,ZU
2023/4/2 18:00,81,out,80.2247,ZU
2023/4/2 18:00,279,in,10836.1,ZU
2023/4/2 18:00,595,out,556.599,ZU
2023/4/2 18:00,134,out,0,ZU
2023/4/2 18:00,293,in,13234.7,ZU
2023/4/2 18:00,284,out,732.519,ZU
2023/4/2 18:00,297,out,943.129,ZU
2023/4/2 18:00,443,in,254.349,ZU
2023/4/2 18:00,444,in,1480.44,ZU
2023/4/2 18:00,404,out,344.029,ZU
2023/4/2 18:00,641,out,1308.77,ZU
2023/4/2 18:00,668,in,594.012,ZU
2023/4/2 18:00,118,out,197.38,ZU
2023/4/2 18:00,617,out,1227.44,ZU
2023/4/2 18:00,120,out,416.165,ZU
2023/4/2 18:00,117,out,120.697,ZU
2023/4/2 18:00,378,in,1006.51,ZU
2023/4/2 18:00,83,out,94.9796,ZU
2023/4/2 18:00,82,out,34.4446,ZU
2023/4/2 18:00,82,out,43.079,ZU
2023/4/2 18:00,106,out,3202.86,ZU
2023/4/2 18:00,106,out,1953.87,ZU
2023/4/2 18:00,93,out,53.3264,ZU
2023/4/2 18:00,599,out,307.705,ZU
2023/4/2 18:00,95,out,0,ZU
2023/4/2 18:00,119,out,52.483,ZU
2023/4/2 18:00,644,out,60.2659,ZU
2023/4/2 18:00,88,out,47.0435,ZU
2023/4/2 18:00,86,out,26.5613,ZU
2023/4/2 18:00,543,out,181.389,ZU
2023/4/2 18:00,552,out,196.879,ZU
2023/4/2 18:00,558,out,182.139,ZU
2023/4/2 18:00,575,out,80.699,ZU
2023/4/2 18:00,594,in,556.599,ZU
2023/4/2 18:00,604,in,95.5607,ZU
2023/4/2 18:00,121,out,88.2112,ZU
2023/4/2 18:00,108,out,6891.49,ZU
2023/4/2 18:00,107,out,5252.19,ZU
2023/4/2 18:00,107,out,2446.57,ZU
2023/4/2 18:00,90,out,72.3185,ZU
2023/4/2 18:00,422,out,2950.17,ZU
2023/4/2 18:00,437,out,700.419,ZU
2023/4/2 18:00,438,out,726.409,ZU
2023/4/2 18:00,447,out,1639.41,ZU
2023/4/2 18:00,456,out,0,ZU
2023/4/2 18:00,457,out,1504.14,ZU
2023/4/2 18:00,521,out,998.919,ZU
2023/4/2 18:00,610,in,778.868,ZU
2023/4/2 18:00,520,out,2997.61,ZU
2023/4/2 18:00,640,out,2460.45,ZU
2023/4/2 18:00,652,in,1910.9,ZU
2023/4/2 18:00,658,in,2959.7,ZU
2023/4/2 18:00,609,in,829.542,ZU
2023/4/2 18:00,318,out,1270.01,ZU
2023/4/2 18:00,332,out,1258.71,ZU
2023/4/2 18:00,711,in,3647.88,ZU
2023/4/2 18:00,533,out,0,ZU
2023/4/2 18:00,478,out,737.219,ZU
2023/4/2 18:00,620,in,3315.71,ZU
2023/4/2 18:00,386,out,163.469,ZU
2023/4/2 18:00,102,in,53.8467,ZU
2023/4/2 18:00,410,out,745.239,ZU
2023/4/2 18:00,477,out,188.809,ZU
2023/4/2 18:00,686,out,120.479,ZU
2023/4/2 18:00,80,out,120.479,ZU
2023/4/2 18:00,687,out,805.079,ZU
2023/4/2 18:00,127,out,805.079,ZU
2023/4/2 18:00,657,out,0,ZU
2023/4/2 18:00,122,out,0,ZU
2023/4/2 18:00,481,in,94.339,ZU
2023/4/2 18:00,642,out,153.714,ZU
2023/4/2 18:00,654,in,0,ZU
2023/4/2 18:00,542,in,0,ZU
2023/4/2 18:00,551,in,0,ZU
2023/4/2 18:00,560,in,0,ZU
2023/4/2 18:00,567,in,0,ZU
2023/4/2 18:00,574,in,0,ZU
2023/4/2 18:00,701,out,69.866,ZU
2023/4/2 18:00,356,in,28.009,ZU
2023/4/2 18:00,357,in,26.289,ZU
2023/4/2 18:00,368,in,78.469,ZU
2023/4/2 18:00,392,in,30.609,ZU
2023/4/2 18:00,449,in,145.719,ZU
2023/4/2 18:00,506,in,28.759,ZU
2023/4/2 18:00,683,out,13730.3,ZU
2023/4/2 18:00,667,in,0,ZU
2023/4/2 18:00,598,in,26.4839,ZU
2023/4/2 18:00,605,in,0,ZU
2023/4/2 18:00,517,in,45.169,ZU
2023/4/2 18:00,616,out,45.2062,ZU
2023/4/2 18:00,516,in,222.879,ZU
2023/4/2 18:00,651,out,222.787,ZU
2023/4/2 18:00,407,in,140.059,ZU
2023/4/2 18:00,607,out,140.438,ZU
2023/4/2 18:00,615,out,1469.87,ZU
2023/4/2 18:00,612,in,1345.98,ZU
2023/4/2 18:00,618,out,41.2888,ZU
2023/4/2 18:00,614,out,6169.34,ZU
2023/4/2 18:00,611,in,1737.65,ZU
2023/4/2 18:00,650,out,242.537,ZU
2023/4/2 18:00,627,in,64.2356,ZU
2023/4/2 18:00,643,out,888.577,ZU
2023/4/2 18:00,647,in,889.801,ZU
2023/4/2 18:00,645,out,913.271,ZU
2023/4/2 18:00,597,in,961.676,ZU
2023/4/2 18:00,639,out,928.837,ZU
2023/4/2 18:00,608,out,73.3034,ZU
2023/4/2 18:00,649,out,263.49,ZU
2023/4/2 18:00,600,out,308.279,ZU
2023/4/2 18:00,358,out,81.519,ZU
2023/4/2 18:00,665,out,1,ZU
2023/4/2 18:00,628,in,119.972,ZU
2023/4/2 18:00,689,out,2176.52,ZU
2023/4/2 18:00,679,in,2132.21,ZU
2023/4/2 18:00,655,out,30.3309,ZU
2023/4/2 18:00,633,in,30.3309,ZU
2023/4/2 18:00,656,out,21.4491,ZU
2023/4/2 18:00,699,in,21.4491,ZU
2023/4/2 18:00,672,out,0,ZU
2023/4/2 18:00,661,in,0,ZU
2023/4/2 18:00,669,out,730.639,ZU
2023/4/2 18:00,697,in,667.871,ZU
2023/4/2 18:00,670,out,0,ZU
2023/4/2 18:00,622,in,29.1749,ZU
2023/4/2 18:00,646,out,35.7175,ZU
2023/4/2 18:00,648,in,35.7175,ZU
2023/4/2 18:00,662,out,520.54,ZU
2023/4/2 18:00,700,in,520.54,ZU
2023/4/2 18:00,602,out,27.2818,ZU
2023/4/2 18:00,631,in,27.2818,ZU
2023/4/2 18:00,601,out,58.3517,ZU
2023/4/2 18:00,739,in,56.4716,ZU
2023/4/2 18:00,671,out,25.9087,ZU
2023/4/2 18:00,737,in,26.0074,ZU
2023/4/2 18:00,619,out,59.5889,ZU
2023/4/2 18:00,613,consume,59.5889,ZU
2023/4/2 18:00,664,out,25.9292,ZU
2023/4/2 18:00,632,in,25.9794,ZU
2023/4/2 18:00,347,out,456.849,ZU
2023/4/2 18:00,359,out,134.879,ZU
2023/4/2 18:00,526,out,189.769,ZU
2023/4/2 18:00,624,in,2229.23,ZU
2023/4/2 18:00,718,in,0,ZU
2023/4/2 18:00,653,in,0,ZU
2023/4/2 18:00,659,in,67.6244,ZU
2023/4/2 18:00,603,in,313.826,ZU
2023/4/2 18:00,279,in,10836.1,NODE
2023/4/2 18:00,280,in,249.439,NODE
2023/4/2 18:00,281,out,30.899,NODE
2023/4/2 18:00,282,out,149.419,NODE
2023/4/2 18:00,283,out,1632.49,NODE
2023/4/2 18:00,284,out,732.519,NODE
2023/4/2 18:00,285,out,1081.45,NODE
2023/4/2 18:00,286,out,785.559,NODE
2023/4/2 18:00,287,out,29.709,NODE
2023/4/2 18:00,288,out,529.449,NODE
2023/4/2 18:00,289,out,1393.32,NODE
2023/4/2 18:00,290,out,1422.97,NODE
2023/4/2 18:00,291,out,3530.68,NODE
2023/4/2 18:00,292,consume,50.649,NODE
2023/4/2 18:00,306,in,3491.51,NODE
2023/4/2 18:00,307,in,36.019,NODE
2023/4/2 18:00,308,in,49.749,NODE
2023/4/2 18:00,309,in,49.879,NODE
2023/4/2 18:00,310,in,0,NODE
2023/4/2 18:00,312,out,0,NODE
2023/4/2 18:00,313,out,222.279,NODE
2023/4/2 18:00,314,out,112.469,NODE
2023/4/2 18:00,315,out,379.829,NODE
2023/4/2 18:00,316,out,980.349,NODE
2023/4/2 18:00,317,out,697.689,NODE
2023/4/2 18:00,318,out,1270.01,NODE
2023/4/2 18:00,319,consume,100.889,NODE
2023/4/2 18:00,707,out,42.169,NODE
2023/4/2 18:00,351,in,151.809,NODE
2023/4/2 18:00,352,in,140.079,NODE
2023/4/2 18:00,353,in,191.379,NODE
2023/4/2 18:00,354,in,97.819,NODE
2023/4/2 18:00,355,in,31.669,NODE
2023/4/2 18:00,356,in,28.009,NODE
2023/4/2 18:00,357,in,26.289,NODE
2023/4/2 18:00,358,out,81.519,NODE
2023/4/2 18:00,359,out,134.879,NODE
2023/4/2 18:00,360,out,303.009,NODE
2023/4/2 18:00,361,out,30.879,NODE
2023/4/2 18:00,362,out,60.549,NODE
2023/4/2 18:00,363,out,30.339,NODE
2023/4/2 18:00,364,out,0,NODE
2023/4/2 18:00,334,in,165.239,NODE
2023/4/2 18:00,335,in,677.189,NODE
2023/4/2 18:00,336,in,258.979,NODE
2023/4/2 18:00,337,in,658.629,NODE
2023/4/2 18:00,338,in,89.689,NODE
2023/4/2 18:00,339,in,25.939,NODE
2023/4/2 18:00,340,in,0,NODE
2023/4/2 18:00,341,out,29.729,NODE
2023/4/2 18:00,342,out,305.099,NODE
2023/4/2 18:00,343,out,259.179,NODE
2023/4/2 18:00,344,out,212.269,NODE
2023/4/2 18:00,345,out,78.809,NODE
2023/4/2 18:00,346,out,386.489,NODE
2023/4/2 18:00,347,out,456.849,NODE
2023/4/2 18:00,348,out,162.049,NODE
2023/4/2 18:00,349,out,30.969,NODE
2023/4/2 18:00,350,out,0,NODE
2023/4/2 18:00,709,out,57.739,NODE
2023/4/2 18:00,293,in,13234.7,NODE
2023/4/2 18:00,294,out,33.569,NODE
2023/4/2 18:00,295,out,101.299,NODE
2023/4/2 18:00,296,out,1768.17,NODE
2023/4/2 18:00,297,out,943.129,NODE
2023/4/2 18:00,298,out,1729.85,NODE
2023/4/2 18:00,299,out,552.729,NODE
2023/4/2 18:00,300,out,41.389,NODE
2023/4/2 18:00,301,out,652.099,NODE
2023/4/2 18:00,302,out,2796.19,NODE
2023/4/2 18:00,303,out,1119.05,NODE
2023/4/2 18:00,304,out,3756.03,NODE
2023/4/2 18:00,305,consume,25.919,NODE
2023/4/2 18:00,320,in,3425.41,NODE
2023/4/2 18:00,321,in,39.279,NODE
2023/4/2 18:00,322,in,0,NODE
2023/4/2 18:00,323,in,45.199,NODE
2023/4/2 18:00,324,in,0,NODE
2023/4/2 18:00,326,out,0,NODE
2023/4/2 18:00,327,out,214.049,NODE
2023/4/2 18:00,328,out,110.599,NODE
2023/4/2 18:00,329,out,433.349,NODE
2023/4/2 18:00,330,out,1012.45,NODE
2023/4/2 18:00,331,out,529.989,NODE
2023/4/2 18:00,332,out,1258.71,NODE
2023/4/2 18:00,333,consume,100.749,NODE
2023/4/2 18:00,708,out,54.259,NODE
2023/4/2 18:00,365,in,1261.73,NODE
2023/4/2 18:00,366,in,2573.09,NODE
2023/4/2 18:00,367,in,306.409,NODE
2023/4/2 18:00,368,in,78.469,NODE
2023/4/2 18:00,369,consume,30.219,NODE
2023/4/2 18:00,370,out,38.089,NODE
2023/4/2 18:00,371,out,38.849,NODE
2023/4/2 18:00,372,out,79.919,NODE
2023/4/2 18:00,373,out,3926.88,NODE
2023/4/2 18:00,374,out,0,NODE
2023/4/2 18:00,375,out,26.519,NODE
2023/4/2 18:00,376,out,0,NODE
2023/4/2 18:00,722,out,140.879,NODE
2023/4/2 18:00,377,in,2881.81,NODE
2023/4/2 18:00,378,in,1006.51,NODE
2023/4/2 18:00,379,in,29.309,NODE
2023/4/2 18:00,380,in,25.889,NODE
2023/4/2 18:00,381,out,159.749,NODE
2023/4/2 18:00,382,out,940.729,NODE
2023/4/2 18:00,383,out,1870.23,NODE
2023/4/2 18:00,384,out,190.049,NODE
2023/4/2 18:00,385,out,497.639,NODE
2023/4/2 18:00,386,out,163.469,NODE
2023/4/2 18:00,387,consume,180.379,NODE
2023/4/2 18:00,388,out,180.379,NODE
2023/4/2 18:00,392,in,30.609,NODE
2023/4/2 18:00,393,consume,48.909,NODE
2023/4/2 18:00,394,in,1848.81,NODE
2023/4/2 18:00,395,out,29.309,NODE
2023/4/2 18:00,396,out,35.869,NODE
2023/4/2 18:00,397,out,1844.5,NODE
2023/4/2 18:00,398,out,0,NODE
2023/4/2 18:00,400,in,1153.96,NODE
2023/4/2 18:00,401,out,32.669,NODE
2023/4/2 18:00,402,out,662.849,NODE
2023/4/2 18:00,403,out,187.029,NODE
2023/4/2 18:00,404,out,344.029,NODE
2023/4/2 18:00,405,in,662.409,NODE
2023/4/2 18:00,406,in,25.919,NODE
2023/4/2 18:00,407,in,140.059,NODE
2023/4/2 18:00,408,in,130.559,NODE
2023/4/2 18:00,409,out,31.619,NODE
2023/4/2 18:00,410,out,745.239,NODE
2023/4/2 18:00,411,out,152.269,NODE
2023/4/2 18:00,412,out,0,NODE
2023/4/2 18:00,413,out,0,NODE
2023/4/2 18:00,449,in,145.719,NODE
2023/4/2 18:00,450,consume,99.839,NODE
2023/4/2 18:00,451,in,1084.13,NODE
2023/4/2 18:00,452,in,2766.66,NODE
2023/4/2 18:00,453,out,402.979,NODE
2023/4/2 18:00,454,out,0,NODE
2023/4/2 18:00,455,out,1664.32,NODE
2023/4/2 18:00,456,out,0,NODE
2023/4/2 18:00,457,out,1504.14,NODE
2023/4/2 18:00,458,out,27.359,NODE
2023/4/2 18:00,459,out,0,NODE
2023/4/2 18:00,460,out,299.309,NODE
2023/4/2 18:00,461,out,53.749,NODE
2023/4/2 18:00,462,out,70.299,NODE
2023/4/2 18:00,463,out,0,NODE
2023/4/2 18:00,464,out,26.659,NODE
2023/4/2 18:00,465,out,39.969,NODE
2023/4/2 18:00,723,out,85.879,NODE
2023/4/2 18:00,414,in,3234.03,NODE
2023/4/2 18:00,415,in,0,NODE
2023/4/2 18:00,416,in,376.139,NODE
2023/4/2 18:00,417,in,93.869,NODE
2023/4/2 18:00,418,consume,47.489,NODE
2023/4/2 18:00,419,in,2682.7,NODE
2023/4/2 18:00,420,out,347.029,NODE
2023/4/2 18:00,421,out,2444.41,NODE
2023/4/2 18:00,422,out,2950.17,NODE
2023/4/2 18:00,423,out,552.499,NODE
2023/4/2 18:00,424,out,38.819,NODE
2023/4/2 18:00,425,out,27.989,NODE
2023/4/2 18:00,426,out,0,NODE
2023/4/2 18:00,427,out,52.539,NODE
2023/4/2 18:00,724,out,75.779,NODE
2023/4/2 18:00,428,in,106.599,NODE
2023/4/2 18:00,429,consume,72.309,NODE
2023/4/2 18:00,430,in,1155.81,NODE
2023/4/2 18:00,431,in,2794.6,NODE
2023/4/2 18:00,432,out,56.959,NODE
2023/4/2 18:00,433,out,54.649,NODE
2023/4/2 18:00,434,out,966.929,NODE
2023/4/2 18:00,435,out,600.179,NODE
2023/4/2 18:00,436,out,1021.92,NODE
2023/4/2 18:00,437,out,700.419,NODE
2023/4/2 18:00,438,out,726.409,NODE
2023/4/2 18:00,439,out,0,NODE
2023/4/2 18:00,440,out,38.189,NODE
2023/4/2 18:00,725,out,43.029,NODE
2023/4/2 18:00,441,consume,33.669,NODE
2023/4/2 18:00,442,in,31.229,NODE
2023/4/2 18:00,443,in,254.349,NODE
2023/4/2 18:00,444,in,1480.44,NODE
2023/4/2 18:00,445,out,0,NODE
2023/4/2 18:00,446,out,99.879,NODE
2023/4/2 18:00,447,out,1639.41,NODE
2023/4/2 18:00,466,in,36.989,NODE
2023/4/2 18:00,467,consume,0,NODE
2023/4/2 18:00,468,in,648.709,NODE
2023/4/2 18:00,469,in,203.019,NODE
2023/4/2 18:00,470,out,47.659,NODE
2023/4/2 18:00,471,out,814.879,NODE
2023/4/2 18:00,472,out,0,NODE
2023/4/2 18:00,473,out,0,NODE
2023/4/2 18:00,474,in,579.279,NODE
2023/4/2 18:00,475,in,347.029,NODE
2023/4/2 18:00,476,in,0,NODE
2023/4/2 18:00,477,out,188.809,NODE
2023/4/2 18:00,478,out,737.219,NODE
2023/4/2 18:00,505,in,4194.61,NODE
2023/4/2 18:00,506,in,28.759,NODE
2023/4/2 18:00,507,in,136.969,NODE
2023/4/2 18:00,508,consume,89.229,NODE
2023/4/2 18:00,509,out,647.939,NODE
2023/4/2 18:00,510,out,3510.1,NODE
2023/4/2 18:00,511,out,49.289,NODE
2023/4/2 18:00,512,out,170.909,NODE
2023/4/2 18:00,513,out,0,NODE
2023/4/2 18:00,489,in,3420.71,NODE
2023/4/2 18:00,490,in,36.319,NODE
2023/4/2 18:00,491,consume,205.819,NODE
2023/4/2 18:00,492,out,150.589,NODE
2023/4/2 18:00,493,out,110.149,NODE
2023/4/2 18:00,494,out,2922.25,NODE
2023/4/2 18:00,495,out,0,NODE
2023/4/2 18:00,496,out,325.889,NODE
2023/4/2 18:00,497,in,3508.84,NODE
2023/4/2 18:00,498,in,35.959,NODE
2023/4/2 18:00,499,consume,198.219,NODE
2023/4/2 18:00,500,out,130.319,NODE
2023/4/2 18:00,501,out,311.969,NODE
2023/4/2 18:00,502,out,179.749,NODE
2023/4/2 18:00,503,out,2945.31,NODE
2023/4/2 18:00,504,out,55.329,NODE
2023/4/2 18:00,479,in,105.749,NODE
2023/4/2 18:00,480,in,496.869,NODE
2023/4/2 18:00,481,in,94.339,NODE
2023/4/2 18:00,482,in,242.659,NODE
2023/4/2 18:00,483,in,591.509,NODE
2023/4/2 18:00,484,out,357.109,NODE
2023/4/2 18:00,485,out,0,NODE
2023/4/2 18:00,486,out,617.459,NODE
2023/4/2 18:00,487,out,505.369,NODE
2023/4/2 18:00,488,out,0,NODE
2023/4/2 18:00,710,out,0,NODE
2023/4/2 18:00,514,in,5722.46,NODE
2023/4/2 18:00,515,in,0,NODE
2023/4/2 18:00,516,in,222.879,NODE
2023/4/2 18:00,517,in,45.169,NODE
2023/4/2 18:00,518,in,93.419,NODE
2023/4/2 18:00,519,consume,461.499,NODE
2023/4/2 18:00,520,out,2997.61,NODE
2023/4/2 18:00,521,out,998.919,NODE
2023/4/2 18:00,522,out,454.019,NODE
2023/4/2 18:00,523,out,906.349,NODE
2023/4/2 18:00,524,out,276.829,NODE
2023/4/2 18:00,525,out,304.979,NODE
2023/4/2 18:00,526,out,189.769,NODE
2023/4/2 18:00,527,in,1694.34,NODE
2023/4/2 18:00,528,in,780.749,NODE
2023/4/2 18:00,529,in,0,NODE
2023/4/2 18:00,530,in,0,NODE
2023/4/2 18:00,531,out,1717.68,NODE
2023/4/2 18:00,532,out,789.259,NODE
2023/4/2 18:00,533,out,0,NODE
2023/4/2 18:00,534,out,27.119,NODE
2023/4/2 18:00,539,in,0,NODE
2023/4/2 18:00,541,consume,35.429,NODE
2023/4/2 18:00,542,in,0,NODE
2023/4/2 18:00,543,out,181.389,NODE
2023/4/2 18:00,544,out,0,NODE
2023/4/2 18:00,715,in,181.869,NODE
2023/4/2 18:00,726,consume,185.189,NODE
2023/4/2 18:00,549,in,26.069,NODE
2023/4/2 18:00,550,consume,36.279,NODE
2023/4/2 18:00,551,in,0,NODE
2023/4/2 18:00,552,out,196.879,NODE
2023/4/2 18:00,720,in,197.749,NODE
2023/4/2 18:00,728,consume,190.269,NODE
2023/4/2 18:00,556,in,25.889,NODE
2023/4/2 18:00,558,out,182.139,NODE
2023/4/2 18:00,559,consume,35.269,NODE
2023/4/2 18:00,560,in,0,NODE
2023/4/2 18:00,561,out,82.369,NODE
2023/4/2 18:00,719,in,238.889,NODE
2023/4/2 18:00,729,consume,181.389,NODE
2023/4/2 18:00,565,in,0,NODE
2023/4/2 18:00,566,consume,0,NODE
2023/4/2 18:00,567,in,0,NODE
2023/4/2 18:00,568,out,0,NODE
2023/4/2 18:00,721,in,0,NODE
2023/4/2 18:00,730,consume,0,NODE
2023/4/2 18:00,572,in,0,NODE
2023/4/2 18:00,573,consume,29.539,NODE
2023/4/2 18:00,574,in,0,NODE
2023/4/2 18:00,575,out,80.699,NODE
2023/4/2 18:00,714,in,80.959,NODE
2023/4/2 18:00,731,consume,82.389,NODE
2023/4/2 18:00,576,in,1826.51,NODE
2023/4/2 18:00,578,in,2305.7,NODE
2023/4/2 18:00,579,out,34.639,NODE
2023/4/2 18:00,580,out,0,NODE
2023/4/2 18:00,581,out,1470.88,NODE
2023/4/2 18:00,716,out,28.059,NODE
2023/4/2 18:00,582,in,4044.19,NODE
2023/4/2 18:00,584,out,167.709,NODE
2023/4/2 18:00,585,out,1784.44,NODE
2023/4/2 18:00,586,in,8858.86,NODE
2023/4/2 18:00,587,out,410.679,NODE
2023/4/2 18:00,588,out,7707.29,NODE
2023/4/2 18:00,589,in,5249.13,NODE
2023/4/2 18:00,590,in,8706.74,NODE
2023/4/2 18:00,591,out,141.169,NODE
2023/4/2 18:00,592,out,5469.01,NODE
2023/4/2 18:00,593,out,8945.5,NODE
2023/4/2 18:00,717,out,92.409,NODE
2023/4/2 18:00,594,in,556.599,NODE
2023/4/2 18:00,595,out,556.599,NODE
2023/4/2 18:00,638,out,781.926,NODE
2023/4/2 18:00,639,out,477.358,NODE
2023/4/2 18:00,640,out,1243.16,NODE
2023/4/2 18:00,641,out,667.324,NODE
2023/4/2 18:00,642,out,89.7965,NODE
2023/4/2 18:00,643,out,457.228,NODE
2023/4/2 18:00,644,out,60.2659,NODE
2023/4/2 18:00,645,out,469.575,NODE
2023/4/2 18:00,646,out,35.7175,NODE
2023/4/2 18:00,739,in,56.4716,NODE
2023/4/2 18:00,737,in,26.0074,NODE
2023/4/2 18:00,620,in,1670.79,NODE
2023/4/2 18:00,621,in,450.527,NODE
2023/4/2 18:00,622,in,29.1749,NODE
2023/4/2 18:00,623,in,1056.82,NODE
2023/4/2 18:00,624,in,760.328,NODE
2023/4/2 18:00,627,in,64.2356,NODE
2023/4/2 18:00,628,in,72.9256,NODE
2023/4/2 18:00,629,in,25.9006,NODE
2023/4/2 18:00,631,in,27.2818,NODE
2023/4/2 18:00,632,in,25.9292,NODE
2023/4/2 18:00,633,in,30.3309,NODE
2023/4/2 18:00,718,in,0,NODE
2023/4/2 18:00,626,consume,-160.394,NODE
2023/4/2 18:00,599,out,166.792,NODE
2023/4/2 18:00,600,out,308.279,NODE
2023/4/2 18:00,601,out,58.3517,NODE
2023/4/2 18:00,602,out,27.2818,NODE
2023/4/2 18:00,597,in,493.777,NODE
2023/4/2 18:00,598,in,26.4839,NODE
2023/4/2 18:00,606,out,218.732,NODE
2023/4/2 18:00,607,out,140.438,NODE
2023/4/2 18:00,608,out,73.3034,NODE
2023/4/2 18:00,603,in,313.826,NODE
2023/4/2 18:00,604,in,95.5607,NODE
2023/4/2 18:00,605,in,0,NODE
2023/4/2 18:00,614,out,1254.57,NODE
2023/4/2 18:00,615,out,1469.87,NODE
2023/4/2 18:00,616,out,45.2062,NODE
2023/4/2 18:00,617,out,626.659,NODE
2023/4/2 18:00,618,out,41.2888,NODE
2023/4/2 18:00,619,out,59.5889,NODE
2023/4/2 18:00,609,in,293.767,NODE
2023/4/2 18:00,610,in,778.868,NODE
2023/4/2 18:00,611,in,881.762,NODE
2023/4/2 18:00,612,in,1345.98,NODE
2023/4/2 18:00,613,consume,59.5889,NODE
2023/4/2 18:00,649,out,144.685,NODE
2023/4/2 18:00,650,out,134.208,NODE
2023/4/2 18:00,651,out,222.787,NODE
2023/4/2 18:00,647,in,457.84,NODE
2023/4/2 18:00,648,in,35.7175,NODE
2023/4/2 18:00,655,out,30.3309,NODE
2023/4/2 18:00,656,out,490.215,NODE
2023/4/2 18:00,657,out,0,NODE
2023/4/2 18:00,652,in,497.133,NODE
2023/4/2 18:00,653,in,0,NODE
2023/4/2 18:00,654,in,0,NODE
2023/4/2 18:00,662,out,815.364,NODE
2023/4/2 18:00,664,out,25.9292,NODE
2023/4/2 18:00,665,out,1,NODE
2023/4/2 18:00,658,in,759.335,NODE
2023/4/2 18:00,659,in,67.6244,NODE
2023/4/2 18:00,661,in,0,NODE
2023/4/2 18:00,669,out,309.029,NODE
2023/4/2 18:00,670,out,0,NODE
2023/4/2 18:00,671,out,25.9087,NODE
2023/4/2 18:00,672,out,0,NODE
2023/4/2 18:00,667,in,0,NODE
2023/4/2 18:00,668,in,309.946,NODE
2023/4/2 18:00,681,out,1551.04,NODE
2023/4/2 18:00,682,out,294.832,NODE
2023/4/2 18:00,683,out,1548.59,NODE
2023/4/2 18:00,684,out,144.152,NODE
2023/4/2 18:00,685,out,289.123,NODE
2023/4/2 18:00,686,out,120.479,NODE
2023/4/2 18:00,687,out,805.079,NODE
2023/4/2 18:00,679,in,2132.21,NODE
2023/4/2 18:00,712,in,476.879,NODE
2023/4/2 18:00,711,in,1836.88,NODE
2023/4/2 18:00,689,out,2176.52,NODE
2023/4/2 18:00,690,out,137.5,NODE
2023/4/2 18:00,691,out,83.3478,NODE
2023/4/2 18:00,692,out,60.5272,NODE
2023/4/2 18:00,701,out,34.6764,NODE
2023/4/2 18:00,699,in,21.4491,NODE
2023/4/2 18:00,700,in,520.54,NODE
2023/4/2 18:00,697,in,667.871,NODE
2023/4/2 18:00,102,in,53.8467,NODE
2023/4/2 18:00,129,in,6044.88,NODE
2023/4/2 18:00,80,out,120.479,NODE
2023/4/2 18:00,81,out,80.2247,NODE
2023/4/2 18:00,81,out,47.0032,NODE
2023/4/2 18:00,81,out,48.2163,NODE
2023/4/2 18:00,82,out,43.079,NODE
2023/4/2 18:00,82,out,34.4446,NODE
2023/4/2 18:00,83,out,94.9796,NODE
2023/4/2 18:00,86,out,26.5613,NODE
2023/4/2 18:00,88,out,47.0435,NODE
2023/4/2 18:00,90,out,72.3185,NODE
2023/4/2 18:00,93,out,53.3264,NODE
2023/4/2 18:00,95,out,0,NODE
2023/4/2 18:00,106,out,1953.87,NODE
2023/4/2 18:00,106,out,3202.86,NODE
2023/4/2 18:00,107,out,2446.57,NODE
2023/4/2 18:00,107,out,5252.19,NODE
2023/4/2 18:00,108,out,6891.49,NODE
2023/4/2 18:00,117,out,120.697,NODE
2023/4/2 18:00,118,out,197.38,NODE
2023/4/2 18:00,119,out,52.483,NODE
2023/4/2 18:00,120,out,416.165,NODE
2023/4/2 18:00,121,out,88.2112,NODE
2023/4/2 18:00,122,out,0,NODE
2023/4/2 18:00,127,out,805.079,NODE
2023/4/2 18:00,134,out,0,NODE
2023/4/3 6:00,334,in,164.279,ZU
2023/4/3 6:00,370,out,37.719,ZU
2023/4/3 6:00,425,out,28.029,ZU
2023/4/3 6:00,433,out,54.319,ZU
2023/4/3 6:00,445,out,0,ZU
2023/4/3 6:00,461,out,53.969,ZU
2023/4/3 6:00,470,out,44.539,ZU
2023/4/3 6:00,511,out,49.289,ZU
2023/4/3 6:00,335,in,693.069,ZU
2023/4/3 6:00,423,out,562.999,ZU
2023/4/3 6:00,460,out,300.669,ZU
2023/4/3 6:00,280,in,249.269,ZU
2023/4/3 6:00,349,out,30.969,ZU
2023/4/3 6:00,363,out,29.259,ZU
2023/4/3 6:00,372,out,82.949,ZU
2023/4/3 6:00,472,out,0,ZU
2023/4/3 6:00,512,out,174.579,ZU
2023/4/3 6:00,712,in,568.879,ZU
2023/4/3 6:00,129,in,909.879,ZU
2023/4/3 6:00,292,consume,50.499,ZU
2023/4/3 6:00,305,consume,25.919,ZU
2023/4/3 6:00,319,consume,101.349,ZU
2023/4/3 6:00,333,consume,100.449,ZU
2023/4/3 6:00,342,out,312.739,ZU
2023/4/3 6:00,360,out,308.999,ZU
2023/4/3 6:00,369,consume,29.989,ZU
2023/4/3 6:00,393,consume,48.439,ZU
2023/4/3 6:00,396,out,37.249,ZU
2023/4/3 6:00,409,out,31.329,ZU
2023/4/3 6:00,418,consume,48.499,ZU
2023/4/3 6:00,429,consume,72.479,ZU
2023/4/3 6:00,441,consume,33.789,ZU
2023/4/3 6:00,450,consume,98.969,ZU
2023/4/3 6:00,491,consume,205.529,ZU
2023/4/3 6:00,499,consume,199.189,ZU
2023/4/3 6:00,508,consume,88.839,ZU
2023/4/3 6:00,519,consume,462.929,ZU
2023/4/3 6:00,541,consume,35.329,ZU
2023/4/3 6:00,550,consume,36.289,ZU
2023/4/3 6:00,559,consume,35.159,ZU
2023/4/3 6:00,573,consume,28.949,ZU
2023/4/3 6:00,681,out,1560.15,ZU
2023/4/3 6:00,682,out,309.417,ZU
2023/4/3 6:00,638,out,1544.55,ZU
2023/4/3 6:00,626,consume,-169.377,ZU
2023/4/3 6:00,453,out,382.759,ZU
2023/4/3 6:00,474,in,529.189,ZU
2023/4/3 6:00,493,out,132.289,ZU
2023/4/3 6:00,500,out,106.649,ZU
2023/4/3 6:00,509,out,625.279,ZU
2023/4/3 6:00,361,out,30.849,ZU
2023/4/3 6:00,544,out,0,ZU
2023/4/3 6:00,561,out,82.489,ZU
2023/4/3 6:00,579,out,33.439,ZU
2023/4/3 6:00,584,out,163.909,ZU
2023/4/3 6:00,587,out,412.639,ZU
2023/4/3 6:00,591,out,139.799,ZU
2023/4/3 6:00,707,out,41.309,ZU
2023/4/3 6:00,708,out,57.249,ZU
2023/4/3 6:00,709,out,59.429,ZU
2023/4/3 6:00,710,out,33.979,ZU
2023/4/3 6:00,714,in,80.859,ZU
2023/4/3 6:00,715,in,178.559,ZU
2023/4/3 6:00,716,out,30.389,ZU
2023/4/3 6:00,717,out,92.069,ZU
2023/4/3 6:00,719,in,238.479,ZU
2023/4/3 6:00,720,in,195.359,ZU
2023/4/3 6:00,721,in,0,ZU
2023/4/3 6:00,722,out,75.879,ZU
2023/4/3 6:00,723,out,75.879,ZU
2023/4/3 6:00,724,out,75.779,ZU
2023/4/3 6:00,725,out,43.189,ZU
2023/4/3 6:00,684,out,592.443,ZU
2023/4/3 6:00,685,out,1316.14,ZU
2023/4/3 6:00,286,out,771.439,ZU
2023/4/3 6:00,384,out,192.519,ZU
2023/4/3 6:00,416,in,378.479,ZU
2023/4/3 6:00,282,out,146.609,ZU
2023/4/3 6:00,295,out,110.949,ZU
2023/4/3 6:00,336,in,266.029,ZU
2023/4/3 6:00,316,out,1112.53,ZU
2023/4/3 6:00,330,out,1020.26,ZU
2023/4/3 6:00,385,out,497.519,ZU
2023/4/3 6:00,414,in,3231.03,ZU
2023/4/3 6:00,338,in,89.989,ZU
2023/4/3 6:00,355,in,30.759,ZU
2023/4/3 6:00,421,out,2496.51,ZU
2023/4/3 6:00,455,out,1649.38,ZU
2023/4/3 6:00,489,in,3408.48,ZU
2023/4/3 6:00,497,in,3500.53,ZU
2023/4/3 6:00,510,out,3515.9,ZU
2023/4/3 6:00,339,in,25.939,ZU
2023/4/3 6:00,406,in,25.919,ZU
2023/4/3 6:00,417,in,95.769,ZU
2023/4/3 6:00,428,in,107.379,ZU
2023/4/3 6:00,442,in,31.259,ZU
2023/4/3 6:00,466,in,36.509,ZU
2023/4/3 6:00,484,out,354.239,ZU
2023/4/3 6:00,490,in,36.319,ZU
2023/4/3 6:00,498,in,35.969,ZU
2023/4/3 6:00,518,in,90.099,ZU
2023/4/3 6:00,539,in,0,ZU
2023/4/3 6:00,549,in,26.069,ZU
2023/4/3 6:00,556,in,25.959,ZU
2023/4/3 6:00,572,in,0,ZU
2023/4/3 6:00,420,out,348.369,ZU
2023/4/3 6:00,475,in,348.369,ZU
2023/4/3 6:00,371,out,38.849,ZU
2023/4/3 6:00,424,out,45.319,ZU
2023/4/3 6:00,432,out,57.269,ZU
2023/4/3 6:00,462,out,70.119,ZU
2023/4/3 6:00,479,in,106.079,ZU
2023/4/3 6:00,337,in,648.799,ZU
2023/4/3 6:00,486,out,602.679,ZU
2023/4/3 6:00,281,out,31.569,ZU
2023/4/3 6:00,294,out,33.219,ZU
2023/4/3 6:00,307,in,35.989,ZU
2023/4/3 6:00,321,in,38.909,ZU
2023/4/3 6:00,483,in,589.249,ZU
2023/4/3 6:00,496,out,324.439,ZU
2023/4/3 6:00,501,out,311.629,ZU
2023/4/3 6:00,351,in,153.359,ZU
2023/4/3 6:00,381,out,160.949,ZU
2023/4/3 6:00,314,out,112.799,ZU
2023/4/3 6:00,328,out,108.469,ZU
2023/4/3 6:00,382,out,937.349,ZU
2023/4/3 6:00,400,in,1130.43,ZU
2023/4/3 6:00,383,out,1872.06,ZU
2023/4/3 6:00,394,in,1861.52,ZU
2023/4/3 6:00,387,consume,236.879,ZU
2023/4/3 6:00,388,out,236.879,ZU
2023/4/3 6:00,327,out,216.679,ZU
2023/4/3 6:00,353,in,194.769,ZU
2023/4/3 6:00,283,out,1613.34,ZU
2023/4/3 6:00,296,out,1836.76,ZU
2023/4/3 6:00,309,in,49.889,ZU
2023/4/3 6:00,323,in,45.189,ZU
2023/4/3 6:00,329,out,419.739,ZU
2023/4/3 6:00,468,in,623.139,ZU
2023/4/3 6:00,471,out,818.569,ZU
2023/4/3 6:00,505,in,4200.85,ZU
2023/4/3 6:00,285,out,1079.86,ZU
2023/4/3 6:00,288,out,534.649,ZU
2023/4/3 6:00,298,out,1699.92,ZU
2023/4/3 6:00,299,out,710.199,ZU
2023/4/3 6:00,301,out,599.829,ZU
2023/4/3 6:00,374,out,0,ZU
2023/4/3 6:00,430,in,1150.13,ZU
2023/4/3 6:00,431,in,2799.65,ZU
2023/4/3 6:00,291,out,3566.28,ZU
2023/4/3 6:00,304,out,3829.44,ZU
2023/4/3 6:00,306,in,3553.86,ZU
2023/4/3 6:00,320,in,3514.04,ZU
2023/4/3 6:00,290,out,1450.54,ZU
2023/4/3 6:00,303,out,1159.1,ZU
2023/4/3 6:00,317,out,689.779,ZU
2023/4/3 6:00,331,out,705.779,ZU
2023/4/3 6:00,365,in,1257.2,ZU
2023/4/3 6:00,367,in,311.979,ZU
2023/4/3 6:00,313,out,225.489,ZU
2023/4/3 6:00,352,in,139.929,ZU
2023/4/3 6:00,419,in,2700.28,ZU
2023/4/3 6:00,434,out,1126.16,ZU
2023/4/3 6:00,435,out,476.799,ZU
2023/4/3 6:00,436,out,1018.66,ZU
2023/4/3 6:00,346,out,385.849,ZU
2023/4/3 6:00,408,in,136.779,ZU
2023/4/3 6:00,93,out,216.404,ZU
2023/4/3 6:00,373,out,4006.4,ZU
2023/4/3 6:00,377,in,2945.88,ZU
2023/4/3 6:00,458,out,27.439,ZU
2023/4/3 6:00,380,in,0,ZU
2023/4/3 6:00,401,out,29.699,ZU
2023/4/3 6:00,528,in,793.359,ZU
2023/4/3 6:00,532,out,794.379,ZU
2023/4/3 6:00,482,in,227.269,ZU
2023/4/3 6:00,525,out,301.849,ZU
2023/4/3 6:00,287,out,29.959,ZU
2023/4/3 6:00,300,out,41.559,ZU
2023/4/3 6:00,308,in,50.299,ZU
2023/4/3 6:00,322,in,0,ZU
2023/4/3 6:00,379,in,28.689,ZU
2023/4/3 6:00,395,out,28.689,ZU
2023/4/3 6:00,289,out,1412.45,ZU
2023/4/3 6:00,302,out,2722.57,ZU
2023/4/3 6:00,451,in,1197.16,ZU
2023/4/3 6:00,452,in,2765.11,ZU
2023/4/3 6:00,524,out,263.889,ZU
2023/4/3 6:00,629,in,25.9005,ZU
2023/4/3 6:00,494,out,2860.02,ZU
2023/4/3 6:00,503,out,2978.74,ZU
2023/4/3 6:00,514,in,5704.1,ZU
2023/4/3 6:00,343,out,266.449,ZU
2023/4/3 6:00,344,out,219.259,ZU
2023/4/3 6:00,348,out,157.269,ZU
2023/4/3 6:00,354,in,96.689,ZU
2023/4/3 6:00,362,out,56.949,ZU
2023/4/3 6:00,411,out,153.739,ZU
2023/4/3 6:00,492,out,179.809,ZU
2023/4/3 6:00,502,out,191.239,ZU
2023/4/3 6:00,623,in,4152.54,ZU
2023/4/3 6:00,402,out,659.829,ZU
2023/4/3 6:00,405,in,658.369,ZU
2023/4/3 6:00,527,in,1667.29,ZU
2023/4/3 6:00,531,out,1711.5,ZU
2023/4/3 6:00,690,out,140.758,ZU
2023/4/3 6:00,691,out,82.4619,ZU
2023/4/3 6:00,692,out,60.3625,ZU
2023/4/3 6:00,81,out,63.8814,ZU
2023/4/3 6:00,81,out,46.043,ZU
2023/4/3 6:00,81,out,119.329,ZU
2023/4/3 6:00,279,in,10848.5,ZU
2023/4/3 6:00,595,out,555.729,ZU
2023/4/3 6:00,134,out,0,ZU
2023/4/3 6:00,293,in,13643.7,ZU
2023/4/3 6:00,397,out,1858.61,ZU
2023/4/3 6:00,606,out,217.904,ZU
2023/4/3 6:00,621,in,452.459,ZU
2023/4/3 6:00,284,out,694.029,ZU
2023/4/3 6:00,297,out,1086.53,ZU
2023/4/3 6:00,443,in,242.439,ZU
2023/4/3 6:00,444,in,1493.11,ZU
2023/4/3 6:00,404,out,325.189,ZU
2023/4/3 6:00,641,out,1382.72,ZU
2023/4/3 6:00,668,in,2601.99,ZU
2023/4/3 6:00,118,out,195.785,ZU
2023/4/3 6:00,90,out,59.4535,ZU
2023/4/3 6:00,117,out,122.364,ZU
2023/4/3 6:00,378,in,1002.2,ZU
2023/4/3 6:00,543,out,178.069,ZU
2023/4/3 6:00,552,out,194.259,ZU
2023/4/3 6:00,558,out,181.079,ZU
2023/4/3 6:00,575,out,80.469,ZU
2023/4/3 6:00,594,in,555.729,ZU
2023/4/3 6:00,604,in,95.2268,ZU
2023/4/3 6:00,121,out,39.2725,ZU
2023/4/3 6:00,422,out,2898.69,ZU
2023/4/3 6:00,437,out,700.139,ZU
2023/4/3 6:00,438,out,697.449,ZU
2023/4/3 6:00,447,out,1701.2,ZU
2023/4/3 6:00,456,out,0,ZU
2023/4/3 6:00,457,out,1625.83,ZU
2023/4/3 6:00,366,in,2583.4,ZU
2023/4/3 6:00,108,out,6259.65,ZU
2023/4/3 6:00,107,out,7538.28,ZU
2023/4/3 6:00,120,out,188.454,ZU
2023/4/3 6:00,106,out,2156.15,ZU
2023/4/3 6:00,82,out,51.4783,ZU
2023/4/3 6:00,82,out,39.3344,ZU
2023/4/3 6:00,610,in,671.31,ZU
2023/4/3 6:00,469,in,229.629,ZU
2023/4/3 6:00,520,out,2946.11,ZU
2023/4/3 6:00,119,out,164.908,ZU
2023/4/3 6:00,95,out,233.323,ZU
2023/4/3 6:00,83,out,175.806,ZU
2023/4/3 6:00,109,out,1945.21,ZU
2023/4/3 6:00,89,out,270.773,ZU
2023/4/3 6:00,644,out,65.9348,ZU
2023/4/3 6:00,618,out,56.6884,ZU
2023/4/3 6:00,88,out,162.972,ZU
2023/4/3 6:00,599,out,164.474,ZU
2023/4/3 6:00,650,out,247.074,ZU
2023/4/3 6:00,627,in,66.4554,ZU
2023/4/3 6:00,85,out,68.9161,ZU
2023/4/3 6:00,86,out,717.879,ZU
2023/4/3 6:00,318,out,1195.88,ZU
2023/4/3 6:00,332,out,1173.48,ZU
2023/4/3 6:00,711,in,4555.88,ZU
2023/4/3 6:00,533,out,0,ZU
2023/4/3 6:00,478,out,697.429,ZU
2023/4/3 6:00,620,in,3314.13,ZU
2023/4/3 6:00,386,out,163.319,ZU
2023/4/3 6:00,410,out,752.369,ZU
2023/4/3 6:00,477,out,179.399,ZU
2023/4/3 6:00,345,out,82.689,ZU
2023/4/3 6:00,403,out,188.979,ZU
2023/4/3 6:00,523,out,898.409,ZU
2023/4/3 6:00,102,in,200.03,ZU
2023/4/3 6:00,521,out,1001.44,ZU
2023/4/3 6:00,686,out,0,ZU
2023/4/3 6:00,80,out,0,ZU
2023/4/3 6:00,687,out,770.379,ZU
2023/4/3 6:00,127,out,770.379,ZU
2023/4/3 6:00,657,out,25.8745,ZU
2023/4/3 6:00,122,out,0,ZU
2023/4/3 6:00,481,in,94.689,ZU
2023/4/3 6:00,642,out,154.487,ZU
2023/4/3 6:00,654,in,0,ZU
2023/4/3 6:00,542,in,0,ZU
2023/4/3 6:00,551,in,0,ZU
2023/4/3 6:00,560,in,0,ZU
2023/4/3 6:00,567,in,0,ZU
2023/4/3 6:00,574,in,0,ZU
2023/4/3 6:00,701,out,69.865,ZU
2023/4/3 6:00,356,in,27.999,ZU
2023/4/3 6:00,357,in,26.289,ZU
2023/4/3 6:00,368,in,79.359,ZU
2023/4/3 6:00,392,in,30.539,ZU
2023/4/3 6:00,449,in,145.639,ZU
2023/4/3 6:00,506,in,28.669,ZU
2023/4/3 6:00,683,out,14372.8,ZU
2023/4/3 6:00,605,in,0,ZU
2023/4/3 6:00,598,in,26.4826,ZU
2023/4/3 6:00,667,in,0,ZU
2023/4/3 6:00,517,in,45.809,ZU
2023/4/3 6:00,616,out,45.8489,ZU
2023/4/3 6:00,516,in,221.469,ZU
2023/4/3 6:00,651,out,221.757,ZU
2023/4/3 6:00,407,in,146.299,ZU
2023/4/3 6:00,607,out,146.891,ZU
2023/4/3 6:00,615,out,1382.8,ZU
2023/4/3 6:00,612,in,1346.07,ZU
2023/4/3 6:00,614,out,4363.02,ZU
2023/4/3 6:00,611,in,2378.91,ZU
2023/4/3 6:00,608,out,72.5437,ZU
2023/4/3 6:00,600,out,913.782,ZU
2023/4/3 6:00,603,in,889.752,ZU
2023/4/3 6:00,617,out,621.166,ZU
2023/4/3 6:00,643,out,452.15,ZU
2023/4/3 6:00,649,out,144.625,ZU
2023/4/3 6:00,645,out,469.463,ZU
2023/4/3 6:00,639,out,1112.12,ZU
2023/4/3 6:00,358,out,82.629,ZU
2023/4/3 6:00,665,out,2,ZU
2023/4/3 6:00,628,in,120.103,ZU
2023/4/3 6:00,640,out,2319.46,ZU
2023/4/3 6:00,652,in,1904.97,ZU
2023/4/3 6:00,658,in,2905.23,ZU
2023/4/3 6:00,609,in,727.622,ZU
2023/4/3 6:00,689,out,2174.74,ZU
2023/4/3 6:00,679,in,2138.39,ZU
2023/4/3 6:00,655,out,29.9424,ZU
2023/4/3 6:00,633,in,29.9424,ZU
2023/4/3 6:00,656,out,102.134,ZU
2023/4/3 6:00,699,in,102.134,ZU
2023/4/3 6:00,672,out,0,ZU
2023/4/3 6:00,661,in,0,ZU
2023/4/3 6:00,669,out,-30.3886,ZU
2023/4/3 6:00,697,in,-30.3886,ZU
2023/4/3 6:00,670,out,0,ZU
2023/4/3 6:00,622,in,29.0875,ZU
2023/4/3 6:00,646,out,35.6908,ZU
2023/4/3 6:00,648,in,35.6908,ZU
2023/4/3 6:00,662,out,542.998,ZU
2023/4/3 6:00,700,in,542.998,ZU
2023/4/3 6:00,602,out,27.2208,ZU
2023/4/3 6:00,631,in,27.2208,ZU
2023/4/3 6:00,601,out,59.9784,ZU
2023/4/3 6:00,739,in,58.0367,ZU
2023/4/3 6:00,671,out,25.9261,ZU
2023/4/3 6:00,737,in,26.3663,ZU
2023/4/3 6:00,619,out,58.7318,ZU
2023/4/3 6:00,613,consume,58.7318,ZU
2023/4/3 6:00,664,out,26.0392,ZU
2023/4/3 6:00,632,in,26.1994,ZU
2023/4/3 6:00,347,out,445.889,ZU
2023/4/3 6:00,359,out,135.219,ZU
2023/4/3 6:00,526,out,338.389,ZU
2023/4/3 6:00,624,in,2204.2,ZU
2023/4/3 6:00,718,in,0,ZU
2023/4/3 6:00,653,in,1,ZU
2023/4/3 6:00,659,in,77.1726,ZU
2023/4/3 6:00,597,in,493.819,ZU
2023/4/3 6:00,647,in,458.104,ZU
2023/4/3 6:00,279,in,10848.5,NODE
2023/4/3 6:00,280,in,249.269,NODE
2023/4/3 6:00,281,out,31.569,NODE
2023/4/3 6:00,282,out,146.609,NODE
2023/4/3 6:00,283,out,1613.34,NODE
2023/4/3 6:00,284,out,694.029,NODE
2023/4/3 6:00,285,out,1079.86,NODE
2023/4/3 6:00,286,out,771.439,NODE
2023/4/3 6:00,287,out,29.959,NODE
2023/4/3 6:00,288,out,534.649,NODE
2023/4/3 6:00,289,out,1412.45,NODE
2023/4/3 6:00,290,out,1450.54,NODE
2023/4/3 6:00,291,out,3566.28,NODE
2023/4/3 6:00,292,consume,50.499,NODE
2023/4/3 6:00,306,in,3553.86,NODE
2023/4/3 6:00,307,in,35.989,NODE
2023/4/3 6:00,308,in,50.299,NODE
2023/4/3 6:00,309,in,49.889,NODE
2023/4/3 6:00,310,in,0,NODE
2023/4/3 6:00,312,out,0,NODE
2023/4/3 6:00,313,out,225.489,NODE
2023/4/3 6:00,314,out,112.799,NODE
2023/4/3 6:00,315,out,389.889,NODE
2023/4/3 6:00,316,out,1112.53,NODE
2023/4/3 6:00,317,out,689.779,NODE
2023/4/3 6:00,318,out,1195.88,NODE
2023/4/3 6:00,319,consume,101.349,NODE
2023/4/3 6:00,707,out,41.309,NODE
2023/4/3 6:00,351,in,153.359,NODE
2023/4/3 6:00,352,in,139.929,NODE
2023/4/3 6:00,353,in,194.769,NODE
2023/4/3 6:00,354,in,96.689,NODE
2023/4/3 6:00,355,in,30.759,NODE
2023/4/3 6:00,356,in,27.999,NODE
2023/4/3 6:00,357,in,26.289,NODE
2023/4/3 6:00,358,out,82.629,NODE
2023/4/3 6:00,359,out,135.219,NODE
2023/4/3 6:00,360,out,308.999,NODE
2023/4/3 6:00,361,out,30.849,NODE
2023/4/3 6:00,362,out,56.949,NODE
2023/4/3 6:00,363,out,29.259,NODE
2023/4/3 6:00,364,out,25.889,NODE
2023/4/3 6:00,334,in,164.279,NODE
2023/4/3 6:00,335,in,693.069,NODE
2023/4/3 6:00,336,in,266.029,NODE
2023/4/3 6:00,337,in,648.799,NODE
2023/4/3 6:00,338,in,89.989,NODE
2023/4/3 6:00,339,in,25.939,NODE
2023/4/3 6:00,340,in,0,NODE
2023/4/3 6:00,341,out,31.079,NODE
2023/4/3 6:00,342,out,312.739,NODE
2023/4/3 6:00,343,out,266.449,NODE
2023/4/3 6:00,344,out,219.259,NODE
2023/4/3 6:00,345,out,82.689,NODE
2023/4/3 6:00,346,out,385.849,NODE
2023/4/3 6:00,347,out,445.889,NODE
2023/4/3 6:00,348,out,157.269,NODE
2023/4/3 6:00,349,out,30.969,NODE
2023/4/3 6:00,350,out,0,NODE
2023/4/3 6:00,709,out,59.429,NODE
2023/4/3 6:00,293,in,13643.7,NODE
2023/4/3 6:00,294,out,33.219,NODE
2023/4/3 6:00,295,out,110.949,NODE
2023/4/3 6:00,296,out,1836.76,NODE
2023/4/3 6:00,297,out,1086.53,NODE
2023/4/3 6:00,298,out,1699.92,NODE
2023/4/3 6:00,299,out,710.199,NODE
2023/4/3 6:00,300,out,41.559,NODE
2023/4/3 6:00,301,out,599.829,NODE
2023/4/3 6:00,302,out,2722.57,NODE
2023/4/3 6:00,303,out,1159.1,NODE
2023/4/3 6:00,304,out,3829.44,NODE
2023/4/3 6:00,305,consume,25.919,NODE
2023/4/3 6:00,320,in,3514.04,NODE
2023/4/3 6:00,321,in,38.909,NODE
2023/4/3 6:00,322,in,0,NODE
2023/4/3 6:00,323,in,45.189,NODE
2023/4/3 6:00,324,in,0,NODE
2023/4/3 6:00,326,out,0,NODE
2023/4/3 6:00,327,out,216.679,NODE
2023/4/3 6:00,328,out,108.469,NODE
2023/4/3 6:00,329,out,419.739,NODE
2023/4/3 6:00,330,out,1020.26,NODE
2023/4/3 6:00,331,out,705.779,NODE
2023/4/3 6:00,332,out,1173.48,NODE
2023/4/3 6:00,333,consume,100.449,NODE
2023/4/3 6:00,708,out,57.249,NODE
2023/4/3 6:00,365,in,1257.2,NODE
2023/4/3 6:00,366,in,2583.4,NODE
2023/4/3 6:00,367,in,311.979,NODE
2023/4/3 6:00,368,in,79.359,NODE
2023/4/3 6:00,369,consume,29.989,NODE
2023/4/3 6:00,370,out,37.719,NODE
2023/4/3 6:00,371,out,38.849,NODE
2023/4/3 6:00,372,out,82.949,NODE
2023/4/3 6:00,373,out,4006.4,NODE
2023/4/3 6:00,374,out,0,NODE
2023/4/3 6:00,375,out,26.369,NODE
2023/4/3 6:00,376,out,0,NODE
2023/4/3 6:00,722,out,75.879,NODE
2023/4/3 6:00,377,in,2945.88,NODE
2023/4/3 6:00,378,in,1002.2,NODE
2023/4/3 6:00,379,in,28.689,NODE
2023/4/3 6:00,380,in,0,NODE
2023/4/3 6:00,381,out,160.949,NODE
2023/4/3 6:00,382,out,937.349,NODE
2023/4/3 6:00,383,out,1872.06,NODE
2023/4/3 6:00,384,out,192.519,NODE
2023/4/3 6:00,385,out,497.519,NODE
2023/4/3 6:00,386,out,163.319,NODE
2023/4/3 6:00,387,consume,236.879,NODE
2023/4/3 6:00,388,out,236.879,NODE
2023/4/3 6:00,392,in,30.539,NODE
2023/4/3 6:00,393,consume,48.439,NODE
2023/4/3 6:00,394,in,1861.52,NODE
2023/4/3 6:00,395,out,28.689,NODE
2023/4/3 6:00,396,out,37.249,NODE
2023/4/3 6:00,397,out,1858.61,NODE
2023/4/3 6:00,398,out,0,NODE
2023/4/3 6:00,400,in,1130.43,NODE
2023/4/3 6:00,401,out,29.699,NODE
2023/4/3 6:00,402,out,659.829,NODE
2023/4/3 6:00,403,out,188.979,NODE
2023/4/3 6:00,404,out,325.189,NODE
2023/4/3 6:00,405,in,658.369,NODE
2023/4/3 6:00,406,in,25.919,NODE
2023/4/3 6:00,407,in,146.299,NODE
2023/4/3 6:00,408,in,136.779,NODE
2023/4/3 6:00,409,out,31.329,NODE
2023/4/3 6:00,410,out,752.369,NODE
2023/4/3 6:00,411,out,153.739,NODE
2023/4/3 6:00,412,out,0,NODE
2023/4/3 6:00,413,out,0,NODE
2023/4/3 6:00,449,in,145.639,NODE
2023/4/3 6:00,450,consume,98.969,NODE
2023/4/3 6:00,451,in,1197.16,NODE
2023/4/3 6:00,452,in,2765.11,NODE
2023/4/3 6:00,453,out,382.759,NODE
2023/4/3 6:00,454,out,0,NODE
2023/4/3 6:00,455,out,1649.38,NODE
2023/4/3 6:00,456,out,0,NODE
2023/4/3 6:00,457,out,1625.83,NODE
2023/4/3 6:00,458,out,27.439,NODE
2023/4/3 6:00,459,out,75.879,NODE
2023/4/3 6:00,460,out,300.669,NODE
2023/4/3 6:00,461,out,53.969,NODE
2023/4/3 6:00,462,out,70.119,NODE
2023/4/3 6:00,463,out,0,NODE
2023/4/3 6:00,464,out,0,NODE
2023/4/3 6:00,465,out,26.879,NODE
2023/4/3 6:00,723,out,75.879,NODE
2023/4/3 6:00,414,in,3231.03,NODE
2023/4/3 6:00,415,in,0,NODE
2023/4/3 6:00,416,in,378.479,NODE
2023/4/3 6:00,417,in,95.769,NODE
2023/4/3 6:00,418,consume,48.499,NODE
2023/4/3 6:00,419,in,2700.28,NODE
2023/4/3 6:00,420,out,348.369,NODE
2023/4/3 6:00,421,out,2496.51,NODE
2023/4/3 6:00,422,out,2898.69,NODE
2023/4/3 6:00,423,out,562.999,NODE
2023/4/3 6:00,424,out,45.319,NODE
2023/4/3 6:00,425,out,28.029,NODE
2023/4/3 6:00,426,out,0,NODE
2023/4/3 6:00,427,out,52.569,NODE
2023/4/3 6:00,724,out,75.779,NODE
2023/4/3 6:00,428,in,107.379,NODE
2023/4/3 6:00,429,consume,72.479,NODE
2023/4/3 6:00,430,in,1150.13,NODE
2023/4/3 6:00,431,in,2799.65,NODE
2023/4/3 6:00,432,out,57.269,NODE
2023/4/3 6:00,433,out,54.319,NODE
2023/4/3 6:00,434,out,1126.16,NODE
2023/4/3 6:00,435,out,476.799,NODE
2023/4/3 6:00,436,out,1018.66,NODE
2023/4/3 6:00,437,out,700.139,NODE
2023/4/3 6:00,438,out,697.449,NODE
2023/4/3 6:00,439,out,0,NODE
2023/4/3 6:00,440,out,37.529,NODE
2023/4/3 6:00,725,out,43.189,NODE
2023/4/3 6:00,441,consume,33.789,NODE
2023/4/3 6:00,442,in,31.259,NODE
2023/4/3 6:00,443,in,242.439,NODE
2023/4/3 6:00,444,in,1493.11,NODE
2023/4/3 6:00,445,out,0,NODE
2023/4/3 6:00,446,out,39.579,NODE
2023/4/3 6:00,447,out,1701.2,NODE
2023/4/3 6:00,466,in,36.509,NODE
2023/4/3 6:00,467,consume,0,NODE
2023/4/3 6:00,468,in,623.139,NODE
2023/4/3 6:00,469,in,229.629,NODE
2023/4/3 6:00,470,out,44.539,NODE
2023/4/3 6:00,471,out,818.569,NODE
2023/4/3 6:00,472,out,0,NODE
2023/4/3 6:00,473,out,0,NODE
2023/4/3 6:00,474,in,529.189,NODE
2023/4/3 6:00,475,in,348.369,NODE
2023/4/3 6:00,476,in,0,NODE
2023/4/3 6:00,477,out,179.399,NODE
2023/4/3 6:00,478,out,697.429,NODE
2023/4/3 6:00,505,in,4200.85,NODE
2023/4/3 6:00,506,in,28.669,NODE
2023/4/3 6:00,507,in,109.649,NODE
2023/4/3 6:00,508,consume,88.839,NODE
2023/4/3 6:00,509,out,625.279,NODE
2023/4/3 6:00,510,out,3515.9,NODE
2023/4/3 6:00,511,out,49.289,NODE
2023/4/3 6:00,512,out,174.579,NODE
2023/4/3 6:00,513,out,0,NODE
2023/4/3 6:00,489,in,3408.48,NODE
2023/4/3 6:00,490,in,36.319,NODE
2023/4/3 6:00,491,consume,205.529,NODE
2023/4/3 6:00,492,out,179.809,NODE
2023/4/3 6:00,493,out,132.289,NODE
2023/4/3 6:00,494,out,2860.02,NODE
2023/4/3 6:00,495,out,0,NODE
2023/4/3 6:00,496,out,324.439,NODE
2023/4/3 6:00,497,in,3500.53,NODE
2023/4/3 6:00,498,in,35.969,NODE
2023/4/3 6:00,499,consume,199.189,NODE
2023/4/3 6:00,500,out,106.649,NODE
2023/4/3 6:00,501,out,311.629,NODE
2023/4/3 6:00,502,out,191.239,NODE
2023/4/3 6:00,503,out,2978.74,NODE
2023/4/3 6:00,504,out,0,NODE
2023/4/3 6:00,479,in,106.079,NODE
2023/4/3 6:00,480,in,496.779,NODE
2023/4/3 6:00,481,in,94.689,NODE
2023/4/3 6:00,482,in,227.269,NODE
2023/4/3 6:00,483,in,589.249,NODE
2023/4/3 6:00,484,out,354.239,NODE
2023/4/3 6:00,485,out,0,NODE
2023/4/3 6:00,486,out,602.679,NODE
2023/4/3 6:00,487,out,505.389,NODE
2023/4/3 6:00,488,out,0,NODE
2023/4/3 6:00,710,out,33.979,NODE
2023/4/3 6:00,514,in,5704.1,NODE
2023/4/3 6:00,515,in,0,NODE
2023/4/3 6:00,516,in,221.469,NODE
2023/4/3 6:00,517,in,45.809,NODE
2023/4/3 6:00,518,in,90.099,NODE
2023/4/3 6:00,519,consume,462.929,NODE
2023/4/3 6:00,520,out,2946.11,NODE
2023/4/3 6:00,521,out,1001.44,NODE
2023/4/3 6:00,522,out,343.799,NODE
2023/4/3 6:00,523,out,898.409,NODE
2023/4/3 6:00,524,out,263.889,NODE
2023/4/3 6:00,525,out,301.849,NODE
2023/4/3 6:00,526,out,338.389,NODE
2023/4/3 6:00,527,in,1667.29,NODE
2023/4/3 6:00,528,in,793.359,NODE
2023/4/3 6:00,529,in,0,NODE
2023/4/3 6:00,530,in,0,NODE
2023/4/3 6:00,531,out,1711.5,NODE
2023/4/3 6:00,532,out,794.379,NODE
2023/4/3 6:00,533,out,0,NODE
2023/4/3 6:00,534,out,0,NODE
2023/4/3 6:00,539,in,0,NODE
2023/4/3 6:00,541,consume,35.329,NODE
2023/4/3 6:00,542,in,0,NODE
2023/4/3 6:00,543,out,178.069,NODE
2023/4/3 6:00,544,out,0,NODE
2023/4/3 6:00,715,in,178.559,NODE
2023/4/3 6:00,726,consume,182.569,NODE
2023/4/3 6:00,549,in,26.069,NODE
2023/4/3 6:00,550,consume,36.289,NODE
2023/4/3 6:00,551,in,0,NODE
2023/4/3 6:00,552,out,194.259,NODE
2023/4/3 6:00,720,in,195.359,NODE
2023/4/3 6:00,728,consume,184.089,NODE
2023/4/3 6:00,556,in,25.959,NODE
2023/4/3 6:00,558,out,181.079,NODE
2023/4/3 6:00,559,consume,35.159,NODE
2023/4/3 6:00,560,in,0,NODE
2023/4/3 6:00,561,out,82.489,NODE
2023/4/3 6:00,719,in,238.479,NODE
2023/4/3 6:00,729,consume,180.029,NODE
2023/4/3 6:00,565,in,0,NODE
2023/4/3 6:00,566,consume,0,NODE
2023/4/3 6:00,567,in,0,NODE
2023/4/3 6:00,568,out,0,NODE
2023/4/3 6:00,721,in,0,NODE
2023/4/3 6:00,730,consume,0,NODE
2023/4/3 6:00,572,in,0,NODE
2023/4/3 6:00,573,consume,28.949,NODE
2023/4/3 6:00,574,in,0,NODE
2023/4/3 6:00,575,out,80.469,NODE
2023/4/3 6:00,714,in,80.859,NODE
2023/4/3 6:00,731,consume,82.379,NODE
2023/4/3 6:00,576,in,1826.01,NODE
2023/4/3 6:00,578,in,2305.12,NODE
2023/4/3 6:00,579,out,33.439,NODE
2023/4/3 6:00,580,out,0,NODE
2023/4/3 6:00,581,out,1488.66,NODE
2023/4/3 6:00,716,out,30.389,NODE
2023/4/3 6:00,582,in,4042.98,NODE
2023/4/3 6:00,584,out,163.909,NODE
2023/4/3 6:00,585,out,1784.01,NODE
2023/4/3 6:00,586,in,8848.53,NODE
2023/4/3 6:00,587,out,412.639,NODE
2023/4/3 6:00,588,out,7709.9,NODE
2023/4/3 6:00,589,in,5255.16,NODE
2023/4/3 6:00,590,in,8706.69,NODE
2023/4/3 6:00,591,out,139.799,NODE
2023/4/3 6:00,592,out,5467.26,NODE
2023/4/3 6:00,593,out,8942.27,NODE
2023/4/3 6:00,717,out,92.069,NODE
2023/4/3 6:00,594,in,555.729,NODE
2023/4/3 6:00,595,out,555.729,NODE
2023/4/3 6:00,642,out,90.1832,NODE
2023/4/3 6:00,638,out,785.213,NODE
2023/4/3 6:00,644,out,65.9348,NODE
2023/4/3 6:00,643,out,452.15,NODE
2023/4/3 6:00,645,out,469.463,NODE
2023/4/3 6:00,641,out,704.301,NODE
2023/4/3 6:00,639,out,568.997,NODE
2023/4/3 6:00,640,out,1172.67,NODE
2023/4/3 6:00,646,out,35.6908,NODE
2023/4/3 6:00,628,in,72.991,NODE
2023/4/3 6:00,633,in,29.9424,NODE
2023/4/3 6:00,622,in,29.0875,NODE
2023/4/3 6:00,631,in,27.2208,NODE
2023/4/3 6:00,626,consume,-169.377,NODE
2023/4/3 6:00,627,in,66.4554,NODE
2023/4/3 6:00,739,in,58.0367,NODE
2023/4/3 6:00,737,in,26.3663,NODE
2023/4/3 6:00,632,in,26.0392,NODE
2023/4/3 6:00,624,in,751.986,NODE
2023/4/3 6:00,620,in,1670,NODE
2023/4/3 6:00,629,in,25.9005,NODE
2023/4/3 6:00,718,in,0,NODE
2023/4/3 6:00,623,in,1057.54,NODE
2023/4/3 6:00,621,in,452.459,NODE
2023/4/3 6:00,600,out,321.847,NODE
2023/4/3 6:00,599,out,164.474,NODE
2023/4/3 6:00,602,out,27.2208,NODE
2023/4/3 6:00,601,out,59.9784,NODE
2023/4/3 6:00,598,in,26.4826,NODE
2023/4/3 6:00,597,in,493.819,NODE
2023/4/3 6:00,607,out,146.891,NODE
2023/4/3 6:00,606,out,217.904,NODE
2023/4/3 6:00,608,out,72.5437,NODE
2023/4/3 6:00,605,in,0,NODE
2023/4/3 6:00,603,in,313.837,NODE
2023/4/3 6:00,604,in,95.2268,NODE
2023/4/3 6:00,616,out,45.8489,NODE
2023/4/3 6:00,615,out,1382.8,NODE
2023/4/3 6:00,618,out,41.2837,NODE
2023/4/3 6:00,614,out,1110.17,NODE
2023/4/3 6:00,617,out,621.166,NODE
2023/4/3 6:00,619,out,58.7318,NODE
2023/4/3 6:00,613,consume,58.7318,NODE
2023/4/3 6:00,610,in,671.31,NODE
2023/4/3 6:00,609,in,259.793,NODE
2023/4/3 6:00,612,in,1346.07,NODE
2023/4/3 6:00,611,in,810.224,NODE
2023/4/3 6:00,651,out,221.757,NODE
2023/4/3 6:00,650,out,136.477,NODE
2023/4/3 6:00,649,out,144.625,NODE
2023/4/3 6:00,648,in,35.6908,NODE
2023/4/3 6:00,647,in,458.104,NODE
2023/4/3 6:00,657,out,25.8745,NODE
2023/4/3 6:00,655,out,29.9424,NODE
2023/4/3 6:00,656,out,492.984,NODE
2023/4/3 6:00,652,in,495.652,NODE
2023/4/3 6:00,654,in,0,NODE
2023/4/3 6:00,653,in,1,NODE
2023/4/3 6:00,665,out,2,NODE
2023/4/3 6:00,662,out,779.623,NODE
2023/4/3 6:00,664,out,26.0392,NODE
2023/4/3 6:00,661,in,0,NODE
2023/4/3 6:00,658,in,745.716,NODE
2023/4/3 6:00,659,in,77.1726,NODE
2023/4/3 6:00,672,out,0,NODE
2023/4/3 6:00,669,out,325.379,NODE
2023/4/3 6:00,670,out,0,NODE
2023/4/3 6:00,671,out,25.9261,NODE
2023/4/3 6:00,667,in,0,NODE
2023/4/3 6:00,668,in,541.102,NODE
2023/4/3 6:00,686,out,0,NODE
2023/4/3 6:00,687,out,770.379,NODE
2023/4/3 6:00,684,out,139.192,NODE
2023/4/3 6:00,685,out,283.931,NODE
2023/4/3 6:00,683,out,1619.98,NODE
2023/4/3 6:00,681,out,1560.15,NODE
2023/4/3 6:00,682,out,309.417,NODE
2023/4/3 6:00,679,in,2138.39,NODE
2023/4/3 6:00,711,in,2290.88,NODE
2023/4/3 6:00,712,in,568.879,NODE
2023/4/3 6:00,701,out,34.6762,NODE
2023/4/3 6:00,690,out,140.758,NODE
2023/4/3 6:00,691,out,82.4619,NODE
2023/4/3 6:00,692,out,60.3625,NODE
2023/4/3 6:00,689,out,2174.74,NODE
2023/4/3 6:00,699,in,102.134,NODE
2023/4/3 6:00,700,in,542.998,NODE
2023/4/3 6:00,697,in,-30.3886,NODE
2023/4/3 6:00,102,in,200.03,NODE
2023/4/3 6:00,129,in,909.879,NODE
2023/4/3 6:00,80,out,0,NODE
2023/4/3 6:00,81,out,119.329,NODE
2023/4/3 6:00,81,out,46.043,NODE
2023/4/3 6:00,81,out,63.8814,NODE
2023/4/3 6:00,82,out,39.3344,NODE
2023/4/3 6:00,82,out,51.4783,NODE
2023/4/3 6:00,83,out,175.806,NODE
2023/4/3 6:00,85,out,68.9161,NODE
2023/4/3 6:00,86,out,717.879,NODE
2023/4/3 6:00,88,out,162.972,NODE
2023/4/3 6:00,89,out,270.773,NODE
2023/4/3 6:00,90,out,59.4535,NODE
2023/4/3 6:00,93,out,216.404,NODE
2023/4/3 6:00,95,out,233.323,NODE
2023/4/3 6:00,106,out,2156.15,NODE
2023/4/3 6:00,107,out,7538.28,NODE
2023/4/3 6:00,108,out,6259.65,NODE
2023/4/3 6:00,109,out,1945.21,NODE
2023/4/3 6:00,117,out,122.364,NODE
2023/4/3 6:00,118,out,195.785,NODE
2023/4/3 6:00,119,out,164.908,NODE
2023/4/3 6:00,120,out,188.454,NODE
2023/4/3 6:00,121,out,39.2725,NODE
2023/4/3 6:00,122,out,0,NODE
2023/4/3 6:00,127,out,770.379,NODE
2023/4/3 6:00,134,out,0,NODE
2023/4/3 18:00,334,in,164.499,ZU
2023/4/3 18:00,370,out,37.649,ZU
2023/4/3 18:00,425,out,28.029,ZU
2023/4/3 18:00,433,out,54.819,ZU
2023/4/3 18:00,445,out,0,ZU
2023/4/3 18:00,461,out,54.009,ZU
2023/4/3 18:00,470,out,41.949,ZU
2023/4/3 18:00,511,out,49.229,ZU
2023/4/3 18:00,335,in,722.809,ZU
2023/4/3 18:00,423,out,580.599,ZU
2023/4/3 18:00,460,out,306.509,ZU
2023/4/3 18:00,280,in,249.389,ZU
2023/4/3 18:00,349,out,30.969,ZU
2023/4/3 18:00,363,out,29.259,ZU
2023/4/3 18:00,372,out,87.039,ZU
2023/4/3 18:00,472,out,0,ZU
2023/4/3 18:00,512,out,172.009,ZU
2023/4/3 18:00,712,in,520.879,ZU
2023/4/3 18:00,129,in,1026.88,ZU
2023/4/3 18:00,292,consume,50.379,ZU
2023/4/3 18:00,305,consume,25.919,ZU
2023/4/3 18:00,319,consume,101.459,ZU
2023/4/3 18:00,333,consume,101.229,ZU
2023/4/3 18:00,342,out,311.379,ZU
2023/4/3 18:00,360,out,313.679,ZU
2023/4/3 18:00,369,consume,29.969,ZU
2023/4/3 18:00,393,consume,48.339,ZU
2023/4/3 18:00,396,out,37.849,ZU
2023/4/3 18:00,409,out,31.099,ZU
2023/4/3 18:00,418,consume,48.639,ZU
2023/4/3 18:00,429,consume,71.749,ZU
2023/4/3 18:00,441,consume,33.759,ZU
2023/4/3 18:00,450,consume,98.469,ZU
2023/4/3 18:00,491,consume,204.999,ZU
2023/4/3 18:00,499,consume,194.899,ZU
2023/4/3 18:00,508,consume,88.799,ZU
2023/4/3 18:00,519,consume,453.559,ZU
2023/4/3 18:00,541,consume,35.129,ZU
2023/4/3 18:00,550,consume,36.089,ZU
2023/4/3 18:00,559,consume,34.769,ZU
2023/4/3 18:00,573,consume,29.059,ZU
2023/4/3 18:00,681,out,1545.93,ZU
2023/4/3 18:00,682,out,312.532,ZU
2023/4/3 18:00,638,out,1542.75,ZU
2023/4/3 18:00,626,consume,-158.669,ZU
2023/4/3 18:00,453,out,289.649,ZU
2023/4/3 18:00,474,in,517.169,ZU
2023/4/3 18:00,493,out,132.319,ZU
2023/4/3 18:00,500,out,129.069,ZU
2023/4/3 18:00,509,out,624.639,ZU
2023/4/3 18:00,361,out,30.539,ZU
2023/4/3 18:00,544,out,0,ZU
2023/4/3 18:00,561,out,80.359,ZU
2023/4/3 18:00,579,out,33.079,ZU
2023/4/3 18:00,584,out,144.229,ZU
2023/4/3 18:00,587,out,412.399,ZU
2023/4/3 18:00,591,out,141.369,ZU
2023/4/3 18:00,707,out,41.489,ZU
2023/4/3 18:00,708,out,58.069,ZU
2023/4/3 18:00,709,out,58.699,ZU
2023/4/3 18:00,710,out,34.189,ZU
2023/4/3 18:00,714,in,80.579,ZU
2023/4/3 18:00,715,in,175.879,ZU
2023/4/3 18:00,716,out,34.129,ZU
2023/4/3 18:00,717,out,92.629,ZU
2023/4/3 18:00,719,in,239.879,ZU
2023/4/3 18:00,720,in,200.879,ZU
2023/4/3 18:00,721,in,0,ZU
2023/4/3 18:00,722,out,138.529,ZU
2023/4/3 18:00,723,out,65.879,ZU
2023/4/3 18:00,724,out,76.529,ZU
2023/4/3 18:00,725,out,42.579,ZU
2023/4/3 18:00,684,out,584.25,ZU
2023/4/3 18:00,685,out,1299.45,ZU
2023/4/3 18:00,286,out,809.409,ZU
2023/4/3 18:00,384,out,195.869,ZU
2023/4/3 18:00,416,in,382.789,ZU
2023/4/3 18:00,282,out,148.589,ZU
2023/4/3 18:00,295,out,110.679,ZU
2023/4/3 18:00,336,in,270.829,ZU
2023/4/3 18:00,316,out,1054.06,ZU
2023/4/3 18:00,330,out,1011.71,ZU
2023/4/3 18:00,385,out,497.979,ZU
2023/4/3 18:00,414,in,3244.93,ZU
2023/4/3 18:00,338,in,90.069,ZU
2023/4/3 18:00,355,in,30.649,ZU
2023/4/3 18:00,421,out,2672.44,ZU
2023/4/3 18:00,455,out,1765.88,ZU
2023/4/3 18:00,489,in,3410.7,ZU
2023/4/3 18:00,497,in,3501.85,ZU
2023/4/3 18:00,510,out,3454.24,ZU
2023/4/3 18:00,339,in,25.939,ZU
2023/4/3 18:00,406,in,25.919,ZU
2023/4/3 18:00,417,in,94.759,ZU
2023/4/3 18:00,428,in,107.929,ZU
2023/4/3 18:00,442,in,31.309,ZU
2023/4/3 18:00,466,in,36.169,ZU
2023/4/3 18:00,484,out,353.369,ZU
2023/4/3 18:00,490,in,36.319,ZU
2023/4/3 18:00,498,in,35.959,ZU
2023/4/3 18:00,518,in,92.939,ZU
2023/4/3 18:00,539,in,0,ZU
2023/4/3 18:00,549,in,26.069,ZU
2023/4/3 18:00,556,in,26.049,ZU
2023/4/3 18:00,572,in,0,ZU
2023/4/3 18:00,420,out,320.189,ZU
2023/4/3 18:00,475,in,320.189,ZU
2023/4/3 18:00,371,out,38.939,ZU
2023/4/3 18:00,424,out,51.109,ZU
2023/4/3 18:00,432,out,57.069,ZU
2023/4/3 18:00,462,out,70.109,ZU
2023/4/3 18:00,479,in,105.939,ZU
2023/4/3 18:00,337,in,661.649,ZU
2023/4/3 18:00,486,out,614.799,ZU
2023/4/3 18:00,281,out,30.979,ZU
2023/4/3 18:00,294,out,33.469,ZU
2023/4/3 18:00,307,in,36.219,ZU
2023/4/3 18:00,321,in,38.709,ZU
2023/4/3 18:00,483,in,586.999,ZU
2023/4/3 18:00,496,out,322.709,ZU
2023/4/3 18:00,501,out,311.589,ZU
2023/4/3 18:00,351,in,156.869,ZU
2023/4/3 18:00,381,out,164.579,ZU
2023/4/3 18:00,314,out,117.079,ZU
2023/4/3 18:00,328,out,109.349,ZU
2023/4/3 18:00,382,out,942.549,ZU
2023/4/3 18:00,400,in,1161.81,ZU
2023/4/3 18:00,383,out,1874.15,ZU
2023/4/3 18:00,394,in,1884.12,ZU
2023/4/3 18:00,387,consume,185.989,ZU
2023/4/3 18:00,388,out,185.989,ZU
2023/4/3 18:00,327,out,218.399,ZU
2023/4/3 18:00,353,in,196.279,ZU
2023/4/3 18:00,283,out,1651.57,ZU
2023/4/3 18:00,296,out,1941.95,ZU
2023/4/3 18:00,309,in,49.879,ZU
2023/4/3 18:00,315,out,392.979,ZU
2023/4/3 18:00,323,in,45.199,ZU
2023/4/3 18:00,329,out,441.849,ZU
2023/4/3 18:00,468,in,577.469,ZU
2023/4/3 18:00,469,in,277.049,ZU
2023/4/3 18:00,471,out,822.799,ZU
2023/4/3 18:00,505,in,4204.7,ZU
2023/4/3 18:00,285,out,1078.49,ZU
2023/4/3 18:00,288,out,521.809,ZU
2023/4/3 18:00,298,out,1724.14,ZU
2023/4/3 18:00,299,out,1022.57,ZU
2023/4/3 18:00,301,out,616.309,ZU
2023/4/3 18:00,374,out,0,ZU
2023/4/3 18:00,430,in,1190.53,ZU
2023/4/3 18:00,431,in,2770.07,ZU
2023/4/3 18:00,291,out,3444.11,ZU
2023/4/3 18:00,304,out,3995.82,ZU
2023/4/3 18:00,306,in,3482.17,ZU
2023/4/3 18:00,320,in,3497.01,ZU
2023/4/3 18:00,290,out,1443.63,ZU
2023/4/3 18:00,303,out,1210.5,ZU
2023/4/3 18:00,317,out,689.799,ZU
2023/4/3 18:00,331,out,677.179,ZU
2023/4/3 18:00,365,in,1258.11,ZU
2023/4/3 18:00,367,in,320.239,ZU
2023/4/3 18:00,313,out,224.829,ZU
2023/4/3 18:00,352,in,140.069,ZU
2023/4/3 18:00,419,in,2855.82,ZU
2023/4/3 18:00,434,out,1015.98,ZU
2023/4/3 18:00,435,out,646.769,ZU
2023/4/3 18:00,436,out,1109.69,ZU
2023/4/3 18:00,346,out,405.899,ZU
2023/4/3 18:00,408,in,125.919,ZU
2023/4/3 18:00,93,out,50.3882,ZU
2023/4/3 18:00,373,out,3949.73,ZU
2023/4/3 18:00,377,in,2911.21,ZU
2023/4/3 18:00,378,in,978.939,ZU
2023/4/3 18:00,458,out,27.259,ZU
2023/4/3 18:00,380,in,0,ZU
2023/4/3 18:00,401,out,30.559,ZU
2023/4/3 18:00,528,in,798.909,ZU
2023/4/3 18:00,532,out,809.669,ZU
2023/4/3 18:00,482,in,243.019,ZU
2023/4/3 18:00,525,out,274.989,ZU
2023/4/3 18:00,287,out,29.869,ZU
2023/4/3 18:00,300,out,42.509,ZU
2023/4/3 18:00,308,in,51.289,ZU
2023/4/3 18:00,322,in,0,ZU
2023/4/3 18:00,379,in,28.459,ZU
2023/4/3 18:00,395,out,28.459,ZU
2023/4/3 18:00,289,out,1403.04,ZU
2023/4/3 18:00,302,out,2959.5,ZU
2023/4/3 18:00,451,in,1198,ZU
2023/4/3 18:00,452,in,2766.44,ZU
2023/4/3 18:00,524,out,262.359,ZU
2023/4/3 18:00,629,in,25.9005,ZU
2023/4/3 18:00,494,out,2863.78,ZU
2023/4/3 18:00,503,out,2969.28,ZU
2023/4/3 18:00,514,in,5685.4,ZU
2023/4/3 18:00,343,out,270.809,ZU
2023/4/3 18:00,344,out,232.459,ZU
2023/4/3 18:00,348,out,159.979,ZU
2023/4/3 18:00,354,in,95.599,ZU
2023/4/3 18:00,362,out,56.309,ZU
2023/4/3 18:00,411,out,154.039,ZU
2023/4/3 18:00,492,out,179.969,ZU
2023/4/3 18:00,502,out,179.629,ZU
2023/4/3 18:00,623,in,5180.41,ZU
2023/4/3 18:00,402,out,656.539,ZU
2023/4/3 18:00,405,in,673.029,ZU
2023/4/3 18:00,527,in,1692.5,ZU
2023/4/3 18:00,531,out,1729.47,ZU
2023/4/3 18:00,690,out,135.665,ZU
2023/4/3 18:00,691,out,84.0617,ZU
2023/4/3 18:00,692,out,60.2425,ZU
2023/4/3 18:00,81,out,66.2022,ZU
2023/4/3 18:00,81,out,50.844,ZU
2023/4/3 18:00,81,out,44.9301,ZU
2023/4/3 18:00,279,in,10832.3,ZU
2023/4/3 18:00,595,out,555.829,ZU
2023/4/3 18:00,134,out,0,ZU
2023/4/3 18:00,293,in,14261,ZU
2023/4/3 18:00,397,out,1879.98,ZU
2023/4/3 18:00,410,out,757.579,ZU
2023/4/3 18:00,523,out,889.799,ZU
2023/4/3 18:00,606,out,216.263,ZU
2023/4/3 18:00,621,in,885.218,ZU
2023/4/3 18:00,284,out,753.079,ZU
2023/4/3 18:00,297,out,862.309,ZU
2023/4/3 18:00,443,in,290.819,ZU
2023/4/3 18:00,444,in,1446.48,ZU
2023/4/3 18:00,404,out,320.409,ZU
2023/4/3 18:00,641,out,1338.41,ZU
2023/4/3 18:00,668,in,2461.54,ZU
2023/4/3 18:00,118,out,196.619,ZU
2023/4/3 18:00,117,out,120.736,ZU
2023/4/3 18:00,543,out,174.629,ZU
2023/4/3 18:00,552,out,200.619,ZU
2023/4/3 18:00,558,out,185.119,ZU
2023/4/3 18:00,575,out,80.429,ZU
2023/4/3 18:00,594,in,555.829,ZU
2023/4/3 18:00,366,in,2588.69,ZU
2023/4/3 18:00,422,out,2900.01,ZU
2023/4/3 18:00,437,out,677.719,ZU
2023/4/3 18:00,438,out,587.659,ZU
2023/4/3 18:00,447,out,1703.04,ZU
2023/4/3 18:00,456,out,0,ZU
2023/4/3 18:00,457,out,1561.88,ZU
2023/4/3 18:00,107,out,3502.82,ZU
2023/4/3 18:00,83,out,736.62,ZU
2023/4/3 18:00,599,out,315.266,ZU
2023/4/3 18:00,119,out,104.89,ZU
2023/4/3 18:00,95,out,107.789,ZU
2023/4/3 18:00,82,out,25.8929,ZU
2023/4/3 18:00,82,out,0,ZU
2023/4/3 18:00,649,out,263.206,ZU
2023/4/3 18:00,89,out,55.1931,ZU
2023/4/3 18:00,650,out,237.439,ZU
2023/4/3 18:00,627,in,61.6275,ZU
2023/4/3 18:00,85,out,63.1935,ZU
2023/4/3 18:00,86,out,27.3641,ZU
2023/4/3 18:00,109,out,6136.39,ZU
2023/4/3 18:00,664,out,25.9945,ZU
2023/4/3 18:00,632,in,26.11,ZU
2023/4/3 18:00,640,out,2467.92,ZU
2023/4/3 18:00,652,in,2377.97,ZU
2023/4/3 18:00,658,in,5567.72,ZU
2023/4/3 18:00,609,in,820.787,ZU
2023/4/3 18:00,112,out,1052.52,ZU
2023/4/3 18:00,318,out,1176.96,ZU
2023/4/3 18:00,332,out,1167.88,ZU
2023/4/3 18:00,711,in,4039.88,ZU
2023/4/3 18:00,533,out,0,ZU
2023/4/3 18:00,520,out,2994.66,ZU
2023/4/3 18:00,478,out,554.189,ZU
2023/4/3 18:00,620,in,3314.91,ZU
2023/4/3 18:00,386,out,142.659,ZU
2023/4/3 18:00,477,out,283.029,ZU
2023/4/3 18:00,345,out,82.349,ZU
2023/4/3 18:00,403,out,226.329,ZU
2023/4/3 18:00,521,out,1019.79,ZU
2023/4/3 18:00,686,out,0,ZU
2023/4/3 18:00,80,out,0,ZU
2023/4/3 18:00,687,out,904.579,ZU
2023/4/3 18:00,127,out,904.579,ZU
2023/4/3 18:00,657,out,0,ZU
2023/4/3 18:00,122,out,0,ZU
2023/4/3 18:00,481,in,94.479,ZU
2023/4/3 18:00,642,out,154.121,ZU
2023/4/3 18:00,654,in,0,ZU
2023/4/3 18:00,542,in,0,ZU
2023/4/3 18:00,551,in,28.739,ZU
2023/4/3 18:00,560,in,37.729,ZU
2023/4/3 18:00,567,in,0,ZU
2023/4/3 18:00,574,in,30.229,ZU
2023/4/3 18:00,701,out,69.642,ZU
2023/4/3 18:00,356,in,27.999,ZU
2023/4/3 18:00,357,in,26.289,ZU
2023/4/3 18:00,368,in,79.519,ZU
2023/4/3 18:00,392,in,30.719,ZU
2023/4/3 18:00,449,in,145.869,ZU
2023/4/3 18:00,506,in,28.699,ZU
2023/4/3 18:00,683,out,14260.9,ZU
2023/4/3 18:00,605,in,0,ZU
2023/4/3 18:00,598,in,26.4848,ZU
2023/4/3 18:00,667,in,0,ZU
2023/4/3 18:00,517,in,46.169,ZU
2023/4/3 18:00,616,out,46.2129,ZU
2023/4/3 18:00,516,in,222.609,ZU
2023/4/3 18:00,651,out,222.7,ZU
2023/4/3 18:00,407,in,145.449,ZU
2023/4/3 18:00,607,out,146.111,ZU
2023/4/3 18:00,644,out,70.655,ZU
2023/4/3 18:00,618,out,35.4427,ZU
2023/4/3 18:00,615,out,1324.18,ZU
2023/4/3 18:00,612,in,1345.95,ZU
2023/4/3 18:00,614,out,1872.29,ZU
2023/4/3 18:00,611,in,1535.59,ZU
2023/4/3 18:00,608,out,74.036,ZU
2023/4/3 18:00,617,out,1315.14,ZU
2023/4/3 18:00,643,out,455.245,ZU
2023/4/3 18:00,645,out,477.133,ZU
2023/4/3 18:00,639,out,421.702,ZU
2023/4/3 18:00,600,out,316.299,ZU
2023/4/3 18:00,358,out,82.399,ZU
2023/4/3 18:00,665,out,1,ZU
2023/4/3 18:00,628,in,118.231,ZU
2023/4/3 18:00,689,out,2173.31,ZU
2023/4/3 18:00,679,in,2136.23,ZU
2023/4/3 18:00,655,out,29.6365,ZU
2023/4/3 18:00,633,in,29.6365,ZU
2023/4/3 18:00,656,out,987.282,ZU
2023/4/3 18:00,699,in,987.282,ZU
2023/4/3 18:00,672,out,0,ZU
2023/4/3 18:00,661,in,0,ZU
2023/4/3 18:00,669,out,166.499,ZU
2023/4/3 18:00,697,in,160.284,ZU
2023/4/3 18:00,670,out,0,ZU
2023/4/3 18:00,622,in,29.1373,ZU
2023/4/3 18:00,646,out,35.6571,ZU
2023/4/3 18:00,648,in,35.6571,ZU
2023/4/3 18:00,662,out,780.084,ZU
2023/4/3 18:00,700,in,622.879,ZU
2023/4/3 18:00,602,out,27.2639,ZU
2023/4/3 18:00,631,in,27.2639,ZU
2023/4/3 18:00,601,out,59.0963,ZU
2023/4/3 18:00,739,in,57.2506,ZU
2023/4/3 18:00,671,out,25.9347,ZU
2023/4/3 18:00,737,in,26.2732,ZU
2023/4/3 18:00,619,out,57.8685,ZU
2023/4/3 18:00,613,consume,57.8685,ZU
2023/4/3 18:00,347,out,459.609,ZU
2023/4/3 18:00,359,out,135.639,ZU
2023/4/3 18:00,526,out,188.359,ZU
2023/4/3 18:00,624,in,2238.97,ZU
2023/4/3 18:00,610,in,569.204,ZU
2023/4/3 18:00,718,in,0,ZU
2023/4/3 18:00,653,in,27.9877,ZU
2023/4/3 18:00,659,in,76.8979,ZU
2023/4/3 18:00,604,in,95.15,ZU
2023/4/3 18:00,597,in,494.121,ZU
2023/4/3 18:00,647,in,457.787,ZU
2023/4/3 18:00,603,in,314.026,ZU
2023/4/3 18:00,279,in,10832.3,NODE
2023/4/3 18:00,280,in,249.389,NODE
2023/4/3 18:00,281,out,30.979,NODE
2023/4/3 18:00,282,out,148.589,NODE
2023/4/3 18:00,283,out,1651.57,NODE
2023/4/3 18:00,284,out,753.079,NODE
2023/4/3 18:00,285,out,1078.49,NODE
2023/4/3 18:00,286,out,809.409,NODE
2023/4/3 18:00,287,out,29.869,NODE
2023/4/3 18:00,288,out,521.809,NODE
2023/4/3 18:00,289,out,1403.04,NODE
2023/4/3 18:00,290,out,1443.63,NODE
2023/4/3 18:00,291,out,3444.11,NODE
2023/4/3 18:00,292,consume,50.379,NODE
2023/4/3 18:00,306,in,3482.17,NODE
2023/4/3 18:00,307,in,36.219,NODE
2023/4/3 18:00,308,in,51.289,NODE
2023/4/3 18:00,309,in,49.879,NODE
2023/4/3 18:00,310,in,0,NODE
2023/4/3 18:00,312,out,0,NODE
2023/4/3 18:00,313,out,224.829,NODE
2023/4/3 18:00,314,out,117.079,NODE
2023/4/3 18:00,315,out,392.979,NODE
2023/4/3 18:00,316,out,1054.06,NODE
2023/4/3 18:00,317,out,689.799,NODE
2023/4/3 18:00,318,out,1176.96,NODE
2023/4/3 18:00,319,consume,101.459,NODE
2023/4/3 18:00,707,out,41.489,NODE
2023/4/3 18:00,351,in,156.869,NODE
2023/4/3 18:00,352,in,140.069,NODE
2023/4/3 18:00,353,in,196.279,NODE
2023/4/3 18:00,354,in,95.599,NODE
2023/4/3 18:00,355,in,30.649,NODE
2023/4/3 18:00,356,in,27.999,NODE
2023/4/3 18:00,357,in,26.289,NODE
2023/4/3 18:00,358,out,82.399,NODE
2023/4/3 18:00,359,out,135.639,NODE
2023/4/3 18:00,360,out,313.679,NODE
2023/4/3 18:00,361,out,30.539,NODE
2023/4/3 18:00,362,out,56.309,NODE
2023/4/3 18:00,363,out,29.259,NODE
2023/4/3 18:00,364,out,25.929,NODE
2023/4/3 18:00,334,in,164.499,NODE
2023/4/3 18:00,335,in,722.809,NODE
2023/4/3 18:00,336,in,270.829,NODE
2023/4/3 18:00,337,in,661.649,NODE
2023/4/3 18:00,338,in,90.069,NODE
2023/4/3 18:00,339,in,25.939,NODE
2023/4/3 18:00,340,in,0,NODE
2023/4/3 18:00,341,out,27.159,NODE
2023/4/3 18:00,342,out,311.379,NODE
2023/4/3 18:00,343,out,270.809,NODE
2023/4/3 18:00,344,out,232.459,NODE
2023/4/3 18:00,345,out,82.349,NODE
2023/4/3 18:00,346,out,405.899,NODE
2023/4/3 18:00,347,out,459.609,NODE
2023/4/3 18:00,348,out,159.979,NODE
2023/4/3 18:00,349,out,30.969,NODE
2023/4/3 18:00,350,out,0,NODE
2023/4/3 18:00,709,out,58.699,NODE
2023/4/3 18:00,293,in,14261,NODE
2023/4/3 18:00,294,out,33.469,NODE
2023/4/3 18:00,295,out,110.679,NODE
2023/4/3 18:00,296,out,1941.95,NODE
2023/4/3 18:00,297,out,862.309,NODE
2023/4/3 18:00,298,out,1724.14,NODE
2023/4/3 18:00,299,out,1022.57,NODE
2023/4/3 18:00,300,out,42.509,NODE
2023/4/3 18:00,301,out,616.309,NODE
2023/4/3 18:00,302,out,2959.5,NODE
2023/4/3 18:00,303,out,1210.5,NODE
2023/4/3 18:00,304,out,3995.82,NODE
2023/4/3 18:00,305,consume,25.919,NODE
2023/4/3 18:00,320,in,3497.01,NODE
2023/4/3 18:00,321,in,38.709,NODE
2023/4/3 18:00,322,in,0,NODE
2023/4/3 18:00,323,in,45.199,NODE
2023/4/3 18:00,324,in,0,NODE
2023/4/3 18:00,326,out,0,NODE
2023/4/3 18:00,327,out,218.399,NODE
2023/4/3 18:00,328,out,109.349,NODE
2023/4/3 18:00,329,out,441.849,NODE
2023/4/3 18:00,330,out,1011.71,NODE
2023/4/3 18:00,331,out,677.179,NODE
2023/4/3 18:00,332,out,1167.88,NODE
2023/4/3 18:00,333,consume,101.229,NODE
2023/4/3 18:00,708,out,58.069,NODE
2023/4/3 18:00,365,in,1258.11,NODE
2023/4/3 18:00,366,in,2588.69,NODE
2023/4/3 18:00,367,in,320.239,NODE
2023/4/3 18:00,368,in,79.519,NODE
2023/4/3 18:00,369,consume,29.969,NODE
2023/4/3 18:00,370,out,37.649,NODE
2023/4/3 18:00,371,out,38.939,NODE
2023/4/3 18:00,372,out,87.039,NODE
2023/4/3 18:00,373,out,3949.73,NODE
2023/4/3 18:00,374,out,0,NODE
2023/4/3 18:00,375,out,25.939,NODE
2023/4/3 18:00,376,out,0,NODE
2023/4/3 18:00,722,out,138.529,NODE
2023/4/3 18:00,377,in,2911.21,NODE
2023/4/3 18:00,378,in,978.939,NODE
2023/4/3 18:00,379,in,28.459,NODE
2023/4/3 18:00,380,in,0,NODE
2023/4/3 18:00,381,out,164.579,NODE
2023/4/3 18:00,382,out,942.549,NODE
2023/4/3 18:00,383,out,1874.15,NODE
2023/4/3 18:00,384,out,195.869,NODE
2023/4/3 18:00,385,out,497.979,NODE
2023/4/3 18:00,386,out,142.659,NODE
2023/4/3 18:00,387,consume,185.989,NODE
2023/4/3 18:00,388,out,185.989,NODE
2023/4/3 18:00,392,in,30.719,NODE
2023/4/3 18:00,393,consume,48.339,NODE
2023/4/3 18:00,394,in,1884.12,NODE
2023/4/3 18:00,395,out,28.459,NODE
2023/4/3 18:00,396,out,37.849,NODE
2023/4/3 18:00,397,out,1879.98,NODE
2023/4/3 18:00,398,out,0,NODE
2023/4/3 18:00,400,in,1161.81,NODE
2023/4/3 18:00,401,out,30.559,NODE
2023/4/3 18:00,402,out,656.539,NODE
2023/4/3 18:00,403,out,226.329,NODE
2023/4/3 18:00,404,out,320.409,NODE
2023/4/3 18:00,405,in,673.029,NODE
2023/4/3 18:00,406,in,25.919,NODE
2023/4/3 18:00,407,in,145.449,NODE
2023/4/3 18:00,408,in,125.919,NODE
2023/4/3 18:00,409,out,31.099,NODE
2023/4/3 18:00,410,out,757.579,NODE
2023/4/3 18:00,411,out,154.039,NODE
2023/4/3 18:00,412,out,0,NODE
2023/4/3 18:00,413,out,0,NODE
2023/4/3 18:00,449,in,145.869,NODE
2023/4/3 18:00,450,consume,98.469,NODE
2023/4/3 18:00,451,in,1198,NODE
2023/4/3 18:00,452,in,2766.44,NODE
2023/4/3 18:00,453,out,289.649,NODE
2023/4/3 18:00,454,out,0,NODE
2023/4/3 18:00,455,out,1765.88,NODE
2023/4/3 18:00,456,out,0,NODE
2023/4/3 18:00,457,out,1561.88,NODE
2023/4/3 18:00,458,out,27.259,NODE
2023/4/3 18:00,459,out,0,NODE
2023/4/3 18:00,460,out,306.509,NODE
2023/4/3 18:00,461,out,54.009,NODE
2023/4/3 18:00,462,out,70.109,NODE
2023/4/3 18:00,463,out,0,NODE
2023/4/3 18:00,464,out,111.299,NODE
2023/4/3 18:00,465,out,38.509,NODE
2023/4/3 18:00,723,out,65.879,NODE
2023/4/3 18:00,414,in,3244.93,NODE
2023/4/3 18:00,415,in,0,NODE
2023/4/3 18:00,416,in,382.789,NODE
2023/4/3 18:00,417,in,94.759,NODE
2023/4/3 18:00,418,consume,48.639,NODE
2023/4/3 18:00,419,in,2855.82,NODE
2023/4/3 18:00,420,out,320.189,NODE
2023/4/3 18:00,421,out,2672.44,NODE
2023/4/3 18:00,422,out,2900.01,NODE
2023/4/3 18:00,423,out,580.599,NODE
2023/4/3 18:00,424,out,51.109,NODE
2023/4/3 18:00,425,out,28.029,NODE
2023/4/3 18:00,426,out,0,NODE
2023/4/3 18:00,427,out,52.379,NODE
2023/4/3 18:00,724,out,76.529,NODE
2023/4/3 18:00,428,in,107.929,NODE
2023/4/3 18:00,429,consume,71.749,NODE
2023/4/3 18:00,430,in,1190.53,NODE
2023/4/3 18:00,431,in,2770.07,NODE
2023/4/3 18:00,432,out,57.069,NODE
2023/4/3 18:00,433,out,54.819,NODE
2023/4/3 18:00,434,out,1015.98,NODE
2023/4/3 18:00,435,out,646.769,NODE
2023/4/3 18:00,436,out,1109.69,NODE
2023/4/3 18:00,437,out,677.719,NODE
2023/4/3 18:00,438,out,587.659,NODE
2023/4/3 18:00,439,out,0,NODE
2023/4/3 18:00,440,out,31.429,NODE
2023/4/3 18:00,725,out,42.579,NODE
2023/4/3 18:00,441,consume,33.759,NODE
2023/4/3 18:00,442,in,31.309,NODE
2023/4/3 18:00,443,in,290.819,NODE
2023/4/3 18:00,444,in,1446.48,NODE
2023/4/3 18:00,445,out,0,NODE
2023/4/3 18:00,446,out,39.589,NODE
2023/4/3 18:00,447,out,1703.04,NODE
2023/4/3 18:00,466,in,36.169,NODE
2023/4/3 18:00,467,consume,0,NODE
2023/4/3 18:00,468,in,577.469,NODE
2023/4/3 18:00,469,in,277.049,NODE
2023/4/3 18:00,470,out,41.949,NODE
2023/4/3 18:00,471,out,822.799,NODE
2023/4/3 18:00,472,out,0,NODE
2023/4/3 18:00,473,out,0,NODE
2023/4/3 18:00,474,in,517.169,NODE
2023/4/3 18:00,475,in,320.189,NODE
2023/4/3 18:00,476,in,0,NODE
2023/4/3 18:00,477,out,283.029,NODE
2023/4/3 18:00,478,out,554.189,NODE
2023/4/3 18:00,505,in,4204.7,NODE
2023/4/3 18:00,506,in,28.699,NODE
2023/4/3 18:00,507,in,40.839,NODE
2023/4/3 18:00,508,consume,88.799,NODE
2023/4/3 18:00,509,out,624.639,NODE
2023/4/3 18:00,510,out,3454.24,NODE
2023/4/3 18:00,511,out,49.229,NODE
2023/4/3 18:00,512,out,172.009,NODE
2023/4/3 18:00,513,out,0,NODE
2023/4/3 18:00,489,in,3410.7,NODE
2023/4/3 18:00,490,in,36.319,NODE
2023/4/3 18:00,491,consume,204.999,NODE
2023/4/3 18:00,492,out,179.969,NODE
2023/4/3 18:00,493,out,132.319,NODE
2023/4/3 18:00,494,out,2863.78,NODE
2023/4/3 18:00,495,out,0,NODE
2023/4/3 18:00,496,out,322.709,NODE
2023/4/3 18:00,497,in,3501.85,NODE
2023/4/3 18:00,498,in,35.959,NODE
2023/4/3 18:00,499,consume,194.899,NODE
2023/4/3 18:00,500,out,129.069,NODE
2023/4/3 18:00,501,out,311.589,NODE
2023/4/3 18:00,502,out,179.629,NODE
2023/4/3 18:00,503,out,2969.28,NODE
2023/4/3 18:00,504,out,0,NODE
2023/4/3 18:00,479,in,105.939,NODE
2023/4/3 18:00,480,in,496.979,NODE
2023/4/3 18:00,481,in,94.479,NODE
2023/4/3 18:00,482,in,243.019,NODE
2023/4/3 18:00,483,in,586.999,NODE
2023/4/3 18:00,484,out,353.369,NODE
2023/4/3 18:00,485,out,0,NODE
2023/4/3 18:00,486,out,614.799,NODE
2023/4/3 18:00,487,out,505.809,NODE
2023/4/3 18:00,488,out,27.559,NODE
2023/4/3 18:00,710,out,34.189,NODE
2023/4/3 18:00,514,in,5685.4,NODE
2023/4/3 18:00,515,in,0,NODE
2023/4/3 18:00,516,in,222.609,NODE
2023/4/3 18:00,517,in,46.169,NODE
2023/4/3 18:00,518,in,92.939,NODE
2023/4/3 18:00,519,consume,453.559,NODE
2023/4/3 18:00,520,out,2994.66,NODE
2023/4/3 18:00,521,out,1019.79,NODE
2023/4/3 18:00,522,out,447.069,NODE
2023/4/3 18:00,523,out,889.799,NODE
2023/4/3 18:00,524,out,262.359,NODE
2023/4/3 18:00,525,out,274.989,NODE
2023/4/3 18:00,526,out,188.359,NODE
2023/4/3 18:00,527,in,1692.5,NODE
2023/4/3 18:00,528,in,798.909,NODE
2023/4/3 18:00,529,in,0,NODE
2023/4/3 18:00,530,in,0,NODE
2023/4/3 18:00,531,out,1729.47,NODE
2023/4/3 18:00,532,out,809.669,NODE
2023/4/3 18:00,533,out,0,NODE
2023/4/3 18:00,534,out,0,NODE
2023/4/3 18:00,539,in,0,NODE
2023/4/3 18:00,541,consume,35.129,NODE
2023/4/3 18:00,542,in,0,NODE
2023/4/3 18:00,543,out,174.629,NODE
2023/4/3 18:00,544,out,0,NODE
2023/4/3 18:00,715,in,175.879,NODE
2023/4/3 18:00,726,consume,169.429,NODE
2023/4/3 18:00,549,in,26.069,NODE
2023/4/3 18:00,550,consume,36.089,NODE
2023/4/3 18:00,551,in,28.739,NODE
2023/4/3 18:00,552,out,200.619,NODE
2023/4/3 18:00,720,in,200.879,NODE
2023/4/3 18:00,728,consume,209.889,NODE
2023/4/3 18:00,556,in,26.049,NODE
2023/4/3 18:00,558,out,185.119,NODE
2023/4/3 18:00,559,consume,34.769,NODE
2023/4/3 18:00,560,in,37.729,NODE
2023/4/3 18:00,561,out,80.359,NODE
2023/4/3 18:00,719,in,239.879,NODE
2023/4/3 18:00,729,consume,178.909,NODE
2023/4/3 18:00,565,in,0,NODE
2023/4/3 18:00,566,consume,0,NODE
2023/4/3 18:00,567,in,0,NODE
2023/4/3 18:00,568,out,0,NODE
2023/4/3 18:00,721,in,0,NODE
2023/4/3 18:00,730,consume,0,NODE
2023/4/3 18:00,572,in,0,NODE
2023/4/3 18:00,573,consume,29.059,NODE
2023/4/3 18:00,574,in,30.229,NODE
2023/4/3 18:00,575,out,80.429,NODE
2023/4/3 18:00,714,in,80.579,NODE
2023/4/3 18:00,731,consume,82.039,NODE
2023/4/3 18:00,576,in,1741.28,NODE
2023/4/3 18:00,578,in,2305.64,NODE
2023/4/3 18:00,579,out,33.079,NODE
2023/4/3 18:00,580,out,0,NODE
2023/4/3 18:00,581,out,1642.51,NODE
2023/4/3 18:00,716,out,34.129,NODE
2023/4/3 18:00,582,in,3990.44,NODE
2023/4/3 18:00,584,out,144.229,NODE
2023/4/3 18:00,585,out,1784.21,NODE
2023/4/3 18:00,586,in,8859.28,NODE
2023/4/3 18:00,587,out,412.399,NODE
2023/4/3 18:00,588,out,7724.99,NODE
2023/4/3 18:00,589,in,5261.75,NODE
2023/4/3 18:00,590,in,8724.79,NODE
2023/4/3 18:00,591,out,141.369,NODE
2023/4/3 18:00,592,out,5467.13,NODE
2023/4/3 18:00,593,out,9082.79,NODE
2023/4/3 18:00,717,out,92.629,NODE
2023/4/3 18:00,594,in,555.829,NODE
2023/4/3 18:00,595,out,555.829,NODE
2023/4/3 18:00,642,out,90,NODE
2023/4/3 18:00,638,out,784.315,NODE
2023/4/3 18:00,644,out,70.655,NODE
2023/4/3 18:00,643,out,455.245,NODE
2023/4/3 18:00,645,out,477.133,NODE
2023/4/3 18:00,641,out,682.145,NODE
2023/4/3 18:00,639,out,421.702,NODE
2023/4/3 18:00,640,out,1246.9,NODE
2023/4/3 18:00,646,out,35.6571,NODE
2023/4/3 18:00,628,in,72.0549,NODE
2023/4/3 18:00,633,in,29.6365,NODE
2023/4/3 18:00,622,in,29.1373,NODE
2023/4/3 18:00,631,in,27.2639,NODE
2023/4/3 18:00,626,consume,-158.669,NODE
2023/4/3 18:00,627,in,61.6275,NODE
2023/4/3 18:00,739,in,57.2506,NODE
2023/4/3 18:00,737,in,26.2732,NODE
2023/4/3 18:00,632,in,25.9945,NODE
2023/4/3 18:00,624,in,763.577,NODE
2023/4/3 18:00,620,in,1670.4,NODE
2023/4/3 18:00,629,in,25.9005,NODE
2023/4/3 18:00,718,in,0,NODE
2023/4/3 18:00,621,in,455.549,NODE
2023/4/3 18:00,623,in,1056.78,NODE
2023/4/3 18:00,599,out,170.572,NODE
2023/4/3 18:00,600,out,316.299,NODE
2023/4/3 18:00,602,out,27.2639,NODE
2023/4/3 18:00,601,out,59.0963,NODE
2023/4/3 18:00,598,in,26.4848,NODE
2023/4/3 18:00,597,in,494.121,NODE
2023/4/3 18:00,607,out,146.111,NODE
2023/4/3 18:00,606,out,216.263,NODE
2023/4/3 18:00,608,out,74.036,NODE
2023/4/3 18:00,605,in,0,NODE
2023/4/3 18:00,604,in,95.15,NODE
2023/4/3 18:00,603,in,314.026,NODE
2023/4/3 18:00,616,out,46.2129,NODE
2023/4/3 18:00,615,out,1324.18,NODE
2023/4/3 18:00,614,out,949.083,NODE
2023/4/3 18:00,617,out,670.508,NODE
2023/4/3 18:00,618,out,35.4427,NODE
2023/4/3 18:00,619,out,57.8685,NODE
2023/4/3 18:00,613,consume,57.8685,NODE
2023/4/3 18:00,610,in,569.204,NODE
2023/4/3 18:00,609,in,224.606,NODE
2023/4/3 18:00,612,in,1345.95,NODE
2023/4/3 18:00,611,in,780.736,NODE
2023/4/3 18:00,651,out,222.7,NODE
2023/4/3 18:00,650,out,131.659,NODE
2023/4/3 18:00,649,out,144.542,NODE
2023/4/3 18:00,648,in,35.6571,NODE
2023/4/3 18:00,647,in,457.787,NODE
2023/4/3 18:00,657,out,0,NODE
2023/4/3 18:00,655,out,29.6365,NODE
2023/4/3 18:00,656,out,483.356,NODE
2023/4/3 18:00,652,in,496.297,NODE
2023/4/3 18:00,654,in,0,NODE
2023/4/3 18:00,653,in,27.9877,NODE
2023/4/3 18:00,665,out,1,NODE
2023/4/3 18:00,662,out,1189.66,NODE
2023/4/3 18:00,664,out,25.9945,NODE
2023/4/3 18:00,661,in,0,NODE
2023/4/3 18:00,658,in,1134.25,NODE
2023/4/3 18:00,659,in,76.8979,NODE
2023/4/3 18:00,672,out,0,NODE
2023/4/3 18:00,669,out,632.977,NODE
2023/4/3 18:00,670,out,0,NODE
2023/4/3 18:00,671,out,25.9347,NODE
2023/4/3 18:00,667,in,0,NODE
2023/4/3 18:00,668,in,634.795,NODE
2023/4/3 18:00,686,out,0,NODE
2023/4/3 18:00,687,out,904.579,NODE
2023/4/3 18:00,684,out,137.553,NODE
2023/4/3 18:00,685,out,280.594,NODE
2023/4/3 18:00,683,out,1607.55,NODE
2023/4/3 18:00,681,out,1545.93,NODE
2023/4/3 18:00,682,out,312.532,NODE
2023/4/3 18:00,679,in,2136.23,NODE
2023/4/3 18:00,711,in,2032.88,NODE
2023/4/3 18:00,712,in,520.879,NODE
2023/4/3 18:00,701,out,34.6316,NODE
2023/4/3 18:00,690,out,135.665,NODE
2023/4/3 18:00,691,out,84.0617,NODE
2023/4/3 18:00,692,out,60.2425,NODE
2023/4/3 18:00,689,out,2173.31,NODE
2023/4/3 18:00,699,in,987.282,NODE
2023/4/3 18:00,700,in,780.084,NODE
2023/4/3 18:00,697,in,160.284,NODE
2023/4/3 18:00,129,in,1026.88,NODE
2023/4/3 18:00,80,out,0,NODE
2023/4/3 18:00,81,out,44.9301,NODE
2023/4/3 18:00,81,out,50.844,NODE
2023/4/3 18:00,81,out,66.2022,NODE
2023/4/3 18:00,82,out,0,NODE
2023/4/3 18:00,82,out,25.8929,NODE
2023/4/3 18:00,83,out,736.62,NODE
2023/4/3 18:00,85,out,63.1935,NODE
2023/4/3 18:00,86,out,27.3641,NODE
2023/4/3 18:00,89,out,55.1931,NODE
2023/4/3 18:00,93,out,50.3882,NODE
2023/4/3 18:00,95,out,107.789,NODE
2023/4/3 18:00,107,out,3502.82,NODE
2023/4/3 18:00,109,out,6136.39,NODE
2023/4/3 18:00,112,out,1052.52,NODE
2023/4/3 18:00,117,out,120.736,NODE
2023/4/3 18:00,118,out,196.619,NODE
2023/4/3 18:00,119,out,104.89,NODE
2023/4/3 18:00,122,out,0,NODE
2023/4/3 18:00,127,out,904.579,NODE
2023/4/3 18:00,134,out,0,NODE
2023/4/4 6:00,334,in,169.709,ZU
2023/4/4 6:00,370,out,37.669,ZU
2023/4/4 6:00,425,out,28.009,ZU
2023/4/4 6:00,433,out,54.919,ZU
2023/4/4 6:00,445,out,0,ZU
2023/4/4 6:00,461,out,54.149,ZU
2023/4/4 6:00,470,out,45.389,ZU
2023/4/4 6:00,511,out,51.119,ZU
2023/4/4 6:00,335,in,701.999,ZU
2023/4/4 6:00,423,out,567.479,ZU
2023/4/4 6:00,460,out,297.919,ZU
2023/4/4 6:00,280,in,247.379,ZU
2023/4/4 6:00,349,out,29.269,ZU
2023/4/4 6:00,363,out,29.279,ZU
2023/4/4 6:00,372,out,82.189,ZU
2023/4/4 6:00,472,out,0,ZU
2023/4/4 6:00,512,out,169.829,ZU
2023/4/4 6:00,712,in,489.879,ZU
2023/4/4 6:00,129,in,0,ZU
2023/4/4 6:00,292,consume,50.229,ZU
2023/4/4 6:00,305,consume,25.929,ZU
2023/4/4 6:00,319,consume,102.889,ZU
2023/4/4 6:00,333,consume,101.019,ZU
2023/4/4 6:00,342,out,294.839,ZU
2023/4/4 6:00,360,out,312.709,ZU
2023/4/4 6:00,369,consume,29.879,ZU
2023/4/4 6:00,393,consume,47.799,ZU
2023/4/4 6:00,396,out,38.179,ZU
2023/4/4 6:00,409,out,31.219,ZU
2023/4/4 6:00,418,consume,48.769,ZU
2023/4/4 6:00,429,consume,71.769,ZU
2023/4/4 6:00,441,consume,33.999,ZU
2023/4/4 6:00,450,consume,99.649,ZU
2023/4/4 6:00,491,consume,203.159,ZU
2023/4/4 6:00,499,consume,192.879,ZU
2023/4/4 6:00,508,consume,87.669,ZU
2023/4/4 6:00,519,consume,463.149,ZU
2023/4/4 6:00,541,consume,35.229,ZU
2023/4/4 6:00,550,consume,35.249,ZU
2023/4/4 6:00,559,consume,34.739,ZU
2023/4/4 6:00,573,consume,28.769,ZU
2023/4/4 6:00,681,out,1520.76,ZU
2023/4/4 6:00,682,out,303.769,ZU
2023/4/4 6:00,638,out,1526.13,ZU
2023/4/4 6:00,626,consume,-154.542,ZU
2023/4/4 6:00,453,out,296.879,ZU
2023/4/4 6:00,474,in,510.479,ZU
2023/4/4 6:00,493,out,132.299,ZU
2023/4/4 6:00,500,out,131.069,ZU
2023/4/4 6:00,509,out,609.749,ZU
2023/4/4 6:00,361,out,30.539,ZU
2023/4/4 6:00,544,out,0,ZU
2023/4/4 6:00,561,out,80.799,ZU
2023/4/4 6:00,579,out,35.269,ZU
2023/4/4 6:00,584,out,193.339,ZU
2023/4/4 6:00,587,out,408.199,ZU
2023/4/4 6:00,591,out,142.809,ZU
2023/4/4 6:00,707,out,42.549,ZU
2023/4/4 6:00,708,out,60.009,ZU
2023/4/4 6:00,709,out,59.439,ZU
2023/4/4 6:00,710,out,0,ZU
2023/4/4 6:00,714,in,79.449,ZU
2023/4/4 6:00,715,in,169.819,ZU
2023/4/4 6:00,716,out,39.909,ZU
2023/4/4 6:00,717,out,90.419,ZU
2023/4/4 6:00,719,in,240.429,ZU
2023/4/4 6:00,720,in,193.779,ZU
2023/4/4 6:00,721,in,0,ZU
2023/4/4 6:00,722,out,140.879,ZU
2023/4/4 6:00,723,out,75.879,ZU
2023/4/4 6:00,724,out,75.969,ZU
2023/4/4 6:00,725,out,41.379,ZU
2023/4/4 6:00,684,out,581.985,ZU
2023/4/4 6:00,685,out,1300.97,ZU
2023/4/4 6:00,286,out,875.829,ZU
2023/4/4 6:00,384,out,197.389,ZU
2023/4/4 6:00,416,in,389.009,ZU
2023/4/4 6:00,282,out,149.419,ZU
2023/4/4 6:00,295,out,104.209,ZU
2023/4/4 6:00,336,in,263.459,ZU
2023/4/4 6:00,285,out,1077.77,ZU
2023/4/4 6:00,288,out,544.889,ZU
2023/4/4 6:00,298,out,1729.11,ZU
2023/4/4 6:00,299,out,1078.73,ZU
2023/4/4 6:00,301,out,706.419,ZU
2023/4/4 6:00,316,out,1074.71,ZU
2023/4/4 6:00,330,out,1011.13,ZU
2023/4/4 6:00,374,out,0,ZU
2023/4/4 6:00,385,out,499.349,ZU
2023/4/4 6:00,414,in,3231.47,ZU
2023/4/4 6:00,431,in,2765.17,ZU
2023/4/4 6:00,338,in,86.089,ZU
2023/4/4 6:00,355,in,30.849,ZU
2023/4/4 6:00,421,out,2551.09,ZU
2023/4/4 6:00,455,out,1708.88,ZU
2023/4/4 6:00,489,in,3443.22,ZU
2023/4/4 6:00,497,in,3550.7,ZU
2023/4/4 6:00,510,out,3449.66,ZU
2023/4/4 6:00,339,in,25.939,ZU
2023/4/4 6:00,406,in,25.919,ZU
2023/4/4 6:00,417,in,94.689,ZU
2023/4/4 6:00,428,in,106.629,ZU
2023/4/4 6:00,442,in,31.519,ZU
2023/4/4 6:00,466,in,38.169,ZU
2023/4/4 6:00,484,out,356.869,ZU
2023/4/4 6:00,490,in,36.369,ZU
2023/4/4 6:00,498,in,36.009,ZU
2023/4/4 6:00,518,in,95.749,ZU
2023/4/4 6:00,539,in,0,ZU
2023/4/4 6:00,549,in,26.059,ZU
2023/4/4 6:00,556,in,25.949,ZU
2023/4/4 6:00,572,in,0,ZU
2023/4/4 6:00,420,out,327.429,ZU
2023/4/4 6:00,475,in,327.429,ZU
2023/4/4 6:00,371,out,38.909,ZU
2023/4/4 6:00,424,out,69.209,ZU
2023/4/4 6:00,432,out,57.359,ZU
2023/4/4 6:00,462,out,71.889,ZU
2023/4/4 6:00,479,in,108.179,ZU
2023/4/4 6:00,337,in,670.209,ZU
2023/4/4 6:00,486,out,629.429,ZU
2023/4/4 6:00,281,out,31.079,ZU
2023/4/4 6:00,294,out,33.169,ZU
2023/4/4 6:00,307,in,35.709,ZU
2023/4/4 6:00,321,in,38.729,ZU
2023/4/4 6:00,483,in,593.129,ZU
2023/4/4 6:00,496,out,326.239,ZU
2023/4/4 6:00,501,out,316.119,ZU
2023/4/4 6:00,351,in,158.109,ZU
2023/4/4 6:00,381,out,165.289,ZU
2023/4/4 6:00,314,out,115.489,ZU
2023/4/4 6:00,328,out,111.019,ZU
2023/4/4 6:00,382,out,944.409,ZU
2023/4/4 6:00,400,in,1162.57,ZU
2023/4/4 6:00,383,out,1875.78,ZU
2023/4/4 6:00,394,in,1967.47,ZU
2023/4/4 6:00,387,consume,159.879,ZU
2023/4/4 6:00,388,out,159.879,ZU
2023/4/4 6:00,327,out,221.769,ZU
2023/4/4 6:00,353,in,198.419,ZU
2023/4/4 6:00,283,out,1689.23,ZU
2023/4/4 6:00,296,out,2025.71,ZU
2023/4/4 6:00,309,in,49.889,ZU
2023/4/4 6:00,315,out,384.609,ZU
2023/4/4 6:00,323,in,45.199,ZU
2023/4/4 6:00,329,out,450.869,ZU
2023/4/4 6:00,468,in,611.979,ZU
2023/4/4 6:00,471,out,812.879,ZU
2023/4/4 6:00,505,in,4208.86,ZU
2023/4/4 6:00,291,out,3515.91,ZU
2023/4/4 6:00,304,out,3888.21,ZU
2023/4/4 6:00,306,in,3588.64,ZU
2023/4/4 6:00,320,in,3621.49,ZU
2023/4/4 6:00,290,out,1462.66,ZU
2023/4/4 6:00,303,out,1191.17,ZU
2023/4/4 6:00,317,out,789.259,ZU
2023/4/4 6:00,331,out,785.759,ZU
2023/4/4 6:00,365,in,1255.01,ZU
2023/4/4 6:00,366,in,2586.15,ZU
2023/4/4 6:00,367,in,323.659,ZU
2023/4/4 6:00,313,out,230.019,ZU
2023/4/4 6:00,352,in,140.529,ZU
2023/4/4 6:00,419,in,2785.9,ZU
2023/4/4 6:00,434,out,1005.09,ZU
2023/4/4 6:00,435,out,637.019,ZU
2023/4/4 6:00,436,out,1058.18,ZU
2023/4/4 6:00,346,out,381.109,ZU
2023/4/4 6:00,408,in,126.359,ZU
2023/4/4 6:00,93,out,341.698,ZU
2023/4/4 6:00,373,out,3950.88,ZU
2023/4/4 6:00,377,in,2897.44,ZU
2023/4/4 6:00,458,out,30.359,ZU
2023/4/4 6:00,380,in,0,ZU
2023/4/4 6:00,401,out,29.449,ZU
2023/4/4 6:00,528,in,803.209,ZU
2023/4/4 6:00,532,out,796.919,ZU
2023/4/4 6:00,482,in,252.239,ZU
2023/4/4 6:00,525,out,327.749,ZU
2023/4/4 6:00,287,out,30.089,ZU
2023/4/4 6:00,300,out,42.139,ZU
2023/4/4 6:00,308,in,51.139,ZU
2023/4/4 6:00,322,in,0,ZU
2023/4/4 6:00,379,in,28.339,ZU
2023/4/4 6:00,395,out,28.339,ZU
2023/4/4 6:00,289,out,1456.85,ZU
2023/4/4 6:00,302,out,2905.53,ZU
2023/4/4 6:00,397,out,1962.48,ZU
2023/4/4 6:00,451,in,1080.75,ZU
2023/4/4 6:00,452,in,2768.26,ZU
2023/4/4 6:00,524,out,269.979,ZU
2023/4/4 6:00,606,out,215.253,ZU
2023/4/4 6:00,629,in,25.9008,ZU
2023/4/4 6:00,621,in,325.248,ZU
2023/4/4 6:00,430,in,1192.95,ZU
2023/4/4 6:00,494,out,2906.17,ZU
2023/4/4 6:00,503,out,3016.94,ZU
2023/4/4 6:00,514,in,5760.64,ZU
2023/4/4 6:00,343,out,263.529,ZU
2023/4/4 6:00,344,out,238.739,ZU
2023/4/4 6:00,345,out,84.579,ZU
2023/4/4 6:00,348,out,179.059,ZU
2023/4/4 6:00,354,in,96.479,ZU
2023/4/4 6:00,362,out,61.919,ZU
2023/4/4 6:00,403,out,197.379,ZU
2023/4/4 6:00,411,out,157.299,ZU
2023/4/4 6:00,492,out,164.859,ZU
2023/4/4 6:00,502,out,173.639,ZU
2023/4/4 6:00,670,out,0,ZU
2023/4/4 6:00,622,in,268.019,ZU
2023/4/4 6:00,623,in,3078.45,ZU
2023/4/4 6:00,402,out,685.289,ZU
2023/4/4 6:00,405,in,683.529,ZU
2023/4/4 6:00,527,in,1699.43,ZU
2023/4/4 6:00,531,out,1751.38,ZU
2023/4/4 6:00,690,out,129.665,ZU
2023/4/4 6:00,691,out,80.7901,ZU
2023/4/4 6:00,692,out,60.8434,ZU
2023/4/4 6:00,81,out,43.8649,ZU
2023/4/4 6:00,81,out,48.4435,ZU
2023/4/4 6:00,81,out,31.4941,ZU
2023/4/4 6:00,279,in,11138.8,ZU
2023/4/4 6:00,595,out,556.009,ZU
2023/4/4 6:00,134,out,0,ZU
2023/4/4 6:00,293,in,14305.9,ZU
2023/4/4 6:00,284,out,785.419,ZU
2023/4/4 6:00,297,out,860.309,ZU
2023/4/4 6:00,443,in,361.519,ZU
2023/4/4 6:00,444,in,1367.56,ZU
2023/4/4 6:00,641,out,1365.35,ZU
2023/4/4 6:00,668,in,1799.58,ZU
2023/4/4 6:00,118,out,195.854,ZU
2023/4/4 6:00,117,out,123.433,ZU
2023/4/4 6:00,543,out,169.189,ZU
2023/4/4 6:00,552,out,193.379,ZU
2023/4/4 6:00,558,out,185.049,ZU
2023/4/4 6:00,575,out,79.189,ZU
2023/4/4 6:00,594,in,556.009,ZU
2023/4/4 6:00,650,out,248.652,ZU
2023/4/4 6:00,627,in,67.3088,ZU
2023/4/4 6:00,85,out,81.1344,ZU
2023/4/4 6:00,86,out,249.571,ZU
2023/4/4 6:00,109,out,1402.65,ZU
2023/4/4 6:00,422,out,2932.07,ZU
2023/4/4 6:00,437,out,699.169,ZU
2023/4/4 6:00,438,out,626.059,ZU
2023/4/4 6:00,447,out,1643.01,ZU
2023/4/4 6:00,456,out,0,ZU
2023/4/4 6:00,457,out,1528.08,ZU
2023/4/4 6:00,469,in,236.769,ZU
2023/4/4 6:00,378,in,991.859,ZU
2023/4/4 6:00,112,out,549.123,ZU
2023/4/4 6:00,521,out,1016.71,ZU
2023/4/4 6:00,610,in,568.202,ZU
2023/4/4 6:00,599,out,160.843,ZU
2023/4/4 6:00,95,out,230.603,ZU
2023/4/4 6:00,82,out,82.9606,ZU
2023/4/4 6:00,82,out,76.0688,ZU
2023/4/4 6:00,640,out,2493.94,ZU
2023/4/4 6:00,652,in,2376.5,ZU
2023/4/4 6:00,658,in,5601.26,ZU
2023/4/4 6:00,609,in,820.846,ZU
2023/4/4 6:00,83,out,201.37,ZU
2023/4/4 6:00,107,out,338.103,ZU
2023/4/4 6:00,89,out,262.549,ZU
2023/4/4 6:00,328,out,111.019,ZU
2023/4/4 6:00,604,in,94.3238,ZU
2023/4/4 6:00,121,out,42.5086,ZU
2023/4/4 6:00,318,out,1166.38,ZU
2023/4/4 6:00,332,out,1168.38,ZU
2023/4/4 6:00,711,in,4015.88,ZU
2023/4/4 6:00,533,out,0,ZU
2023/4/4 6:00,520,out,2985.12,ZU
2023/4/4 6:00,477,out,196.579,ZU
2023/4/4 6:00,478,out,640.629,ZU
2023/4/4 6:00,620,in,3262.77,ZU
2023/4/4 6:00,386,out,159.959,ZU
2023/4/4 6:00,404,out,324.459,ZU
2023/4/4 6:00,410,out,763.819,ZU
2023/4/4 6:00,523,out,893.679,ZU
2023/4/4 6:00,102,in,82.3421,ZU
2023/4/4 6:00,686,out,124.879,ZU
2023/4/4 6:00,80,out,124.879,ZU
2023/4/4 6:00,687,out,720.579,ZU
2023/4/4 6:00,127,out,720.579,ZU
2023/4/4 6:00,657,out,0,ZU
2023/4/4 6:00,122,out,0,ZU
2023/4/4 6:00,481,in,93.079,ZU
2023/4/4 6:00,642,out,151.622,ZU
2023/4/4 6:00,654,in,0,ZU
2023/4/4 6:00,542,in,0,ZU
2023/4/4 6:00,551,in,0,ZU
2023/4/4 6:00,560,in,0,ZU
2023/4/4 6:00,567,in,0,ZU
2023/4/4 6:00,574,in,0,ZU
2023/4/4 6:00,701,out,69.6445,ZU
2023/4/4 6:00,356,in,27.969,ZU
2023/4/4 6:00,357,in,26.289,ZU
2023/4/4 6:00,368,in,79.719,ZU
2023/4/4 6:00,392,in,29.999,ZU
2023/4/4 6:00,449,in,144.619,ZU
2023/4/4 6:00,506,in,28.839,ZU
2023/4/4 6:00,683,out,14737.4,ZU
2023/4/4 6:00,605,in,0,ZU
2023/4/4 6:00,598,in,26.4765,ZU
2023/4/4 6:00,667,in,0,ZU
2023/4/4 6:00,517,in,46.629,ZU
2023/4/4 6:00,616,out,46.6683,ZU
2023/4/4 6:00,516,in,226.599,ZU
2023/4/4 6:00,651,out,226.591,ZU
2023/4/4 6:00,407,in,146.399,ZU
2023/4/4 6:00,607,out,146.693,ZU
2023/4/4 6:00,644,out,71.0635,ZU
2023/4/4 6:00,618,out,33.0734,ZU
2023/4/4 6:00,615,out,1307.72,ZU
2023/4/4 6:00,612,in,1346.04,ZU
2023/4/4 6:00,614,out,3778.5,ZU
2023/4/4 6:00,611,in,2402.69,ZU
2023/4/4 6:00,608,out,71.2674,ZU
2023/4/4 6:00,643,out,435.755,ZU
2023/4/4 6:00,645,out,907.556,ZU
2023/4/4 6:00,597,in,961.738,ZU
2023/4/4 6:00,639,out,391.529,ZU
2023/4/4 6:00,600,out,615.32,ZU
2023/4/4 6:00,603,in,601.867,ZU
2023/4/4 6:00,649,out,145.841,ZU
2023/4/4 6:00,617,out,666.707,ZU
2023/4/4 6:00,358,out,82.539,ZU
2023/4/4 6:00,665,out,1,ZU
2023/4/4 6:00,628,in,121.244,ZU
2023/4/4 6:00,689,out,2254.4,ZU
2023/4/4 6:00,679,in,2214.07,ZU
2023/4/4 6:00,655,out,29.7842,ZU
2023/4/4 6:00,633,in,29.7842,ZU
2023/4/4 6:00,656,out,541.288,ZU
2023/4/4 6:00,699,in,541.288,ZU
2023/4/4 6:00,672,out,0,ZU
2023/4/4 6:00,661,in,0,ZU
2023/4/4 6:00,669,out,536.159,ZU
2023/4/4 6:00,697,in,537.097,ZU
2023/4/4 6:00,646,out,35.6572,ZU
2023/4/4 6:00,648,in,35.6572,ZU
2023/4/4 6:00,662,out,894.612,ZU
2023/4/4 6:00,700,in,894.612,ZU
2023/4/4 6:00,602,out,27.2009,ZU
2023/4/4 6:00,631,in,27.2009,ZU
2023/4/4 6:00,601,out,59.4107,ZU
2023/4/4 6:00,739,in,57.575,ZU
2023/4/4 6:00,671,out,25.933,ZU
2023/4/4 6:00,737,in,26.4608,ZU
2023/4/4 6:00,619,out,58.0463,ZU
2023/4/4 6:00,613,consume,58.0463,ZU
2023/4/4 6:00,664,out,26.0624,ZU
2023/4/4 6:00,632,in,26.2458,ZU
2023/4/4 6:00,347,out,464.139,ZU
2023/4/4 6:00,359,out,135.779,ZU
2023/4/4 6:00,526,out,192.669,ZU
2023/4/4 6:00,624,in,2257.41,ZU
2023/4/4 6:00,718,in,0,ZU
2023/4/4 6:00,653,in,28.4665,ZU
2023/4/4 6:00,659,in,77.0774,ZU
2023/4/4 6:00,647,in,470.897,ZU
2023/4/4 6:00,279,in,11138.8,NODE
2023/4/4 6:00,280,in,247.379,NODE
2023/4/4 6:00,281,out,31.079,NODE
2023/4/4 6:00,282,out,149.419,NODE
2023/4/4 6:00,283,out,1689.23,NODE
2023/4/4 6:00,284,out,785.419,NODE
2023/4/4 6:00,285,out,1077.77,NODE
2023/4/4 6:00,286,out,875.829,NODE
2023/4/4 6:00,287,out,30.089,NODE
2023/4/4 6:00,288,out,544.889,NODE
2023/4/4 6:00,289,out,1456.85,NODE
2023/4/4 6:00,290,out,1462.66,NODE
2023/4/4 6:00,291,out,3515.91,NODE
2023/4/4 6:00,292,consume,50.229,NODE
2023/4/4 6:00,306,in,3588.64,NODE
2023/4/4 6:00,307,in,35.709,NODE
2023/4/4 6:00,308,in,51.139,NODE
2023/4/4 6:00,309,in,49.889,NODE
2023/4/4 6:00,310,in,0,NODE
2023/4/4 6:00,312,out,0,NODE
2023/4/4 6:00,313,out,230.019,NODE
2023/4/4 6:00,314,out,115.489,NODE
2023/4/4 6:00,315,out,384.609,NODE
2023/4/4 6:00,316,out,1074.71,NODE
2023/4/4 6:00,317,out,789.259,NODE
2023/4/4 6:00,318,out,1166.38,NODE
2023/4/4 6:00,319,consume,102.889,NODE
2023/4/4 6:00,707,out,42.549,NODE
2023/4/4 6:00,351,in,158.109,NODE
2023/4/4 6:00,352,in,140.529,NODE
2023/4/4 6:00,353,in,198.419,NODE
2023/4/4 6:00,354,in,96.479,NODE
2023/4/4 6:00,355,in,30.849,NODE
2023/4/4 6:00,356,in,27.969,NODE
2023/4/4 6:00,357,in,26.289,NODE
2023/4/4 6:00,358,out,82.539,NODE
2023/4/4 6:00,359,out,135.779,NODE
2023/4/4 6:00,360,out,312.709,NODE
2023/4/4 6:00,361,out,30.539,NODE
2023/4/4 6:00,362,out,61.919,NODE
2023/4/4 6:00,363,out,29.279,NODE
2023/4/4 6:00,364,out,0,NODE
2023/4/4 6:00,334,in,169.709,NODE
2023/4/4 6:00,335,in,701.999,NODE
2023/4/4 6:00,336,in,263.459,NODE
2023/4/4 6:00,337,in,670.209,NODE
2023/4/4 6:00,338,in,86.089,NODE
2023/4/4 6:00,339,in,25.939,NODE
2023/4/4 6:00,340,in,0,NODE
2023/4/4 6:00,341,out,26.219,NODE
2023/4/4 6:00,342,out,294.839,NODE
2023/4/4 6:00,343,out,263.529,NODE
2023/4/4 6:00,344,out,238.739,NODE
2023/4/4 6:00,345,out,84.579,NODE
2023/4/4 6:00,346,out,381.109,NODE
2023/4/4 6:00,347,out,464.139,NODE
2023/4/4 6:00,348,out,179.059,NODE
2023/4/4 6:00,349,out,29.269,NODE
2023/4/4 6:00,350,out,0,NODE
2023/4/4 6:00,709,out,59.439,NODE
2023/4/4 6:00,293,in,14305.9,NODE
2023/4/4 6:00,294,out,33.169,NODE
2023/4/4 6:00,295,out,104.209,NODE
2023/4/4 6:00,296,out,2025.71,NODE
2023/4/4 6:00,297,out,860.309,NODE
2023/4/4 6:00,298,out,1729.11,NODE
2023/4/4 6:00,299,out,1078.73,NODE
2023/4/4 6:00,300,out,42.139,NODE
2023/4/4 6:00,301,out,706.419,NODE
2023/4/4 6:00,302,out,2905.53,NODE
2023/4/4 6:00,303,out,1191.17,NODE
2023/4/4 6:00,304,out,3888.21,NODE
2023/4/4 6:00,305,consume,25.929,NODE
2023/4/4 6:00,320,in,3621.49,NODE
2023/4/4 6:00,321,in,38.729,NODE
2023/4/4 6:00,322,in,0,NODE
2023/4/4 6:00,323,in,45.199,NODE
2023/4/4 6:00,324,in,0,NODE
2023/4/4 6:00,326,out,0,NODE
2023/4/4 6:00,327,out,221.769,NODE
2023/4/4 6:00,328,out,111.019,NODE
2023/4/4 6:00,329,out,450.869,NODE
2023/4/4 6:00,330,out,1011.13,NODE
2023/4/4 6:00,331,out,785.759,NODE
2023/4/4 6:00,332,out,1168.38,NODE
2023/4/4 6:00,333,consume,101.019,NODE
2023/4/4 6:00,708,out,60.009,NODE
2023/4/4 6:00,365,in,1255.01,NODE
2023/4/4 6:00,366,in,2586.15,NODE
2023/4/4 6:00,367,in,323.659,NODE
2023/4/4 6:00,368,in,79.719,NODE
2023/4/4 6:00,369,consume,29.879,NODE
2023/4/4 6:00,370,out,37.669,NODE
2023/4/4 6:00,371,out,38.909,NODE
2023/4/4 6:00,372,out,82.189,NODE
2023/4/4 6:00,373,out,3950.88,NODE
2023/4/4 6:00,374,out,0,NODE
2023/4/4 6:00,375,out,26.109,NODE
2023/4/4 6:00,376,out,0,NODE
2023/4/4 6:00,722,out,140.879,NODE
2023/4/4 6:00,377,in,2897.44,NODE
2023/4/4 6:00,378,in,991.859,NODE
2023/4/4 6:00,379,in,28.339,NODE
2023/4/4 6:00,380,in,0,NODE
2023/4/4 6:00,381,out,165.289,NODE
2023/4/4 6:00,382,out,944.409,NODE
2023/4/4 6:00,383,out,1875.78,NODE
2023/4/4 6:00,384,out,197.389,NODE
2023/4/4 6:00,385,out,499.349,NODE
2023/4/4 6:00,386,out,159.959,NODE
2023/4/4 6:00,387,consume,159.879,NODE
2023/4/4 6:00,388,out,159.879,NODE
2023/4/4 6:00,392,in,29.999,NODE
2023/4/4 6:00,393,consume,47.799,NODE
2023/4/4 6:00,394,in,1967.47,NODE
2023/4/4 6:00,395,out,28.339,NODE
2023/4/4 6:00,396,out,38.179,NODE
2023/4/4 6:00,397,out,1962.48,NODE
2023/4/4 6:00,398,out,0,NODE
2023/4/4 6:00,400,in,1162.57,NODE
2023/4/4 6:00,401,out,29.449,NODE
2023/4/4 6:00,402,out,685.289,NODE
2023/4/4 6:00,403,out,197.379,NODE
2023/4/4 6:00,404,out,324.459,NODE
2023/4/4 6:00,405,in,683.529,NODE
2023/4/4 6:00,406,in,25.919,NODE
2023/4/4 6:00,407,in,146.399,NODE
2023/4/4 6:00,408,in,126.359,NODE
2023/4/4 6:00,409,out,31.219,NODE
2023/4/4 6:00,410,out,763.819,NODE
2023/4/4 6:00,411,out,157.299,NODE
2023/4/4 6:00,412,out,0,NODE
2023/4/4 6:00,413,out,0,NODE
2023/4/4 6:00,449,in,144.619,NODE
2023/4/4 6:00,450,consume,99.649,NODE
2023/4/4 6:00,451,in,1080.75,NODE
2023/4/4 6:00,452,in,2768.26,NODE
2023/4/4 6:00,453,out,296.879,NODE
2023/4/4 6:00,454,out,0,NODE
2023/4/4 6:00,455,out,1708.88,NODE
2023/4/4 6:00,456,out,0,NODE
2023/4/4 6:00,457,out,1528.08,NODE
2023/4/4 6:00,458,out,30.359,NODE
2023/4/4 6:00,459,out,0,NODE
2023/4/4 6:00,460,out,297.919,NODE
2023/4/4 6:00,461,out,54.149,NODE
2023/4/4 6:00,462,out,71.889,NODE
2023/4/4 6:00,463,out,0,NODE
2023/4/4 6:00,464,out,79.659,NODE
2023/4/4 6:00,465,out,27.959,NODE
2023/4/4 6:00,723,out,75.879,NODE
2023/4/4 6:00,414,in,3231.47,NODE
2023/4/4 6:00,415,in,0,NODE
2023/4/4 6:00,416,in,389.009,NODE
2023/4/4 6:00,417,in,94.689,NODE
2023/4/4 6:00,418,consume,48.769,NODE
2023/4/4 6:00,419,in,2785.9,NODE
2023/4/4 6:00,420,out,327.429,NODE
2023/4/4 6:00,421,out,2551.09,NODE
2023/4/4 6:00,422,out,2932.07,NODE
2023/4/4 6:00,423,out,567.479,NODE
2023/4/4 6:00,424,out,69.209,NODE
2023/4/4 6:00,425,out,28.009,NODE
2023/4/4 6:00,426,out,0,NODE
2023/4/4 6:00,427,out,52.439,NODE
2023/4/4 6:00,724,out,75.969,NODE
2023/4/4 6:00,428,in,106.629,NODE
2023/4/4 6:00,429,consume,71.769,NODE
2023/4/4 6:00,430,in,1192.95,NODE
2023/4/4 6:00,431,in,2765.17,NODE
2023/4/4 6:00,432,out,57.359,NODE
2023/4/4 6:00,433,out,54.919,NODE
2023/4/4 6:00,434,out,1005.09,NODE
2023/4/4 6:00,435,out,637.019,NODE
2023/4/4 6:00,436,out,1058.18,NODE
2023/4/4 6:00,437,out,699.169,NODE
2023/4/4 6:00,438,out,626.059,NODE
2023/4/4 6:00,439,out,0,NODE
2023/4/4 6:00,440,out,38.569,NODE
2023/4/4 6:00,725,out,41.379,NODE
2023/4/4 6:00,441,consume,33.999,NODE
2023/4/4 6:00,442,in,31.519,NODE
2023/4/4 6:00,443,in,361.519,NODE
2023/4/4 6:00,444,in,1367.56,NODE
2023/4/4 6:00,445,out,0,NODE
2023/4/4 6:00,446,out,90.879,NODE
2023/4/4 6:00,447,out,1643.01,NODE
2023/4/4 6:00,466,in,38.169,NODE
2023/4/4 6:00,467,consume,0,NODE
2023/4/4 6:00,468,in,611.979,NODE
2023/4/4 6:00,469,in,236.769,NODE
2023/4/4 6:00,470,out,45.389,NODE
2023/4/4 6:00,471,out,812.879,NODE
2023/4/4 6:00,472,out,0,NODE
2023/4/4 6:00,473,out,27.889,NODE
2023/4/4 6:00,474,in,510.479,NODE
2023/4/4 6:00,475,in,327.429,NODE
2023/4/4 6:00,476,in,0,NODE
2023/4/4 6:00,477,out,196.579,NODE
2023/4/4 6:00,478,out,640.629,NODE
2023/4/4 6:00,505,in,4208.86,NODE
2023/4/4 6:00,506,in,28.839,NODE
2023/4/4 6:00,507,in,28.159,NODE
2023/4/4 6:00,508,consume,87.669,NODE
2023/4/4 6:00,509,out,609.749,NODE
2023/4/4 6:00,510,out,3449.66,NODE
2023/4/4 6:00,511,out,51.119,NODE
2023/4/4 6:00,512,out,169.829,NODE
2023/4/4 6:00,513,out,0,NODE
2023/4/4 6:00,489,in,3443.22,NODE
2023/4/4 6:00,490,in,36.369,NODE
2023/4/4 6:00,491,consume,203.159,NODE
2023/4/4 6:00,492,out,164.859,NODE
2023/4/4 6:00,493,out,132.299,NODE
2023/4/4 6:00,494,out,2906.17,NODE
2023/4/4 6:00,495,out,0,NODE
2023/4/4 6:00,496,out,326.239,NODE
2023/4/4 6:00,497,in,3550.7,NODE
2023/4/4 6:00,498,in,36.009,NODE
2023/4/4 6:00,499,consume,192.879,NODE
2023/4/4 6:00,500,out,131.069,NODE
2023/4/4 6:00,501,out,316.119,NODE
2023/4/4 6:00,502,out,173.639,NODE
2023/4/4 6:00,503,out,3016.94,NODE
2023/4/4 6:00,504,out,0,NODE
2023/4/4 6:00,479,in,108.179,NODE
2023/4/4 6:00,480,in,496.669,NODE
2023/4/4 6:00,481,in,93.079,NODE
2023/4/4 6:00,482,in,252.239,NODE
2023/4/4 6:00,483,in,593.129,NODE
2023/4/4 6:00,484,out,356.869,NODE
2023/4/4 6:00,485,out,0,NODE
2023/4/4 6:00,486,out,629.429,NODE
2023/4/4 6:00,487,out,505.099,NODE
2023/4/4 6:00,488,out,0,NODE
2023/4/4 6:00,710,out,0,NODE
2023/4/4 6:00,514,in,5760.64,NODE
2023/4/4 6:00,515,in,0,NODE
2023/4/4 6:00,516,in,226.599,NODE
2023/4/4 6:00,517,in,46.629,NODE
2023/4/4 6:00,518,in,95.749,NODE
2023/4/4 6:00,519,consume,463.149,NODE
2023/4/4 6:00,520,out,2985.12,NODE
2023/4/4 6:00,521,out,1016.71,NODE
2023/4/4 6:00,522,out,475.689,NODE
2023/4/4 6:00,523,out,893.679,NODE
2023/4/4 6:00,524,out,269.979,NODE
2023/4/4 6:00,525,out,327.749,NODE
2023/4/4 6:00,526,out,192.669,NODE
2023/4/4 6:00,527,in,1699.43,NODE
2023/4/4 6:00,528,in,803.209,NODE
2023/4/4 6:00,529,in,0,NODE
2023/4/4 6:00,530,in,0,NODE
2023/4/4 6:00,531,out,1751.38,NODE
2023/4/4 6:00,532,out,796.919,NODE
2023/4/4 6:00,533,out,0,NODE
2023/4/4 6:00,534,out,0,NODE
2023/4/4 6:00,539,in,0,NODE
2023/4/4 6:00,541,consume,35.229,NODE
2023/4/4 6:00,542,in,0,NODE
2023/4/4 6:00,543,out,169.189,NODE
2023/4/4 6:00,544,out,0,NODE
2023/4/4 6:00,715,in,169.819,NODE
2023/4/4 6:00,726,consume,165.979,NODE
2023/4/4 6:00,549,in,26.059,NODE
2023/4/4 6:00,550,consume,35.249,NODE
2023/4/4 6:00,551,in,0,NODE
2023/4/4 6:00,552,out,193.379,NODE
2023/4/4 6:00,720,in,193.779,NODE
2023/4/4 6:00,728,consume,201.469,NODE
2023/4/4 6:00,556,in,25.949,NODE
2023/4/4 6:00,558,out,185.049,NODE
2023/4/4 6:00,559,consume,34.739,NODE
2023/4/4 6:00,560,in,0,NODE
2023/4/4 6:00,561,out,80.799,NODE
2023/4/4 6:00,719,in,240.429,NODE
2023/4/4 6:00,729,consume,178.079,NODE
2023/4/4 6:00,565,in,0,NODE
2023/4/4 6:00,566,consume,0,NODE
2023/4/4 6:00,567,in,0,NODE
2023/4/4 6:00,568,out,0,NODE
2023/4/4 6:00,721,in,0,NODE
2023/4/4 6:00,730,consume,0,NODE
2023/4/4 6:00,572,in,0,NODE
2023/4/4 6:00,573,consume,28.769,NODE
2023/4/4 6:00,574,in,0,NODE
2023/4/4 6:00,575,out,79.189,NODE
2023/4/4 6:00,714,in,79.449,NODE
2023/4/4 6:00,731,consume,81.379,NODE
2023/4/4 6:00,576,in,1709.33,NODE
2023/4/4 6:00,578,in,2305.83,NODE
2023/4/4 6:00,579,out,35.269,NODE
2023/4/4 6:00,580,out,0,NODE
2023/4/4 6:00,581,out,1648.29,NODE
2023/4/4 6:00,716,out,39.909,NODE
2023/4/4 6:00,582,in,3975.46,NODE
2023/4/4 6:00,584,out,193.339,NODE
2023/4/4 6:00,585,out,1788.33,NODE
2023/4/4 6:00,586,in,8851.02,NODE
2023/4/4 6:00,587,out,408.199,NODE
2023/4/4 6:00,588,out,7715.9,NODE
2023/4/4 6:00,589,in,5222.73,NODE
2023/4/4 6:00,590,in,8659.88,NODE
2023/4/4 6:00,591,out,142.809,NODE
2023/4/4 6:00,592,out,5451.76,NODE
2023/4/4 6:00,593,out,9271.44,NODE
2023/4/4 6:00,717,out,90.419,NODE
2023/4/4 6:00,594,in,556.009,NODE
2023/4/4 6:00,595,out,556.009,NODE
2023/4/4 6:00,642,out,88.7507,NODE
2023/4/4 6:00,638,out,776.006,NODE
2023/4/4 6:00,644,out,71.0635,NODE
2023/4/4 6:00,643,out,435.755,NODE
2023/4/4 6:00,645,out,466.718,NODE
2023/4/4 6:00,639,out,391.529,NODE
2023/4/4 6:00,641,out,695.613,NODE
2023/4/4 6:00,640,out,1259.91,NODE
2023/4/4 6:00,646,out,35.6572,NODE
2023/4/4 6:00,628,in,73.5617,NODE
2023/4/4 6:00,633,in,29.7842,NODE
2023/4/4 6:00,622,in,106.592,NODE
2023/4/4 6:00,631,in,27.2009,NODE
2023/4/4 6:00,626,consume,-154.542,NODE
2023/4/4 6:00,627,in,67.3088,NODE
2023/4/4 6:00,739,in,57.575,NODE
2023/4/4 6:00,737,in,26.4608,NODE
2023/4/4 6:00,632,in,26.0624,NODE
2023/4/4 6:00,624,in,769.724,NODE
2023/4/4 6:00,620,in,1644.32,NODE
2023/4/4 6:00,629,in,25.9008,NODE
2023/4/4 6:00,718,in,0,NODE
2023/4/4 6:00,623,in,1043.4,NODE
2023/4/4 6:00,621,in,325.248,NODE
2023/4/4 6:00,600,out,320.6,NODE
2023/4/4 6:00,599,out,160.843,NODE
2023/4/4 6:00,602,out,27.2009,NODE
2023/4/4 6:00,601,out,59.4107,NODE
2023/4/4 6:00,598,in,26.4765,NODE
2023/4/4 6:00,597,in,493.809,NODE
2023/4/4 6:00,607,out,146.693,NODE
2023/4/4 6:00,606,out,215.253,NODE
2023/4/4 6:00,608,out,71.2674,NODE
2023/4/4 6:00,605,in,0,NODE
2023/4/4 6:00,604,in,94.3238,NODE
2023/4/4 6:00,603,in,313.873,NODE
2023/4/4 6:00,616,out,46.6683,NODE
2023/4/4 6:00,615,out,1307.72,NODE
2023/4/4 6:00,614,out,964.034,NODE
2023/4/4 6:00,618,out,33.0734,NODE
2023/4/4 6:00,617,out,666.707,NODE
2023/4/4 6:00,619,out,58.0463,NODE
2023/4/4 6:00,613,consume,58.0463,NODE
2023/4/4 6:00,610,in,568.202,NODE
2023/4/4 6:00,609,in,224.621,NODE
2023/4/4 6:00,612,in,1346.04,NODE
2023/4/4 6:00,611,in,818.151,NODE
2023/4/4 6:00,651,out,226.591,NODE
2023/4/4 6:00,650,out,137.266,NODE
2023/4/4 6:00,649,out,145.841,NODE
2023/4/4 6:00,648,in,35.6572,NODE
2023/4/4 6:00,647,in,470.897,NODE
2023/4/4 6:00,657,out,0,NODE
2023/4/4 6:00,655,out,29.7842,NODE
2023/4/4 6:00,656,out,474.496,NODE
2023/4/4 6:00,652,in,496.004,NODE
2023/4/4 6:00,654,in,0,NODE
2023/4/4 6:00,653,in,28.4665,NODE
2023/4/4 6:00,665,out,1,NODE
2023/4/4 6:00,662,out,1180.89,NODE
2023/4/4 6:00,664,out,26.0624,NODE
2023/4/4 6:00,661,in,0,NODE
2023/4/4 6:00,658,in,1140.96,NODE
2023/4/4 6:00,659,in,77.0774,NODE
2023/4/4 6:00,672,out,0,NODE
2023/4/4 6:00,669,out,602.837,NODE
2023/4/4 6:00,670,out,0,NODE
2023/4/4 6:00,671,out,25.933,NODE
2023/4/4 6:00,667,in,0,NODE
2023/4/4 6:00,668,in,617.111,NODE
2023/4/4 6:00,686,out,124.879,NODE
2023/4/4 6:00,687,out,720.579,NODE
2023/4/4 6:00,684,out,137.1,NODE
2023/4/4 6:00,685,out,280.898,NODE
2023/4/4 6:00,683,out,1660.5,NODE
2023/4/4 6:00,681,out,1520.76,NODE
2023/4/4 6:00,682,out,303.769,NODE
2023/4/4 6:00,679,in,2214.07,NODE
2023/4/4 6:00,711,in,2020.88,NODE
2023/4/4 6:00,712,in,489.879,NODE
2023/4/4 6:00,701,out,34.6321,NODE
2023/4/4 6:00,690,out,129.665,NODE
2023/4/4 6:00,691,out,80.7901,NODE
2023/4/4 6:00,692,out,60.8434,NODE
2023/4/4 6:00,689,out,2254.4,NODE
2023/4/4 6:00,699,in,541.288,NODE
2023/4/4 6:00,700,in,894.612,NODE
2023/4/4 6:00,697,in,537.097,NODE
2023/4/4 6:00,102,in,82.3421,NODE
2023/4/4 6:00,129,in,0,NODE
2023/4/4 6:00,80,out,124.879,NODE
2023/4/4 6:00,81,out,31.4941,NODE
2023/4/4 6:00,81,out,48.4435,NODE
2023/4/4 6:00,81,out,43.8649,NODE
2023/4/4 6:00,82,out,76.0688,NODE
2023/4/4 6:00,82,out,82.9606,NODE
2023/4/4 6:00,83,out,201.37,NODE
2023/4/4 6:00,85,out,81.1344,NODE
2023/4/4 6:00,86,out,249.571,NODE
2023/4/4 6:00,89,out,262.549,NODE
2023/4/4 6:00,93,out,341.698,NODE
2023/4/4 6:00,95,out,230.603,NODE
2023/4/4 6:00,107,out,338.103,NODE
2023/4/4 6:00,109,out,1402.65,NODE
2023/4/4 6:00,112,out,549.123,NODE
2023/4/4 6:00,117,out,123.433,NODE
2023/4/4 6:00,118,out,195.854,NODE
2023/4/4 6:00,121,out,42.5086,NODE
2023/4/4 6:00,122,out,0,NODE
2023/4/4 6:00,127,out,720.579,NODE
2023/4/4 6:00,134,out,0,NODE
2023/4/4 18:00,334,in,172.349,ZU
2023/4/4 18:00,370,out,37.809,ZU
2023/4/4 18:00,425,out,28.069,ZU
2023/4/4 18:00,433,out,55.489,ZU
2023/4/4 18:00,445,out,0,ZU
2023/4/4 18:00,461,out,55.419,ZU
2023/4/4 18:00,470,out,42.219,ZU
2023/4/4 18:00,511,out,52.059,ZU
2023/4/4 18:00,335,in,707.119,ZU
2023/4/4 18:00,423,out,562.859,ZU
2023/4/4 18:00,460,out,308.459,ZU
2023/4/4 18:00,280,in,227.669,ZU
2023/4/4 18:00,349,out,27.359,ZU
2023/4/4 18:00,363,out,29.349,ZU
2023/4/4 18:00,372,out,79.319,ZU
2023/4/4 18:00,472,out,0,ZU
2023/4/4 18:00,512,out,164.429,ZU
2023/4/4 18:00,712,in,530.879,ZU
2023/4/4 18:00,129,in,659.879,ZU
2023/4/4 18:00,292,consume,50.179,ZU
2023/4/4 18:00,305,consume,25.919,ZU
2023/4/4 18:00,319,consume,105.139,ZU
2023/4/4 18:00,333,consume,102.619,ZU
2023/4/4 18:00,342,out,324.809,ZU
2023/4/4 18:00,360,out,325.749,ZU
2023/4/4 18:00,369,consume,29.829,ZU
2023/4/4 18:00,393,consume,48.499,ZU
2023/4/4 18:00,396,out,38.339,ZU
2023/4/4 18:00,409,out,31.309,ZU
2023/4/4 18:00,418,consume,49.099,ZU
2023/4/4 18:00,429,consume,72.739,ZU
2023/4/4 18:00,441,consume,34.329,ZU
2023/4/4 18:00,450,consume,100.809,ZU
2023/4/4 18:00,491,consume,210.179,ZU
2023/4/4 18:00,499,consume,197.679,ZU
2023/4/4 18:00,508,consume,87.659,ZU
2023/4/4 18:00,519,consume,466.209,ZU
2023/4/4 18:00,541,consume,35.939,ZU
2023/4/4 18:00,550,consume,36.079,ZU
2023/4/4 18:00,559,consume,35.219,ZU
2023/4/4 18:00,573,consume,29.079,ZU
2023/4/4 18:00,681,out,1914.4,ZU
2023/4/4 18:00,682,out,287.975,ZU
2023/4/4 18:00,638,out,1509.94,ZU
2023/4/4 18:00,626,consume,-152.417,ZU
2023/4/4 18:00,453,out,278.599,ZU
2023/4/4 18:00,474,in,515.789,ZU
2023/4/4 18:00,493,out,132.399,ZU
2023/4/4 18:00,500,out,131.579,ZU
2023/4/4 18:00,509,out,635.679,ZU
2023/4/4 18:00,361,out,30.539,ZU
2023/4/4 18:00,544,out,0,ZU
2023/4/4 18:00,561,out,78.769,ZU
2023/4/4 18:00,579,out,34.109,ZU
2023/4/4 18:00,584,out,85.939,ZU
2023/4/4 18:00,587,out,421.159,ZU
2023/4/4 18:00,591,out,146.949,ZU
2023/4/4 18:00,707,out,42.319,ZU
2023/4/4 18:00,708,out,56.319,ZU
2023/4/4 18:00,709,out,58.289,ZU
2023/4/4 18:00,710,out,34.369,ZU
2023/4/4 18:00,714,in,82.019,ZU
2023/4/4 18:00,715,in,164.899,ZU
2023/4/4 18:00,716,out,36.779,ZU
2023/4/4 18:00,717,out,89.899,ZU
2023/4/4 18:00,719,in,253.539,ZU
2023/4/4 18:00,720,in,195.299,ZU
2023/4/4 18:00,721,in,0,ZU
2023/4/4 18:00,722,out,75.949,ZU
2023/4/4 18:00,723,out,80.879,ZU
2023/4/4 18:00,724,out,78.549,ZU
2023/4/4 18:00,725,out,41.619,ZU
2023/4/4 18:00,684,out,680.708,ZU
2023/4/4 18:00,685,out,1412.54,ZU
2023/4/4 18:00,286,out,853.569,ZU
2023/4/4 18:00,384,out,195.549,ZU
2023/4/4 18:00,416,in,386.569,ZU
2023/4/4 18:00,282,out,149.439,ZU
2023/4/4 18:00,295,out,103.559,ZU
2023/4/4 18:00,336,in,258.699,ZU
2023/4/4 18:00,285,out,1137.75,ZU
2023/4/4 18:00,288,out,557.879,ZU
2023/4/4 18:00,298,out,1730.76,ZU
2023/4/4 18:00,299,out,1171.58,ZU
2023/4/4 18:00,301,out,606.549,ZU
2023/4/4 18:00,316,out,1109.57,ZU
2023/4/4 18:00,330,out,1035.42,ZU
2023/4/4 18:00,374,out,0,ZU
2023/4/4 18:00,385,out,518.969,ZU
2023/4/4 18:00,414,in,3248.88,ZU
2023/4/4 18:00,431,in,2764.1,ZU
2023/4/4 18:00,338,in,90.079,ZU
2023/4/4 18:00,355,in,30.629,ZU
2023/4/4 18:00,421,out,2604.17,ZU
2023/4/4 18:00,455,out,1772.8,ZU
2023/4/4 18:00,489,in,3602.29,ZU
2023/4/4 18:00,497,in,3693.24,ZU
2023/4/4 18:00,510,out,3446.74,ZU
2023/4/4 18:00,339,in,25.939,ZU
2023/4/4 18:00,406,in,25.919,ZU
2023/4/4 18:00,417,in,95.539,ZU
2023/4/4 18:00,428,in,107.799,ZU
2023/4/4 18:00,442,in,31.699,ZU
2023/4/4 18:00,466,in,36.239,ZU
2023/4/4 18:00,484,out,370.109,ZU
2023/4/4 18:00,490,in,36.379,ZU
2023/4/4 18:00,498,in,36.009,ZU
2023/4/4 18:00,518,in,97.109,ZU
2023/4/4 18:00,539,in,0,ZU
2023/4/4 18:00,549,in,26.069,ZU
2023/4/4 18:00,556,in,0,ZU
2023/4/4 18:00,572,in,0,ZU
2023/4/4 18:00,420,out,301.799,ZU
2023/4/4 18:00,475,in,301.799,ZU
2023/4/4 18:00,371,out,38.989,ZU
2023/4/4 18:00,424,out,47.689,ZU
2023/4/4 18:00,432,out,57.629,ZU
2023/4/4 18:00,462,out,74.319,ZU
2023/4/4 18:00,479,in,111.069,ZU
2023/4/4 18:00,337,in,695.949,ZU
2023/4/4 18:00,486,out,653.719,ZU
2023/4/4 18:00,281,out,31.139,ZU
2023/4/4 18:00,294,out,33.079,ZU
2023/4/4 18:00,307,in,35.129,ZU
2023/4/4 18:00,321,in,39.069,ZU
2023/4/4 18:00,483,in,616.989,ZU
2023/4/4 18:00,496,out,342.029,ZU
2023/4/4 18:00,501,out,325.659,ZU
2023/4/4 18:00,351,in,156.039,ZU
2023/4/4 18:00,381,out,163.399,ZU
2023/4/4 18:00,314,out,121.179,ZU
2023/4/4 18:00,328,out,178.159,ZU
2023/4/4 18:00,382,out,943.529,ZU
2023/4/4 18:00,400,in,1230,ZU
2023/4/4 18:00,383,out,1871.37,ZU
2023/4/4 18:00,394,in,1979.48,ZU
2023/4/4 18:00,387,consume,142.999,ZU
2023/4/4 18:00,388,out,142.999,ZU
2023/4/4 18:00,327,out,230.539,ZU
2023/4/4 18:00,353,in,207.919,ZU
2023/4/4 18:00,283,out,1737.02,ZU
2023/4/4 18:00,296,out,2070.24,ZU
2023/4/4 18:00,309,in,49.879,ZU
2023/4/4 18:00,315,out,380.009,ZU
2023/4/4 18:00,323,in,45.199,ZU
2023/4/4 18:00,329,out,436.799,ZU
2023/4/4 18:00,468,in,600.519,ZU
2023/4/4 18:00,469,in,255.209,ZU
2023/4/4 18:00,471,out,823.689,ZU
2023/4/4 18:00,505,in,4218.28,ZU
2023/4/4 18:00,291,out,3616.21,ZU
2023/4/4 18:00,304,out,3879.76,ZU
2023/4/4 18:00,306,in,3685.47,ZU
2023/4/4 18:00,320,in,3643.14,ZU
2023/4/4 18:00,290,out,1533.54,ZU
2023/4/4 18:00,303,out,1208.18,ZU
2023/4/4 18:00,317,out,814.519,ZU
2023/4/4 18:00,331,out,718.499,ZU
2023/4/4 18:00,365,in,1253.5,ZU
2023/4/4 18:00,367,in,315.559,ZU
2023/4/4 18:00,313,out,236.529,ZU
2023/4/4 18:00,352,in,140.179,ZU
2023/4/4 18:00,419,in,2877.64,ZU
2023/4/4 18:00,434,out,1115.94,ZU
2023/4/4 18:00,435,out,551.849,ZU
2023/4/4 18:00,436,out,1042.17,ZU
2023/4/4 18:00,346,out,389.859,ZU
2023/4/4 18:00,408,in,134.889,ZU
2023/4/4 18:00,93,out,450.45,ZU
2023/4/4 18:00,373,out,4039.98,ZU
2023/4/4 18:00,377,in,2920.32,ZU
2023/4/4 18:00,458,out,50.419,ZU
2023/4/4 18:00,380,in,0,ZU
2023/4/4 18:00,401,out,28.689,ZU
2023/4/4 18:00,528,in,806.439,ZU
2023/4/4 18:00,532,out,806.169,ZU
2023/4/4 18:00,482,in,262.239,ZU
2023/4/4 18:00,525,out,398.119,ZU
2023/4/4 18:00,287,out,31.069,ZU
2023/4/4 18:00,300,out,42.199,ZU
2023/4/4 18:00,308,in,52.889,ZU
2023/4/4 18:00,322,in,0,ZU
2023/4/4 18:00,379,in,28.239,ZU
2023/4/4 18:00,395,out,28.239,ZU
2023/4/4 18:00,289,out,1544.89,ZU
2023/4/4 18:00,302,out,2890.5,ZU
2023/4/4 18:00,451,in,1416.49,ZU
2023/4/4 18:00,452,in,2762.98,ZU
2023/4/4 18:00,524,out,264.879,ZU
2023/4/4 18:00,629,in,25.9007,ZU
2023/4/4 18:00,430,in,1292.63,ZU
2023/4/4 18:00,494,out,3033.35,ZU
2023/4/4 18:00,503,out,3147.68,ZU
2023/4/4 18:00,514,in,6013.54,ZU
2023/4/4 18:00,343,out,259.039,ZU
2023/4/4 18:00,344,out,230.819,ZU
2023/4/4 18:00,348,out,168.129,ZU
2023/4/4 18:00,354,in,95.389,ZU
2023/4/4 18:00,362,out,53.499,ZU
2023/4/4 18:00,403,out,250.749,ZU
2023/4/4 18:00,411,out,156.099,ZU
2023/4/4 18:00,492,out,182.629,ZU
2023/4/4 18:00,502,out,176.089,ZU
2023/4/4 18:00,670,out,0,ZU
2023/4/4 18:00,622,in,929.472,ZU
2023/4/4 18:00,623,in,3260.7,ZU
2023/4/4 18:00,402,out,694.049,ZU
2023/4/4 18:00,405,in,697.389,ZU
2023/4/4 18:00,527,in,1688.56,ZU
2023/4/4 18:00,531,out,1819.83,ZU
2023/4/4 18:00,690,out,134.421,ZU
2023/4/4 18:00,691,out,83.5001,ZU
2023/4/4 18:00,692,out,62.0266,ZU
2023/4/4 18:00,81,out,41.8342,ZU
2023/4/4 18:00,81,out,47.9634,ZU
2023/4/4 18:00,81,out,32.6973,ZU
2023/4/4 18:00,279,in,11523.7,ZU
2023/4/4 18:00,595,out,556.129,ZU
2023/4/4 18:00,134,out,0,ZU
2023/4/4 18:00,397,out,1974.6,ZU
2023/4/4 18:00,410,out,784.259,ZU
2023/4/4 18:00,523,out,892.659,ZU
2023/4/4 18:00,606,out,214.253,ZU
2023/4/4 18:00,293,in,14337.4,ZU
2023/4/4 18:00,284,out,791.819,ZU
2023/4/4 18:00,297,out,859.839,ZU
2023/4/4 18:00,443,in,363.449,ZU
2023/4/4 18:00,444,in,1310.42,ZU
2023/4/4 18:00,641,out,2039.88,ZU
2023/4/4 18:00,668,in,2395.72,ZU
2023/4/4 18:00,118,out,195.6,ZU
2023/4/4 18:00,117,out,121.344,ZU
2023/4/4 18:00,543,out,164.659,ZU
2023/4/4 18:00,552,out,194.689,ZU
2023/4/4 18:00,558,out,199.609,ZU
2023/4/4 18:00,575,out,81.329,ZU
2023/4/4 18:00,594,in,556.129,ZU
2023/4/4 18:00,86,out,0,ZU
2023/4/4 18:00,422,out,3024.21,ZU
2023/4/4 18:00,437,out,701.609,ZU
2023/4/4 18:00,438,out,715.239,ZU
2023/4/4 18:00,447,out,1639.45,ZU
2023/4/4 18:00,456,out,0,ZU
2023/4/4 18:00,457,out,1742.19,ZU
2023/4/4 18:00,378,in,969.299,ZU
2023/4/4 18:00,120,out,421.964,ZU
2023/4/4 18:00,366,in,2616.8,ZU
2023/4/4 18:00,640,out,2505.75,ZU
2023/4/4 18:00,652,in,1905.6,ZU
2023/4/4 18:00,658,in,4461.05,ZU
2023/4/4 18:00,609,in,621.086,ZU
2023/4/4 18:00,107,out,14223.9,ZU
2023/4/4 18:00,328,out,178.159,ZU
2023/4/4 18:00,604,in,94.8223,ZU
2023/4/4 18:00,121,out,34.4916,ZU
2023/4/4 18:00,88,out,57.9687,ZU
2023/4/4 18:00,599,out,170.2,ZU
2023/4/4 18:00,119,out,205.32,ZU
2023/4/4 18:00,106,out,3975.54,ZU
2023/4/4 18:00,109,out,4183.16,ZU
2023/4/4 18:00,507,in,0,ZU
2023/4/4 18:00,318,out,1196.88,ZU
2023/4/4 18:00,332,out,1175.19,ZU
2023/4/4 18:00,711,in,3721.88,ZU
2023/4/4 18:00,533,out,0,ZU
2023/4/4 18:00,520,out,2990.53,ZU
2023/4/4 18:00,477,out,356.249,ZU
2023/4/4 18:00,478,out,461.169,ZU
2023/4/4 18:00,620,in,3157.85,ZU
2023/4/4 18:00,386,out,166.209,ZU
2023/4/4 18:00,102,in,105.857,ZU
2023/4/4 18:00,521,out,1015.23,ZU
2023/4/4 18:00,404,out,330.279,ZU
2023/4/4 18:00,686,out,0,ZU
2023/4/4 18:00,80,out,0,ZU
2023/4/4 18:00,687,out,662.679,ZU
2023/4/4 18:00,127,out,662.679,ZU
2023/4/4 18:00,657,out,25.8779,ZU
2023/4/4 18:00,122,out,0,ZU
2023/4/4 18:00,481,in,94.309,ZU
2023/4/4 18:00,642,out,153.491,ZU
2023/4/4 18:00,654,in,0,ZU
2023/4/4 18:00,542,in,0,ZU
2023/4/4 18:00,551,in,0,ZU
2023/4/4 18:00,560,in,0,ZU
2023/4/4 18:00,567,in,0,ZU
2023/4/4 18:00,574,in,0,ZU
2023/4/4 18:00,701,out,70.533,ZU
2023/4/4 18:00,356,in,27.989,ZU
2023/4/4 18:00,357,in,26.289,ZU
2023/4/4 18:00,368,in,80.059,ZU
2023/4/4 18:00,392,in,30.209,ZU
2023/4/4 18:00,449,in,149.749,ZU
2023/4/4 18:00,506,in,28.869,ZU
2023/4/4 18:00,683,out,15279.3,ZU
2023/4/4 18:00,605,in,0,ZU
2023/4/4 18:00,598,in,26.4754,ZU
2023/4/4 18:00,667,in,0,ZU
2023/4/4 18:00,517,in,46.519,ZU
2023/4/4 18:00,616,out,46.5768,ZU
2023/4/4 18:00,516,in,232.869,ZU
2023/4/4 18:00,651,out,233.022,ZU
2023/4/4 18:00,407,in,141.859,ZU
2023/4/4 18:00,607,out,142.39,ZU
2023/4/4 18:00,644,out,88.4088,ZU
2023/4/4 18:00,618,out,49.7233,ZU
2023/4/4 18:00,615,out,1329.81,ZU
2023/4/4 18:00,612,in,1345.94,ZU
2023/4/4 18:00,650,out,251.073,ZU
2023/4/4 18:00,627,in,68.5001,ZU
2023/4/4 18:00,608,out,77.159,ZU
2023/4/4 18:00,643,out,713.63,ZU
2023/4/4 18:00,639,out,725.606,ZU
2023/4/4 18:00,649,out,271.735,ZU
2023/4/4 18:00,617,out,663.281,ZU
2023/4/4 18:00,614,out,3771.78,ZU
2023/4/4 18:00,611,in,1577,ZU
2023/4/4 18:00,645,out,449.084,ZU
2023/4/4 18:00,600,out,624.633,ZU
2023/4/4 18:00,603,in,601.766,ZU
2023/4/4 18:00,358,out,82.519,ZU
2023/4/4 18:00,665,out,2,ZU
2023/4/4 18:00,628,in,121.945,ZU
2023/4/4 18:00,689,out,2514.84,ZU
2023/4/4 18:00,679,in,2468.43,ZU
2023/4/4 18:00,655,out,29.4352,ZU
2023/4/4 18:00,633,in,29.4352,ZU
2023/4/4 18:00,656,out,163.134,ZU
2023/4/4 18:00,699,in,163.134,ZU
2023/4/4 18:00,672,out,0,ZU
2023/4/4 18:00,661,in,0,ZU
2023/4/4 18:00,669,out,-35.281,ZU
2023/4/4 18:00,697,in,-35.281,ZU
2023/4/4 18:00,646,out,35.6575,ZU
2023/4/4 18:00,648,in,35.6575,ZU
2023/4/4 18:00,662,out,625.765,ZU
2023/4/4 18:00,700,in,625.765,ZU
2023/4/4 18:00,602,out,27.2185,ZU
2023/4/4 18:00,631,in,27.2185,ZU
2023/4/4 18:00,601,out,58.5822,ZU
2023/4/4 18:00,739,in,56.776,ZU
2023/4/4 18:00,671,out,25.9331,ZU
2023/4/4 18:00,737,in,26.6269,ZU
2023/4/4 18:00,619,out,58.1339,ZU
2023/4/4 18:00,613,consume,58.1339,ZU
2023/4/4 18:00,664,out,25.8801,ZU
2023/4/4 18:00,632,in,25.8812,ZU
2023/4/4 18:00,347,out,490.049,ZU
2023/4/4 18:00,359,out,136.879,ZU
2023/4/4 18:00,526,out,286.119,ZU
2023/4/4 18:00,624,in,2352.09,ZU
2023/4/4 18:00,610,in,574.442,ZU
2023/4/4 18:00,718,in,0,ZU
2023/4/4 18:00,653,in,2,ZU
2023/4/4 18:00,659,in,77.4459,ZU
2023/4/4 18:00,647,in,481.793,ZU
2023/4/4 18:00,597,in,493.789,ZU
2023/4/4 18:00,279,in,11523.7,NODE
2023/4/4 18:00,280,in,227.669,NODE
2023/4/4 18:00,281,out,31.139,NODE
2023/4/4 18:00,282,out,149.439,NODE
2023/4/4 18:00,283,out,1737.02,NODE
2023/4/4 18:00,284,out,791.819,NODE
2023/4/4 18:00,285,out,1137.75,NODE
2023/4/4 18:00,286,out,853.569,NODE
2023/4/4 18:00,287,out,31.069,NODE
2023/4/4 18:00,288,out,557.879,NODE
2023/4/4 18:00,289,out,1544.89,NODE
2023/4/4 18:00,290,out,1533.54,NODE
2023/4/4 18:00,291,out,3616.21,NODE
2023/4/4 18:00,292,consume,50.179,NODE
2023/4/4 18:00,306,in,3685.47,NODE
2023/4/4 18:00,307,in,35.129,NODE
2023/4/4 18:00,308,in,52.889,NODE
2023/4/4 18:00,309,in,49.879,NODE
2023/4/4 18:00,310,in,0,NODE
2023/4/4 18:00,312,out,0,NODE
2023/4/4 18:00,313,out,236.529,NODE
2023/4/4 18:00,314,out,121.179,NODE
2023/4/4 18:00,315,out,380.009,NODE
2023/4/4 18:00,316,out,1109.57,NODE
2023/4/4 18:00,317,out,814.519,NODE
2023/4/4 18:00,318,out,1196.88,NODE
2023/4/4 18:00,319,consume,105.139,NODE
2023/4/4 18:00,707,out,42.319,NODE
2023/4/4 18:00,351,in,156.039,NODE
2023/4/4 18:00,352,in,140.179,NODE
2023/4/4 18:00,353,in,207.919,NODE
2023/4/4 18:00,354,in,95.389,NODE
2023/4/4 18:00,355,in,30.629,NODE
2023/4/4 18:00,356,in,27.989,NODE
2023/4/4 18:00,357,in,26.289,NODE
2023/4/4 18:00,358,out,82.519,NODE
2023/4/4 18:00,359,out,136.879,NODE
2023/4/4 18:00,360,out,325.749,NODE
2023/4/4 18:00,361,out,30.539,NODE
2023/4/4 18:00,362,out,53.499,NODE
2023/4/4 18:00,363,out,29.349,NODE
2023/4/4 18:00,364,out,25.899,NODE
2023/4/4 18:00,334,in,172.349,NODE
2023/4/4 18:00,335,in,707.119,NODE
2023/4/4 18:00,336,in,258.699,NODE
2023/4/4 18:00,337,in,695.949,NODE
2023/4/4 18:00,338,in,90.079,NODE
2023/4/4 18:00,339,in,25.939,NODE
2023/4/4 18:00,340,in,0,NODE
2023/4/4 18:00,341,out,27.049,NODE
2023/4/4 18:00,342,out,324.809,NODE
2023/4/4 18:00,343,out,259.039,NODE
2023/4/4 18:00,344,out,230.819,NODE
2023/4/4 18:00,345,out,78.249,NODE
2023/4/4 18:00,346,out,389.859,NODE
2023/4/4 18:00,347,out,490.049,NODE
2023/4/4 18:00,348,out,168.129,NODE
2023/4/4 18:00,349,out,27.359,NODE
2023/4/4 18:00,350,out,0,NODE
2023/4/4 18:00,709,out,58.289,NODE
2023/4/4 18:00,293,in,14337.4,NODE
2023/4/4 18:00,294,out,33.079,NODE
2023/4/4 18:00,295,out,103.559,NODE
2023/4/4 18:00,296,out,2070.24,NODE
2023/4/4 18:00,297,out,859.839,NODE
2023/4/4 18:00,298,out,1730.76,NODE
2023/4/4 18:00,299,out,1171.58,NODE
2023/4/4 18:00,300,out,42.199,NODE
2023/4/4 18:00,301,out,606.549,NODE
2023/4/4 18:00,302,out,2890.5,NODE
2023/4/4 18:00,303,out,1208.18,NODE
2023/4/4 18:00,304,out,3879.76,NODE
2023/4/4 18:00,305,consume,25.919,NODE
2023/4/4 18:00,320,in,3643.14,NODE
2023/4/4 18:00,321,in,39.069,NODE
2023/4/4 18:00,322,in,0,NODE
2023/4/4 18:00,323,in,45.199,NODE
2023/4/4 18:00,324,in,0,NODE
2023/4/4 18:00,326,out,0,NODE
2023/4/4 18:00,327,out,230.539,NODE
2023/4/4 18:00,328,out,178.159,NODE
2023/4/4 18:00,329,out,436.799,NODE
2023/4/4 18:00,330,out,1035.42,NODE
2023/4/4 18:00,331,out,718.499,NODE
2023/4/4 18:00,332,out,1175.19,NODE
2023/4/4 18:00,333,consume,102.619,NODE
2023/4/4 18:00,708,out,56.319,NODE
2023/4/4 18:00,365,in,1253.5,NODE
2023/4/4 18:00,366,in,2616.8,NODE
2023/4/4 18:00,367,in,315.559,NODE
2023/4/4 18:00,368,in,80.059,NODE
2023/4/4 18:00,369,consume,29.829,NODE
2023/4/4 18:00,370,out,37.809,NODE
2023/4/4 18:00,371,out,38.989,NODE
2023/4/4 18:00,372,out,79.319,NODE
2023/4/4 18:00,373,out,4039.98,NODE
2023/4/4 18:00,374,out,0,NODE
2023/4/4 18:00,375,out,27.399,NODE
2023/4/4 18:00,376,out,0,NODE
2023/4/4 18:00,722,out,75.949,NODE
2023/4/4 18:00,377,in,2920.32,NODE
2023/4/4 18:00,378,in,969.299,NODE
2023/4/4 18:00,379,in,28.239,NODE
2023/4/4 18:00,380,in,0,NODE
2023/4/4 18:00,381,out,163.399,NODE
2023/4/4 18:00,382,out,943.529,NODE
2023/4/4 18:00,383,out,1871.37,NODE
2023/4/4 18:00,384,out,195.549,NODE
2023/4/4 18:00,385,out,518.969,NODE
2023/4/4 18:00,386,out,166.209,NODE
2023/4/4 18:00,387,consume,142.999,NODE
2023/4/4 18:00,388,out,142.999,NODE
2023/4/4 18:00,392,in,30.209,NODE
2023/4/4 18:00,393,consume,48.499,NODE
2023/4/4 18:00,394,in,1979.48,NODE
2023/4/4 18:00,395,out,28.239,NODE
2023/4/4 18:00,396,out,38.339,NODE
2023/4/4 18:00,397,out,1974.6,NODE
2023/4/4 18:00,398,out,0,NODE
2023/4/4 18:00,400,in,1230,NODE
2023/4/4 18:00,401,out,28.689,NODE
2023/4/4 18:00,402,out,694.049,NODE
2023/4/4 18:00,403,out,250.749,NODE
2023/4/4 18:00,404,out,330.279,NODE
2023/4/4 18:00,405,in,697.389,NODE
2023/4/4 18:00,406,in,25.919,NODE
2023/4/4 18:00,407,in,141.859,NODE
2023/4/4 18:00,408,in,134.889,NODE
2023/4/4 18:00,409,out,31.309,NODE
2023/4/4 18:00,410,out,784.259,NODE
2023/4/4 18:00,411,out,156.099,NODE
2023/4/4 18:00,412,out,0,NODE
2023/4/4 18:00,413,out,0,NODE
2023/4/4 18:00,449,in,149.749,NODE
2023/4/4 18:00,450,consume,100.809,NODE
2023/4/4 18:00,451,in,1416.49,NODE
2023/4/4 18:00,452,in,2762.98,NODE
2023/4/4 18:00,453,out,278.599,NODE
2023/4/4 18:00,454,out,0,NODE
2023/4/4 18:00,455,out,1772.8,NODE
2023/4/4 18:00,456,out,0,NODE
2023/4/4 18:00,457,out,1742.19,NODE
2023/4/4 18:00,458,out,50.419,NODE
2023/4/4 18:00,459,out,0,NODE
2023/4/4 18:00,460,out,308.459,NODE
2023/4/4 18:00,461,out,55.419,NODE
2023/4/4 18:00,462,out,74.319,NODE
2023/4/4 18:00,463,out,0,NODE
2023/4/4 18:00,464,out,118.419,NODE
2023/4/4 18:00,465,out,0,NODE
2023/4/4 18:00,723,out,80.879,NODE
2023/4/4 18:00,414,in,3248.88,NODE
2023/4/4 18:00,415,in,0,NODE
2023/4/4 18:00,416,in,386.569,NODE
2023/4/4 18:00,417,in,95.539,NODE
2023/4/4 18:00,418,consume,49.099,NODE
2023/4/4 18:00,419,in,2877.64,NODE
2023/4/4 18:00,420,out,301.799,NODE
2023/4/4 18:00,421,out,2604.17,NODE
2023/4/4 18:00,422,out,3024.21,NODE
2023/4/4 18:00,423,out,562.859,NODE
2023/4/4 18:00,424,out,47.689,NODE
2023/4/4 18:00,425,out,28.069,NODE
2023/4/4 18:00,426,out,0,NODE
2023/4/4 18:00,427,out,63.189,NODE
2023/4/4 18:00,724,out,78.549,NODE
2023/4/4 18:00,428,in,107.799,NODE
2023/4/4 18:00,429,consume,72.739,NODE
2023/4/4 18:00,430,in,1292.63,NODE
2023/4/4 18:00,431,in,2764.1,NODE
2023/4/4 18:00,432,out,57.629,NODE
2023/4/4 18:00,433,out,55.489,NODE
2023/4/4 18:00,434,out,1115.94,NODE
2023/4/4 18:00,435,out,551.849,NODE
2023/4/4 18:00,436,out,1042.17,NODE
2023/4/4 18:00,437,out,701.609,NODE
2023/4/4 18:00,438,out,715.239,NODE
2023/4/4 18:00,439,out,0,NODE
2023/4/4 18:00,440,out,37.369,NODE
2023/4/4 18:00,725,out,41.619,NODE
2023/4/4 18:00,441,consume,34.329,NODE
2023/4/4 18:00,442,in,31.699,NODE
2023/4/4 18:00,443,in,363.449,NODE
2023/4/4 18:00,444,in,1310.42,NODE
2023/4/4 18:00,445,out,0,NODE
2023/4/4 18:00,446,out,39.759,NODE
2023/4/4 18:00,447,out,1639.45,NODE
2023/4/4 18:00,466,in,36.239,NODE
2023/4/4 18:00,467,consume,0,NODE
2023/4/4 18:00,468,in,600.519,NODE
2023/4/4 18:00,469,in,255.209,NODE
2023/4/4 18:00,470,out,42.219,NODE
2023/4/4 18:00,471,out,823.689,NODE
2023/4/4 18:00,472,out,0,NODE
2023/4/4 18:00,473,out,0,NODE
2023/4/4 18:00,474,in,515.789,NODE
2023/4/4 18:00,475,in,301.799,NODE
2023/4/4 18:00,476,in,0,NODE
2023/4/4 18:00,477,out,356.249,NODE
2023/4/4 18:00,478,out,461.169,NODE
2023/4/4 18:00,505,in,4218.28,NODE
2023/4/4 18:00,506,in,28.869,NODE
2023/4/4 18:00,507,in,0,NODE
2023/4/4 18:00,508,consume,87.659,NODE
2023/4/4 18:00,509,out,635.679,NODE
2023/4/4 18:00,510,out,3446.74,NODE
2023/4/4 18:00,511,out,52.059,NODE
2023/4/4 18:00,512,out,164.429,NODE
2023/4/4 18:00,513,out,0,NODE
2023/4/4 18:00,489,in,3602.29,NODE
2023/4/4 18:00,490,in,36.379,NODE
2023/4/4 18:00,491,consume,210.179,NODE
2023/4/4 18:00,492,out,182.629,NODE
2023/4/4 18:00,493,out,132.399,NODE
2023/4/4 18:00,494,out,3033.35,NODE
2023/4/4 18:00,495,out,25.899,NODE
2023/4/4 18:00,496,out,342.029,NODE
2023/4/4 18:00,497,in,3693.24,NODE
2023/4/4 18:00,498,in,36.009,NODE
2023/4/4 18:00,499,consume,197.679,NODE
2023/4/4 18:00,500,out,131.579,NODE
2023/4/4 18:00,501,out,325.659,NODE
2023/4/4 18:00,502,out,176.089,NODE
2023/4/4 18:00,503,out,3147.68,NODE
2023/4/4 18:00,504,out,0,NODE
2023/4/4 18:00,479,in,111.069,NODE
2023/4/4 18:00,480,in,497.119,NODE
2023/4/4 18:00,481,in,94.309,NODE
2023/4/4 18:00,482,in,262.239,NODE
2023/4/4 18:00,483,in,616.989,NODE
2023/4/4 18:00,484,out,370.109,NODE
2023/4/4 18:00,485,out,0,NODE
2023/4/4 18:00,486,out,653.719,NODE
2023/4/4 18:00,487,out,506.139,NODE
2023/4/4 18:00,488,out,0,NODE
2023/4/4 18:00,710,out,34.369,NODE
2023/4/4 18:00,514,in,6013.54,NODE
2023/4/4 18:00,515,in,0,NODE
2023/4/4 18:00,516,in,232.869,NODE
2023/4/4 18:00,517,in,46.519,NODE
2023/4/4 18:00,518,in,97.109,NODE
2023/4/4 18:00,519,consume,466.209,NODE
2023/4/4 18:00,520,out,2990.53,NODE
2023/4/4 18:00,521,out,1015.23,NODE
2023/4/4 18:00,522,out,489.139,NODE
2023/4/4 18:00,523,out,892.659,NODE
2023/4/4 18:00,524,out,264.879,NODE
2023/4/4 18:00,525,out,398.119,NODE
2023/4/4 18:00,526,out,286.119,NODE
2023/4/4 18:00,527,in,1688.56,NODE
2023/4/4 18:00,528,in,806.439,NODE
2023/4/4 18:00,529,in,0,NODE
2023/4/4 18:00,530,in,0,NODE
2023/4/4 18:00,531,out,1819.83,NODE
2023/4/4 18:00,532,out,806.169,NODE
2023/4/4 18:00,533,out,0,NODE
2023/4/4 18:00,534,out,0,NODE
2023/4/4 18:00,539,in,0,NODE
2023/4/4 18:00,541,consume,35.939,NODE
2023/4/4 18:00,542,in,0,NODE
2023/4/4 18:00,543,out,164.659,NODE
2023/4/4 18:00,544,out,0,NODE
2023/4/4 18:00,715,in,164.899,NODE
2023/4/4 18:00,726,consume,165.719,NODE
2023/4/4 18:00,549,in,26.069,NODE
2023/4/4 18:00,550,consume,36.079,NODE
2023/4/4 18:00,551,in,0,NODE
2023/4/4 18:00,552,out,194.689,NODE
2023/4/4 18:00,720,in,195.299,NODE
2023/4/4 18:00,728,consume,192.479,NODE
2023/4/4 18:00,556,in,0,NODE
2023/4/4 18:00,558,out,199.609,NODE
2023/4/4 18:00,559,consume,35.219,NODE
2023/4/4 18:00,560,in,0,NODE
2023/4/4 18:00,561,out,78.769,NODE
2023/4/4 18:00,719,in,253.539,NODE
2023/4/4 18:00,729,consume,207.229,NODE
2023/4/4 18:00,565,in,0,NODE
2023/4/4 18:00,566,consume,0,NODE
2023/4/4 18:00,567,in,0,NODE
2023/4/4 18:00,568,out,0,NODE
2023/4/4 18:00,721,in,0,NODE
2023/4/4 18:00,730,consume,0,NODE
2023/4/4 18:00,572,in,0,NODE
2023/4/4 18:00,573,consume,29.079,NODE
2023/4/4 18:00,574,in,0,NODE
2023/4/4 18:00,575,out,81.329,NODE
2023/4/4 18:00,714,in,82.019,NODE
2023/4/4 18:00,731,consume,79.619,NODE
2023/4/4 18:00,576,in,1742.65,NODE
2023/4/4 18:00,578,in,2305.85,NODE
2023/4/4 18:00,579,out,34.109,NODE
2023/4/4 18:00,580,out,0,NODE
2023/4/4 18:00,581,out,1683.55,NODE
2023/4/4 18:00,716,out,36.779,NODE
2023/4/4 18:00,582,in,3975.46,NODE
2023/4/4 18:00,584,out,85.939,NODE
2023/4/4 18:00,585,out,1788.63,NODE
2023/4/4 18:00,586,in,8903.23,NODE
2023/4/4 18:00,587,out,421.159,NODE
2023/4/4 18:00,588,out,7745.7,NODE
2023/4/4 18:00,589,in,5222.84,NODE
2023/4/4 18:00,590,in,8652.46,NODE
2023/4/4 18:00,591,out,146.949,NODE
2023/4/4 18:00,592,out,5446.87,NODE
2023/4/4 18:00,593,out,9273.43,NODE
2023/4/4 18:00,717,out,89.899,NODE
2023/4/4 18:00,594,in,556.129,NODE
2023/4/4 18:00,595,out,556.129,NODE
2023/4/4 18:00,642,out,89.6851,NODE
2023/4/4 18:00,638,out,767.91,NODE
2023/4/4 18:00,644,out,88.4088,NODE
2023/4/4 18:00,643,out,369.754,NODE
2023/4/4 18:00,639,out,375.742,NODE
2023/4/4 18:00,645,out,449.084,NODE
2023/4/4 18:00,641,out,697.211,NODE
2023/4/4 18:00,640,out,1265.82,NODE
2023/4/4 18:00,646,out,35.6575,NODE
2023/4/4 18:00,628,in,73.9122,NODE
2023/4/4 18:00,633,in,29.4352,NODE
2023/4/4 18:00,622,in,327.077,NODE
2023/4/4 18:00,631,in,27.2185,NODE
2023/4/4 18:00,626,consume,-152.417,NODE
2023/4/4 18:00,627,in,68.5001,NODE
2023/4/4 18:00,739,in,56.776,NODE
2023/4/4 18:00,737,in,26.6269,NODE
2023/4/4 18:00,632,in,25.8801,NODE
2023/4/4 18:00,624,in,801.281,NODE
2023/4/4 18:00,620,in,1591.86,NODE
2023/4/4 18:00,629,in,25.9007,NODE
2023/4/4 18:00,718,in,0,NODE
2023/4/4 18:00,623,in,1104.15,NODE
2023/4/4 18:00,599,out,170.2,NODE
2023/4/4 18:00,600,out,325.256,NODE
2023/4/4 18:00,602,out,27.2185,NODE
2023/4/4 18:00,601,out,58.5822,NODE
2023/4/4 18:00,598,in,26.4754,NODE
2023/4/4 18:00,597,in,493.789,NODE
2023/4/4 18:00,607,out,142.39,NODE
2023/4/4 18:00,606,out,214.253,NODE
2023/4/4 18:00,608,out,77.159,NODE
2023/4/4 18:00,605,in,0,NODE
2023/4/4 18:00,604,in,94.8223,NODE
2023/4/4 18:00,603,in,313.822,NODE
2023/4/4 18:00,616,out,46.5768,NODE
2023/4/4 18:00,615,out,1329.81,NODE
2023/4/4 18:00,618,out,49.7233,NODE
2023/4/4 18:00,617,out,663.281,NODE
2023/4/4 18:00,614,out,962.356,NODE
2023/4/4 18:00,619,out,58.1339,NODE
2023/4/4 18:00,613,consume,58.1339,NODE
2023/4/4 18:00,610,in,574.442,NODE
2023/4/4 18:00,609,in,224.281,NODE
2023/4/4 18:00,612,in,1345.94,NODE
2023/4/4 18:00,611,in,801.442,NODE
2023/4/4 18:00,651,out,233.022,NODE
2023/4/4 18:00,650,out,138.476,NODE
2023/4/4 18:00,649,out,148.807,NODE
2023/4/4 18:00,648,in,35.6575,NODE
2023/4/4 18:00,647,in,481.793,NODE
2023/4/4 18:00,657,out,25.8779,NODE
2023/4/4 18:00,655,out,29.4352,NODE
2023/4/4 18:00,656,out,490.207,NODE
2023/4/4 18:00,652,in,495.809,NODE
2023/4/4 18:00,654,in,0,NODE
2023/4/4 18:00,653,in,2,NODE
2023/4/4 18:00,665,out,2,NODE
2023/4/4 18:00,662,out,1202.84,NODE
2023/4/4 18:00,664,out,25.8801,NODE
2023/4/4 18:00,661,in,0,NODE
2023/4/4 18:00,658,in,1134.67,NODE
2023/4/4 18:00,659,in,77.4459,NODE
2023/4/4 18:00,672,out,0,NODE
2023/4/4 18:00,669,out,599.599,NODE
2023/4/4 18:00,670,out,0,NODE
2023/4/4 18:00,671,out,25.9331,NODE
2023/4/4 18:00,667,in,0,NODE
2023/4/4 18:00,668,in,618.34,NODE
2023/4/4 18:00,686,out,0,NODE
2023/4/4 18:00,687,out,662.679,NODE
2023/4/4 18:00,684,out,156.845,NODE
2023/4/4 18:00,685,out,303.212,NODE
2023/4/4 18:00,683,out,1720.71,NODE
2023/4/4 18:00,681,out,1914.4,NODE
2023/4/4 18:00,682,out,287.975,NODE
2023/4/4 18:00,679,in,2468.43,NODE
2023/4/4 18:00,711,in,1873.88,NODE
2023/4/4 18:00,712,in,530.879,NODE
2023/4/4 18:00,701,out,34.8098,NODE
2023/4/4 18:00,690,out,134.421,NODE
2023/4/4 18:00,691,out,83.5001,NODE
2023/4/4 18:00,692,out,62.0266,NODE
2023/4/4 18:00,689,out,2514.84,NODE
2023/4/4 18:00,699,in,163.134,NODE
2023/4/4 18:00,700,in,625.765,NODE
2023/4/4 18:00,697,in,-35.281,NODE
2023/4/4 18:00,102,in,105.857,NODE
2023/4/4 18:00,129,in,659.879,NODE
2023/4/4 18:00,80,out,0,NODE
2023/4/4 18:00,81,out,32.6973,NODE
2023/4/4 18:00,81,out,47.9634,NODE
2023/4/4 18:00,81,out,41.8342,NODE
2023/4/4 18:00,86,out,0,NODE
2023/4/4 18:00,88,out,57.9687,NODE
2023/4/4 18:00,93,out,450.45,NODE
2023/4/4 18:00,106,out,3975.54,NODE
2023/4/4 18:00,107,out,14223.9,NODE
2023/4/4 18:00,109,out,4183.16,NODE
2023/4/4 18:00,117,out,121.344,NODE
2023/4/4 18:00,118,out,195.6,NODE
2023/4/4 18:00,119,out,205.32,NODE
2023/4/4 18:00,120,out,421.964,NODE
2023/4/4 18:00,121,out,34.4916,NODE
2023/4/4 18:00,122,out,0,NODE
2023/4/4 18:00,127,out,662.679,NODE
2023/4/4 18:00,134,out,0,NODE
2023/4/5 6:00,334,in,181.399,ZU
2023/4/5 6:00,370,out,37.859,ZU
2023/4/5 6:00,425,out,28.239,ZU
2023/4/5 6:00,433,out,57.479,ZU
2023/4/5 6:00,445,out,0,ZU
2023/4/5 6:00,461,out,56.469,ZU
2023/4/5 6:00,470,out,43.259,ZU
2023/4/5 6:00,511,out,52.189,ZU
2023/4/5 6:00,335,in,722.609,ZU
2023/4/5 6:00,423,out,567.629,ZU
2023/4/5 6:00,460,out,320.019,ZU
2023/4/5 6:00,280,in,220.429,ZU
2023/4/5 6:00,349,out,27.599,ZU
2023/4/5 6:00,363,out,29.359,ZU
2023/4/5 6:00,372,out,76.869,ZU
2023/4/5 6:00,472,out,0,ZU
2023/4/5 6:00,512,out,148.979,ZU
2023/4/5 6:00,712,in,617.879,ZU
2023/4/5 6:00,129,in,1032.88,ZU
2023/4/5 6:00,292,consume,49.979,ZU
2023/4/5 6:00,305,consume,25.929,ZU
2023/4/5 6:00,319,consume,105.379,ZU
2023/4/5 6:00,333,consume,102.449,ZU
2023/4/5 6:00,342,out,348.239,ZU
2023/4/5 6:00,360,out,329.979,ZU
2023/4/5 6:00,369,consume,29.809,ZU
2023/4/5 6:00,393,consume,47.659,ZU
2023/4/5 6:00,396,out,38.109,ZU
2023/4/5 6:00,409,out,31.189,ZU
2023/4/5 6:00,418,consume,48.279,ZU
2023/4/5 6:00,429,consume,73.599,ZU
2023/4/5 6:00,441,consume,34.769,ZU
2023/4/5 6:00,450,consume,100.689,ZU
2023/4/5 6:00,491,consume,209.499,ZU
2023/4/5 6:00,499,consume,198.729,ZU
2023/4/5 6:00,508,consume,86.939,ZU
2023/4/5 6:00,519,consume,459.979,ZU
2023/4/5 6:00,541,consume,35.749,ZU
2023/4/5 6:00,550,consume,36.039,ZU
2023/4/5 6:00,559,consume,36.489,ZU
2023/4/5 6:00,573,consume,29.289,ZU
2023/4/5 6:00,681,out,1971.17,ZU
2023/4/5 6:00,682,out,272.526,ZU
2023/4/5 6:00,638,out,759.019,ZU
2023/4/5 6:00,453,out,318.649,ZU
2023/4/5 6:00,474,in,546.509,ZU
2023/4/5 6:00,493,out,132.269,ZU
2023/4/5 6:00,500,out,131.459,ZU
2023/4/5 6:00,509,out,599.409,ZU
2023/4/5 6:00,361,out,30.399,ZU
2023/4/5 6:00,544,out,0,ZU
2023/4/5 6:00,561,out,79.029,ZU
2023/4/5 6:00,579,out,34.549,ZU
2023/4/5 6:00,584,out,227.909,ZU
2023/4/5 6:00,587,out,429.059,ZU
2023/4/5 6:00,591,out,151.029,ZU
2023/4/5 6:00,707,out,43.879,ZU
2023/4/5 6:00,708,out,59.059,ZU
2023/4/5 6:00,709,out,60.839,ZU
2023/4/5 6:00,710,out,34.359,ZU
2023/4/5 6:00,714,in,83.089,ZU
2023/4/5 6:00,715,in,172.859,ZU
2023/4/5 6:00,716,out,38.329,ZU
2023/4/5 6:00,717,out,93.139,ZU
2023/4/5 6:00,719,in,258.239,ZU
2023/4/5 6:00,720,in,195.089,ZU
2023/4/5 6:00,721,in,0,ZU
2023/4/5 6:00,722,out,148.609,ZU
2023/4/5 6:00,723,out,65.879,ZU
2023/4/5 6:00,724,out,80.339,ZU
2023/4/5 6:00,725,out,42.839,ZU
2023/4/5 6:00,684,out,647.813,ZU
2023/4/5 6:00,685,out,1417.85,ZU
2023/4/5 6:00,286,out,797.119,ZU
2023/4/5 6:00,384,out,197.419,ZU
2023/4/5 6:00,416,in,451.809,ZU
2023/4/5 6:00,282,out,149.359,ZU
2023/4/5 6:00,295,out,96.869,ZU
2023/4/5 6:00,336,in,256.329,ZU
2023/4/5 6:00,316,out,1129.12,ZU
2023/4/5 6:00,330,out,1035.08,ZU
2023/4/5 6:00,385,out,515.899,ZU
2023/4/5 6:00,414,in,3273.04,ZU
2023/4/5 6:00,338,in,80.689,ZU
2023/4/5 6:00,355,in,31.349,ZU
2023/4/5 6:00,421,out,2654.49,ZU
2023/4/5 6:00,455,out,1899.82,ZU
2023/4/5 6:00,489,in,3697.51,ZU
2023/4/5 6:00,497,in,3796.82,ZU
2023/4/5 6:00,510,out,3502.73,ZU
2023/4/5 6:00,339,in,25.939,ZU
2023/4/5 6:00,406,in,25.919,ZU
2023/4/5 6:00,417,in,96.449,ZU
2023/4/5 6:00,428,in,110.139,ZU
2023/4/5 6:00,442,in,31.869,ZU
2023/4/5 6:00,466,in,36.219,ZU
2023/4/5 6:00,484,out,348.089,ZU
2023/4/5 6:00,490,in,36.369,ZU
2023/4/5 6:00,498,in,36.009,ZU
2023/4/5 6:00,518,in,98.129,ZU
2023/4/5 6:00,539,in,0,ZU
2023/4/5 6:00,549,in,26.059,ZU
2023/4/5 6:00,556,in,25.889,ZU
2023/4/5 6:00,572,in,0,ZU
2023/4/5 6:00,420,out,293.829,ZU
2023/4/5 6:00,475,in,293.829,ZU
2023/4/5 6:00,371,out,38.939,ZU
2023/4/5 6:00,424,out,57.689,ZU
2023/4/5 6:00,432,out,58.259,ZU
2023/4/5 6:00,462,out,75.719,ZU
2023/4/5 6:00,479,in,112.589,ZU
2023/4/5 6:00,337,in,707.669,ZU
2023/4/5 6:00,486,out,686.719,ZU
2023/4/5 6:00,281,out,30.819,ZU
2023/4/5 6:00,294,out,33.049,ZU
2023/4/5 6:00,307,in,35.109,ZU
2023/4/5 6:00,321,in,38.799,ZU
2023/4/5 6:00,483,in,625.739,ZU
2023/4/5 6:00,496,out,346.339,ZU
2023/4/5 6:00,501,out,330.889,ZU
2023/4/5 6:00,351,in,159.269,ZU
2023/4/5 6:00,381,out,166.589,ZU
2023/4/5 6:00,314,out,126.259,ZU
2023/4/5 6:00,328,out,176.769,ZU
2023/4/5 6:00,382,out,936.069,ZU
2023/4/5 6:00,400,in,1244.16,ZU
2023/4/5 6:00,383,out,1876.83,ZU
2023/4/5 6:00,394,in,1992.23,ZU
2023/4/5 6:00,387,consume,149.219,ZU
2023/4/5 6:00,388,out,149.219,ZU
2023/4/5 6:00,327,out,231.589,ZU
2023/4/5 6:00,353,in,209.139,ZU
2023/4/5 6:00,283,out,1715.6,ZU
2023/4/5 6:00,296,out,2119.86,ZU
2023/4/5 6:00,309,in,49.869,ZU
2023/4/5 6:00,315,out,402.359,ZU
2023/4/5 6:00,323,in,48.369,ZU
2023/4/5 6:00,329,out,449.459,ZU
2023/4/5 6:00,468,in,595.579,ZU
2023/4/5 6:00,471,out,818.879,ZU
2023/4/5 6:00,505,in,4222.06,ZU
2023/4/5 6:00,285,out,1203.36,ZU
2023/4/5 6:00,288,out,518.669,ZU
2023/4/5 6:00,298,out,1755.48,ZU
2023/4/5 6:00,299,out,1155.24,ZU
2023/4/5 6:00,301,out,606.969,ZU
2023/4/5 6:00,374,out,0,ZU
2023/4/5 6:00,431,in,2761.96,ZU
2023/4/5 6:00,291,out,3644.39,ZU
2023/4/5 6:00,304,out,3832.4,ZU
2023/4/5 6:00,306,in,3738.95,ZU
2023/4/5 6:00,320,in,3701.45,ZU
2023/4/5 6:00,290,out,1517.14,ZU
2023/4/5 6:00,303,out,1200.4,ZU
2023/4/5 6:00,317,out,625.969,ZU
2023/4/5 6:00,331,out,645.039,ZU
2023/4/5 6:00,365,in,1255.9,ZU
2023/4/5 6:00,366,in,2586.05,ZU
2023/4/5 6:00,367,in,326.819,ZU
2023/4/5 6:00,313,out,243.099,ZU
2023/4/5 6:00,352,in,139.589,ZU
2023/4/5 6:00,419,in,3013.51,ZU
2023/4/5 6:00,434,out,1074.41,ZU
2023/4/5 6:00,435,out,644.359,ZU
2023/4/5 6:00,436,out,1030.26,ZU
2023/4/5 6:00,346,out,403.019,ZU
2023/4/5 6:00,408,in,110.219,ZU
2023/4/5 6:00,93,out,588.601,ZU
2023/4/5 6:00,373,out,3954.69,ZU
2023/4/5 6:00,377,in,2913.09,ZU
2023/4/5 6:00,458,out,26.739,ZU
2023/4/5 6:00,380,in,25.889,ZU
2023/4/5 6:00,401,out,32.519,ZU
2023/4/5 6:00,528,in,836.829,ZU
2023/4/5 6:00,532,out,839.719,ZU
2023/4/5 6:00,482,in,262.769,ZU
2023/4/5 6:00,525,out,387.399,ZU
2023/4/5 6:00,287,out,30.739,ZU
2023/4/5 6:00,300,out,42.269,ZU
2023/4/5 6:00,308,in,52.419,ZU
2023/4/5 6:00,322,in,0,ZU
2023/4/5 6:00,379,in,28.299,ZU
2023/4/5 6:00,395,out,28.299,ZU
2023/4/5 6:00,289,out,1581.43,ZU
2023/4/5 6:00,302,out,2911.04,ZU
2023/4/5 6:00,451,in,1444.25,ZU
2023/4/5 6:00,452,in,2764.18,ZU
2023/4/5 6:00,524,out,268.999,ZU
2023/4/5 6:00,629,in,25.9011,ZU
2023/4/5 6:00,430,in,1441.73,ZU
2023/4/5 6:00,494,out,3128.54,ZU
2023/4/5 6:00,503,out,2897.76,ZU
2023/4/5 6:00,514,in,6195.03,ZU
2023/4/5 6:00,343,out,256.559,ZU
2023/4/5 6:00,344,out,233.539,ZU
2023/4/5 6:00,348,out,169.539,ZU
2023/4/5 6:00,354,in,95.369,ZU
2023/4/5 6:00,362,out,55.599,ZU
2023/4/5 6:00,411,out,159.089,ZU
2023/4/5 6:00,492,out,178.489,ZU
2023/4/5 6:00,502,out,224.659,ZU
2023/4/5 6:00,623,in,2181.86,ZU
2023/4/5 6:00,402,out,741.539,ZU
2023/4/5 6:00,405,in,719.759,ZU
2023/4/5 6:00,91,out,37.4685,ZU
2023/4/5 6:00,527,in,1771.42,ZU
2023/4/5 6:00,531,out,1841.17,ZU
2023/4/5 6:00,690,out,134.605,ZU
2023/4/5 6:00,691,out,84.8818,ZU
2023/4/5 6:00,692,out,63.0996,ZU
2023/4/5 6:00,81,out,31.1007,ZU
2023/4/5 6:00,81,out,50.844,ZU
2023/4/5 6:00,81,out,35.7053,ZU
2023/4/5 6:00,279,in,11505.2,ZU
2023/4/5 6:00,595,out,556.009,ZU
2023/4/5 6:00,134,out,0,ZU
2023/4/5 6:00,397,out,1971.88,ZU
2023/4/5 6:00,606,out,214.098,ZU
2023/4/5 6:00,293,in,14304.1,ZU
2023/4/5 6:00,284,out,769.879,ZU
2023/4/5 6:00,297,out,809.329,ZU
2023/4/5 6:00,443,in,349.009,ZU
2023/4/5 6:00,444,in,1385.98,ZU
2023/4/5 6:00,641,out,1371.15,ZU
2023/4/5 6:00,668,in,2434.7,ZU
2023/4/5 6:00,118,out,195.289,ZU
2023/4/5 6:00,117,out,123.663,ZU
2023/4/5 6:00,543,out,171.539,ZU
2023/4/5 6:00,552,out,193.339,ZU
2023/4/5 6:00,558,out,203.939,ZU
2023/4/5 6:00,575,out,82.709,ZU
2023/4/5 6:00,594,in,556.009,ZU
2023/4/5 6:00,378,in,978.669,ZU
2023/4/5 6:00,422,out,3188.69,ZU
2023/4/5 6:00,437,out,705.429,ZU
2023/4/5 6:00,438,out,821.789,ZU
2023/4/5 6:00,447,out,1700.38,ZU
2023/4/5 6:00,456,out,0,ZU
2023/4/5 6:00,457,out,1646.45,ZU
2023/4/5 6:00,107,out,14010.6,ZU
2023/4/5 6:00,83,out,2236.16,ZU
2023/4/5 6:00,328,out,176.769,ZU
2023/4/5 6:00,604,in,93.7295,ZU
2023/4/5 6:00,121,out,34.368,ZU
2023/4/5 6:00,88,out,262.68,ZU
2023/4/5 6:00,109,out,5100.75,ZU
2023/4/5 6:00,469,in,256.859,ZU
2023/4/5 6:00,507,in,26.259,ZU
2023/4/5 6:00,120,out,566.131,ZU
2023/4/5 6:00,599,out,332.804,ZU
2023/4/5 6:00,119,out,208.353,ZU
2023/4/5 6:00,95,out,67.999,ZU
2023/4/5 6:00,640,out,2500.12,ZU
2023/4/5 6:00,652,in,2373.05,ZU
2023/4/5 6:00,658,in,5597.27,ZU
2023/4/5 6:00,609,in,830.343,ZU
2023/4/5 6:00,521,out,1030.12,ZU
2023/4/5 6:00,520,out,3040.44,ZU
2023/4/5 6:00,89,out,52.0125,ZU
2023/4/5 6:00,106,out,3607.85,ZU
2023/4/5 6:00,82,out,193.704,ZU
2023/4/5 6:00,86,out,220.582,ZU
2023/4/5 6:00,650,out,253.853,ZU
2023/4/5 6:00,627,in,67.248,ZU
2023/4/5 6:00,85,out,62.0195,ZU
2023/4/5 6:00,318,out,1383.3,ZU
2023/4/5 6:00,332,out,1295.14,ZU
2023/4/5 6:00,711,in,4901.88,ZU
2023/4/5 6:00,533,out,0,ZU
2023/4/5 6:00,477,out,511.889,ZU
2023/4/5 6:00,478,out,328.049,ZU
2023/4/5 6:00,620,in,3152.15,ZU
2023/4/5 6:00,386,out,162.409,ZU
2023/4/5 6:00,404,out,351.409,ZU
2023/4/5 6:00,410,out,765.889,ZU
2023/4/5 6:00,403,out,190.689,ZU
2023/4/5 6:00,670,out,0,ZU
2023/4/5 6:00,622,in,929.589,ZU
2023/4/5 6:00,523,out,937.209,ZU
2023/4/5 6:00,102,in,239.357,ZU
2023/4/5 6:00,686,out,0,ZU
2023/4/5 6:00,80,out,0,ZU
2023/4/5 6:00,687,out,540.679,ZU
2023/4/5 6:00,127,out,540.679,ZU
2023/4/5 6:00,657,out,0,ZU
2023/4/5 6:00,122,out,0,ZU
2023/4/5 6:00,481,in,94.469,ZU
2023/4/5 6:00,642,out,154.169,ZU
2023/4/5 6:00,654,in,0,ZU
2023/4/5 6:00,542,in,0,ZU
2023/4/5 6:00,551,in,26.449,ZU
2023/4/5 6:00,560,in,37.809,ZU
2023/4/5 6:00,567,in,0,ZU
2023/4/5 6:00,574,in,0,ZU
2023/4/5 6:00,701,out,69.6445,ZU
2023/4/5 6:00,356,in,28.039,ZU
2023/4/5 6:00,357,in,26.329,ZU
2023/4/5 6:00,368,in,79.529,ZU
2023/4/5 6:00,392,in,29.829,ZU
2023/4/5 6:00,449,in,151.269,ZU
2023/4/5 6:00,506,in,29.109,ZU
2023/4/5 6:00,683,out,15636.9,ZU
2023/4/5 6:00,605,in,0,ZU
2023/4/5 6:00,598,in,26.4726,ZU
2023/4/5 6:00,667,in,0,ZU
2023/4/5 6:00,517,in,46.779,ZU
2023/4/5 6:00,616,out,46.8465,ZU
2023/4/5 6:00,516,in,234.349,ZU
2023/4/5 6:00,651,out,234.587,ZU
2023/4/5 6:00,407,in,130.319,ZU
2023/4/5 6:00,607,out,144.202,ZU
2023/4/5 6:00,644,out,63.7801,ZU
2023/4/5 6:00,618,out,43.1398,ZU
2023/4/5 6:00,615,out,1329.9,ZU
2023/4/5 6:00,612,in,1346.03,ZU
2023/4/5 6:00,608,out,128.601,ZU
2023/4/5 6:00,653,in,6,ZU
2023/4/5 6:00,659,in,128.051,ZU
2023/4/5 6:00,617,out,1392.31,ZU
2023/4/5 6:00,614,out,2865,ZU
2023/4/5 6:00,611,in,1615.84,ZU
2023/4/5 6:00,645,out,442.793,ZU
2023/4/5 6:00,639,out,385.847,ZU
2023/4/5 6:00,600,out,868.395,ZU
2023/4/5 6:00,603,in,889.713,ZU
2023/4/5 6:00,649,out,160.417,ZU
2023/4/5 6:00,643,out,372.829,ZU
2023/4/5 6:00,358,out,80.249,ZU
2023/4/5 6:00,665,out,1,ZU
2023/4/5 6:00,628,in,118.002,ZU
2023/4/5 6:00,689,out,2455.18,ZU
2023/4/5 6:00,679,in,2406.11,ZU
2023/4/5 6:00,655,out,29.9061,ZU
2023/4/5 6:00,633,in,29.9061,ZU
2023/4/5 6:00,656,out,434.676,ZU
2023/4/5 6:00,699,in,434.676,ZU
2023/4/5 6:00,672,out,0,ZU
2023/4/5 6:00,661,in,0,ZU
2023/4/5 6:00,669,out,625.169,ZU
2023/4/5 6:00,697,in,612.808,ZU
2023/4/5 6:00,646,out,35.6569,ZU
2023/4/5 6:00,648,in,35.6569,ZU
2023/4/5 6:00,662,out,495.387,ZU
2023/4/5 6:00,700,in,495.387,ZU
2023/4/5 6:00,602,out,27.2261,ZU
2023/4/5 6:00,631,in,27.2261,ZU
2023/4/5 6:00,601,out,57.8104,ZU
2023/4/5 6:00,739,in,56.0717,ZU
2023/4/5 6:00,671,out,25.934,ZU
2023/4/5 6:00,737,in,26.6472,ZU
2023/4/5 6:00,619,out,57.6707,ZU
2023/4/5 6:00,613,consume,57.6707,ZU
2023/4/5 6:00,664,out,0,ZU
2023/4/5 6:00,632,in,0,ZU
2023/4/5 6:00,347,out,468.629,ZU
2023/4/5 6:00,359,out,137.589,ZU
2023/4/5 6:00,526,out,307.119,ZU
2023/4/5 6:00,624,in,2289.61,ZU
2023/4/5 6:00,610,in,584.646,ZU
2023/4/5 6:00,718,in,0,ZU
2023/4/5 6:00,647,in,937.741,ZU
2023/4/5 6:00,597,in,493.794,ZU
2023/4/5 6:00,279,in,11505.2,NODE
2023/4/5 6:00,280,in,220.429,NODE
2023/4/5 6:00,281,out,30.819,NODE
2023/4/5 6:00,282,out,149.359,NODE
2023/4/5 6:00,283,out,1715.6,NODE
2023/4/5 6:00,284,out,769.879,NODE
2023/4/5 6:00,285,out,1203.36,NODE
2023/4/5 6:00,286,out,797.119,NODE
2023/4/5 6:00,287,out,30.739,NODE
2023/4/5 6:00,288,out,518.669,NODE
2023/4/5 6:00,289,out,1581.43,NODE
2023/4/5 6:00,290,out,1517.14,NODE
2023/4/5 6:00,291,out,3644.39,NODE
2023/4/5 6:00,292,consume,49.979,NODE
2023/4/5 6:00,306,in,3738.95,NODE
2023/4/5 6:00,307,in,35.109,NODE
2023/4/5 6:00,308,in,52.419,NODE
2023/4/5 6:00,309,in,49.869,NODE
2023/4/5 6:00,310,in,0,NODE
2023/4/5 6:00,312,out,0,NODE
2023/4/5 6:00,313,out,243.099,NODE
2023/4/5 6:00,314,out,126.259,NODE
2023/4/5 6:00,315,out,402.359,NODE
2023/4/5 6:00,316,out,1129.12,NODE
2023/4/5 6:00,317,out,625.969,NODE
2023/4/5 6:00,318,out,1383.3,NODE
2023/4/5 6:00,319,consume,105.379,NODE
2023/4/5 6:00,707,out,43.879,NODE
2023/4/5 6:00,351,in,159.269,NODE
2023/4/5 6:00,352,in,139.589,NODE
2023/4/5 6:00,353,in,209.139,NODE
2023/4/5 6:00,354,in,95.369,NODE
2023/4/5 6:00,355,in,31.349,NODE
2023/4/5 6:00,356,in,28.039,NODE
2023/4/5 6:00,357,in,26.329,NODE
2023/4/5 6:00,358,out,80.249,NODE
2023/4/5 6:00,359,out,137.589,NODE
2023/4/5 6:00,360,out,329.979,NODE
2023/4/5 6:00,361,out,30.399,NODE
2023/4/5 6:00,362,out,55.599,NODE
2023/4/5 6:00,363,out,29.359,NODE
2023/4/5 6:00,364,out,25.909,NODE
2023/4/5 6:00,334,in,181.399,NODE
2023/4/5 6:00,335,in,722.609,NODE
2023/4/5 6:00,336,in,256.329,NODE
2023/4/5 6:00,337,in,707.669,NODE
2023/4/5 6:00,338,in,80.689,NODE
2023/4/5 6:00,339,in,25.939,NODE
2023/4/5 6:00,340,in,0,NODE
2023/4/5 6:00,341,out,31.829,NODE
2023/4/5 6:00,342,out,348.239,NODE
2023/4/5 6:00,343,out,256.559,NODE
2023/4/5 6:00,344,out,233.539,NODE
2023/4/5 6:00,345,out,78.359,NODE
2023/4/5 6:00,346,out,403.019,NODE
2023/4/5 6:00,347,out,468.629,NODE
2023/4/5 6:00,348,out,169.539,NODE
2023/4/5 6:00,349,out,27.599,NODE
2023/4/5 6:00,350,out,0,NODE
2023/4/5 6:00,709,out,60.839,NODE
2023/4/5 6:00,293,in,14304.1,NODE
2023/4/5 6:00,294,out,33.049,NODE
2023/4/5 6:00,295,out,96.869,NODE
2023/4/5 6:00,296,out,2119.86,NODE
2023/4/5 6:00,297,out,809.329,NODE
2023/4/5 6:00,298,out,1755.48,NODE
2023/4/5 6:00,299,out,1155.24,NODE
2023/4/5 6:00,300,out,42.269,NODE
2023/4/5 6:00,301,out,606.969,NODE
2023/4/5 6:00,302,out,2911.04,NODE
2023/4/5 6:00,303,out,1200.4,NODE
2023/4/5 6:00,304,out,3832.4,NODE
2023/4/5 6:00,305,consume,25.929,NODE
2023/4/5 6:00,320,in,3701.45,NODE
2023/4/5 6:00,321,in,38.799,NODE
2023/4/5 6:00,322,in,0,NODE
2023/4/5 6:00,323,in,48.369,NODE
2023/4/5 6:00,324,in,0,NODE
2023/4/5 6:00,326,out,0,NODE
2023/4/5 6:00,327,out,231.589,NODE
2023/4/5 6:00,328,out,176.769,NODE
2023/4/5 6:00,329,out,449.459,NODE
2023/4/5 6:00,330,out,1035.08,NODE
2023/4/5 6:00,331,out,645.039,NODE
2023/4/5 6:00,332,out,1295.14,NODE
2023/4/5 6:00,333,consume,102.449,NODE
2023/4/5 6:00,708,out,59.059,NODE
2023/4/5 6:00,365,in,1255.9,NODE
2023/4/5 6:00,366,in,2586.05,NODE
2023/4/5 6:00,367,in,326.819,NODE
2023/4/5 6:00,368,in,79.529,NODE
2023/4/5 6:00,369,consume,29.809,NODE
2023/4/5 6:00,370,out,37.859,NODE
2023/4/5 6:00,371,out,38.939,NODE
2023/4/5 6:00,372,out,76.869,NODE
2023/4/5 6:00,373,out,3954.69,NODE
2023/4/5 6:00,374,out,0,NODE
2023/4/5 6:00,375,out,0,NODE
2023/4/5 6:00,376,out,0,NODE
2023/4/5 6:00,722,out,148.609,NODE
2023/4/5 6:00,377,in,2913.09,NODE
2023/4/5 6:00,378,in,978.669,NODE
2023/4/5 6:00,379,in,28.299,NODE
2023/4/5 6:00,380,in,25.889,NODE
2023/4/5 6:00,381,out,166.589,NODE
2023/4/5 6:00,382,out,936.069,NODE
2023/4/5 6:00,383,out,1876.83,NODE
2023/4/5 6:00,384,out,197.419,NODE
2023/4/5 6:00,385,out,515.899,NODE
2023/4/5 6:00,386,out,162.409,NODE
2023/4/5 6:00,387,consume,149.219,NODE
2023/4/5 6:00,388,out,149.219,NODE
2023/4/5 6:00,392,in,29.829,NODE
2023/4/5 6:00,393,consume,47.659,NODE
2023/4/5 6:00,394,in,1992.23,NODE
2023/4/5 6:00,395,out,28.299,NODE
2023/4/5 6:00,396,out,38.109,NODE
2023/4/5 6:00,397,out,1971.88,NODE
2023/4/5 6:00,398,out,0,NODE
2023/4/5 6:00,400,in,1244.16,NODE
2023/4/5 6:00,401,out,32.519,NODE
2023/4/5 6:00,402,out,741.539,NODE
2023/4/5 6:00,403,out,190.689,NODE
2023/4/5 6:00,404,out,351.409,NODE
2023/4/5 6:00,405,in,719.759,NODE
2023/4/5 6:00,406,in,25.919,NODE
2023/4/5 6:00,407,in,130.319,NODE
2023/4/5 6:00,408,in,110.219,NODE
2023/4/5 6:00,409,out,31.189,NODE
2023/4/5 6:00,410,out,765.889,NODE
2023/4/5 6:00,411,out,159.089,NODE
2023/4/5 6:00,412,out,0,NODE
2023/4/5 6:00,413,out,0,NODE
2023/4/5 6:00,449,in,151.269,NODE
2023/4/5 6:00,450,consume,100.689,NODE
2023/4/5 6:00,451,in,1444.25,NODE
2023/4/5 6:00,452,in,2764.18,NODE
2023/4/5 6:00,453,out,318.649,NODE
2023/4/5 6:00,454,out,0,NODE
2023/4/5 6:00,455,out,1899.82,NODE
2023/4/5 6:00,456,out,0,NODE
2023/4/5 6:00,457,out,1646.45,NODE
2023/4/5 6:00,458,out,26.739,NODE
2023/4/5 6:00,459,out,0,NODE
2023/4/5 6:00,460,out,320.019,NODE
2023/4/5 6:00,461,out,56.469,NODE
2023/4/5 6:00,462,out,75.719,NODE
2023/4/5 6:00,463,out,0,NODE
2023/4/5 6:00,464,out,102.679,NODE
2023/4/5 6:00,465,out,0,NODE
2023/4/5 6:00,723,out,65.879,NODE
2023/4/5 6:00,414,in,3273.04,NODE
2023/4/5 6:00,415,in,0,NODE
2023/4/5 6:00,416,in,451.809,NODE
2023/4/5 6:00,417,in,96.449,NODE
2023/4/5 6:00,418,consume,48.279,NODE
2023/4/5 6:00,419,in,3013.51,NODE
2023/4/5 6:00,420,out,293.829,NODE
2023/4/5 6:00,421,out,2654.49,NODE
2023/4/5 6:00,422,out,3188.69,NODE
2023/4/5 6:00,423,out,567.629,NODE
2023/4/5 6:00,424,out,57.689,NODE
2023/4/5 6:00,425,out,28.239,NODE
2023/4/5 6:00,426,out,0,NODE
2023/4/5 6:00,427,out,64.819,NODE
2023/4/5 6:00,724,out,80.339,NODE
2023/4/5 6:00,428,in,110.139,NODE
2023/4/5 6:00,429,consume,73.599,NODE
2023/4/5 6:00,430,in,1441.73,NODE
2023/4/5 6:00,431,in,2761.96,NODE
2023/4/5 6:00,432,out,58.259,NODE
2023/4/5 6:00,433,out,57.479,NODE
2023/4/5 6:00,434,out,1074.41,NODE
2023/4/5 6:00,435,out,644.359,NODE
2023/4/5 6:00,436,out,1030.26,NODE
2023/4/5 6:00,437,out,705.429,NODE
2023/4/5 6:00,438,out,821.789,NODE
2023/4/5 6:00,439,out,0,NODE
2023/4/5 6:00,440,out,31.699,NODE
2023/4/5 6:00,725,out,42.839,NODE
2023/4/5 6:00,441,consume,34.769,NODE
2023/4/5 6:00,442,in,31.869,NODE
2023/4/5 6:00,443,in,349.009,NODE
2023/4/5 6:00,444,in,1385.98,NODE
2023/4/5 6:00,445,out,0,NODE
2023/4/5 6:00,446,out,39.779,NODE
2023/4/5 6:00,447,out,1700.38,NODE
2023/4/5 6:00,466,in,36.219,NODE
2023/4/5 6:00,467,consume,0,NODE
2023/4/5 6:00,468,in,595.579,NODE
2023/4/5 6:00,469,in,256.859,NODE
2023/4/5 6:00,470,out,43.259,NODE
2023/4/5 6:00,471,out,818.879,NODE
2023/4/5 6:00,472,out,0,NODE
2023/4/5 6:00,473,out,0,NODE
2023/4/5 6:00,474,in,546.509,NODE
2023/4/5 6:00,475,in,293.829,NODE
2023/4/5 6:00,476,in,0,NODE
2023/4/5 6:00,477,out,511.889,NODE
2023/4/5 6:00,478,out,328.049,NODE
2023/4/5 6:00,505,in,4222.06,NODE
2023/4/5 6:00,506,in,29.109,NODE
2023/4/5 6:00,507,in,26.259,NODE
2023/4/5 6:00,508,consume,86.939,NODE
2023/4/5 6:00,509,out,599.409,NODE
2023/4/5 6:00,510,out,3502.73,NODE
2023/4/5 6:00,511,out,52.189,NODE
2023/4/5 6:00,512,out,148.979,NODE
2023/4/5 6:00,513,out,0,NODE
2023/4/5 6:00,489,in,3697.51,NODE
2023/4/5 6:00,490,in,36.369,NODE
2023/4/5 6:00,491,consume,209.499,NODE
2023/4/5 6:00,492,out,178.489,NODE
2023/4/5 6:00,493,out,132.269,NODE
2023/4/5 6:00,494,out,3128.54,NODE
2023/4/5 6:00,495,out,0,NODE
2023/4/5 6:00,496,out,346.339,NODE
2023/4/5 6:00,497,in,3796.82,NODE
2023/4/5 6:00,498,in,36.009,NODE
2023/4/5 6:00,499,consume,198.729,NODE
2023/4/5 6:00,500,out,131.459,NODE
2023/4/5 6:00,501,out,330.889,NODE
2023/4/5 6:00,502,out,224.659,NODE
2023/4/5 6:00,503,out,2897.76,NODE
2023/4/5 6:00,504,out,325.699,NODE
2023/4/5 6:00,479,in,112.589,NODE
2023/4/5 6:00,480,in,496.209,NODE
2023/4/5 6:00,481,in,94.469,NODE
2023/4/5 6:00,482,in,262.769,NODE
2023/4/5 6:00,483,in,625.739,NODE
2023/4/5 6:00,484,out,348.089,NODE
2023/4/5 6:00,485,out,0,NODE
2023/4/5 6:00,486,out,686.719,NODE
2023/4/5 6:00,487,out,505.209,NODE
2023/4/5 6:00,488,out,0,NODE
2023/4/5 6:00,710,out,34.359,NODE
2023/4/5 6:00,514,in,6195.03,NODE
2023/4/5 6:00,515,in,0,NODE
2023/4/5 6:00,516,in,234.349,NODE
2023/4/5 6:00,517,in,46.779,NODE
2023/4/5 6:00,518,in,98.129,NODE
2023/4/5 6:00,519,consume,459.979,NODE
2023/4/5 6:00,520,out,3040.44,NODE
2023/4/5 6:00,521,out,1030.12,NODE
2023/4/5 6:00,522,out,607.999,NODE
2023/4/5 6:00,523,out,937.209,NODE
2023/4/5 6:00,524,out,268.999,NODE
2023/4/5 6:00,525,out,387.399,NODE
2023/4/5 6:00,526,out,307.119,NODE
2023/4/5 6:00,527,in,1771.42,NODE
2023/4/5 6:00,528,in,836.829,NODE
2023/4/5 6:00,529,in,0,NODE
2023/4/5 6:00,530,in,0,NODE
2023/4/5 6:00,531,out,1841.17,NODE
2023/4/5 6:00,532,out,839.719,NODE
2023/4/5 6:00,533,out,0,NODE
2023/4/5 6:00,534,out,0,NODE
2023/4/5 6:00,539,in,0,NODE
2023/4/5 6:00,541,consume,35.749,NODE
2023/4/5 6:00,542,in,0,NODE
2023/4/5 6:00,543,out,171.539,NODE
2023/4/5 6:00,544,out,0,NODE
2023/4/5 6:00,715,in,172.859,NODE
2023/4/5 6:00,726,consume,170.699,NODE
2023/4/5 6:00,549,in,26.059,NODE
2023/4/5 6:00,550,consume,36.039,NODE
