index,review_id,order_id,review_score,review_comment_title,review_comment_message,review_creation_date,review_answer_timestamp
0,7bc2406110b926393aa56f80a40eba40,73fc7af87114b39712e6da79b0a377eb,4,,,2018-01-18 00:00:00,2018-01-18 21:46:59
1,80e641a11e56f04c1ad469d5645fdfde,a548910a1c6147796b98fdf73dbeba33,5,,,2018-03-10 00:00:00,2018-03-11 03:05:13
2,228ce5500dc1d8e020d8d1322874b6f0,f9e4b658b201a9f2ecdecbb34bed034b,5,,,2018-02-17 00:00:00,2018-02-18 14:36:24
3,e64fb393e7b32834bb789ff8bb30750e,658677c97b385a9be170737859d3511b,5,,Recebi bem antes do prazo estipulado.,2017-04-21 00:00:00,2017-04-21 22:02:06
4,f7c4243c7fe1938f181bec41a392bdeb,8e6bfb81e283fa7e4f11123a3fb894f1,5,,Parabéns lojas lannister adorei comprar pela Internet seguro e prático Parabéns a todos feliz Páscoa,2018-03-01 00:00:00,2018-03-02 10:26:53
5,15197aa66ff4d0650b5434f1b46cda19,b18dcdf73be66366873cd26c5724d1dc,1,,,2018-04-13 00:00:00,2018-04-16 00:39:37
6,07f9bee5d1b850860defd761afa7ff16,e48aa0d2dcec3a2e87348811bcfdf22b,5,,,2017-07-16 00:00:00,2017-07-18 19:30:34
7,7c6400515c67679fbee952a7525281ef,c31a859e34e3adac22f376954e19b39d,5,,,2018-08-14 00:00:00,2018-08-14 21:36:06
8,a3f6f7f6f433de0aefbb97da197c554c,9c214ac970e84273583ab523dfafd09b,5,,,2017-05-17 00:00:00,2017-05-18 12:05:37
9,8670d52e15e00043ae7de4c01cc2fe06,b9bf720beb4ab3728760088589c62129,4,recomendo,aparelho eficiente. no site a marca do aparelho esta impresso como 3desinfector e ao chegar esta com outro nome...atualizar com a marca correta uma vez que é o mesmo aparelho,2018-05-22 00:00:00,2018-05-23 16:45:47
10,c9cfd2d5ab5911836ababae136c3a10c,cdf9aa68e72324eeb25c7de974696ee2,5,,,2017-12-23 00:00:00,2017-12-26 14:36:03
11,96052551d87e5f62e6c9f6974ec392e9,3d374c9e46530bb5ed4a7648915306a6,5,,,2017-12-19 00:00:00,2017-12-20 10:25:22
12,4b49719c8a200003f700d3d986ea1a19,9d6f15f95d01e79bd1349cc208361f09,4,,"Mas um pouco ,travando...pelo valor ta Boa.
",2018-02-16 00:00:00,2018-02-20 10:52:22
13,23f75a37effc35d9a915b4e1ad483793,2eaf8e099d871cd5c22b83b5ea8f6e0e,4,,,2018-03-28 00:00:00,2018-03-30 15:10:55
14,9a0abbb668bafb95a6d2b05db43284c4,d7bd0e4afdf94846eb73642b4e3e75c3,3,,,2017-04-30 00:00:00,2017-05-03 00:02:22
15,3948b09f7c818e2d86c9a546758b2335,e51478e7e277a83743b6f9991dbfa3fb,5,Super recomendo,"Vendedor confiável, produto ok e entrega antes do prazo.",2018-05-23 00:00:00,2018-05-24 03:00:01
16,9314d6f9799f5bfba510cc7bcd468c01,0dacf04c5ad59fd5a0cc1faa07c34e39,2,,"GOSTARIA DE SABER O QUE HOUVE, SEMPRE RECEBI E ESSA COMPRA AGORA ME DECPCIONOU",2018-01-18 00:00:00,2018-01-20 21:25:45
17,8e15a274d95600fa14f8be64e37a0e67,ff1581e08b3011021e7c7de592ddc81e,5,,,2018-03-24 00:00:00,2018-03-26 15:58:32
18,fdbdb2629a7cde0f66657acc92084e7f,70a752414a13d09cc1f2b437b914b28e,3,,,2017-09-29 00:00:00,2017-10-02 01:12:49
19,373cbeecea8286a2b66c97b1b157ec46,583174fbe37d3d5f0d6661be3aad1786,1,Não chegou meu produto ,Péssimo,2018-08-15 00:00:00,2018-08-15 04:10:37
20,a2ff510ca4e059c3fefc7a7866571f6f,a9953b2f0b1665ac7586cc5a6ac8f58c,4,,,2017-10-06 00:00:00,2017-10-08 22:36:05
21,80c70bc263881ba6525f6cee1d94ac87,ae168dfba236919411fe08f336fefa44,5,,,2018-03-17 00:00:00,2018-04-04 19:41:11
22,d21bbc789670eab777d27372ab9094cc,4fc44d78867142c627497b60a7e0228a,5,Ótimo,Loja nota 10,2018-07-10 00:00:00,2018-07-11 14:10:25
23,7bcb3c758c67f23638262c731493e848,7c9956750739a47dba7a6928ba2f0245,5,,,2017-09-09 00:00:00,2017-10-17 02:25:47
24,0e0190b9db53b689b285d3f3916f8441,79832b7cb59ac6f887088ffd686e1d5e,5,,obrigado pela atençao amim dispensada,2017-12-01 00:00:00,2017-12-09 22:58:58
25,66e4430c5bc6b7e3773886bf1c14d912,84cec4f65c7a4f2f54c294a30224a594,5,,,2017-06-23 00:00:00,2017-06-27 00:52:02
26,bf566b3910c328733baf7fca7d2be041,a59a15e4b6085c752d338431dc68d464,4,,,2017-11-01 00:00:00,2017-11-01 20:25:30
27,fe3db7c069d694bab50cc43463f91608,2ca73e2ff9e3a186ad1e1ffb9b1d9c10,5,,"A compra foi realizada facilmente.
A entrega foi efetuada muito antes do prazo dado.
O produto já começou a ser usado e até o presente,
sem problemas.",2018-03-23 00:00:00,2018-04-01 00:27:51
28,e07eee7ad7666276bd8b27fbd83fd1ff,68b3cbc68e4cd1fe19bec35f1d3bb7ee,5,,relógio muito bonito e barato.,2018-03-29 00:00:00,2018-04-02 14:19:31
29,2c5e27fc178bde7ac173c9c62c31b070,0ce9a24111d850192a933fcaab6fbad3,1,,Não gostei ! Comprei gato por lebre,2017-12-13 00:00:00,2017-12-16 07:14:07
30,540e7bbb2d06cfb7f85f3a88ba7ac97f,cf73e2cb1f4a9480ed70c154da3d954a,5,,,2018-01-18 00:00:00,2018-01-18 19:12:30
31,6a18a4001ae7fd911b3b9fb13686d105,8ba3f3a9292fbc22a8b7dff752bbcd37,5,,,2017-07-19 00:00:00,2017-07-20 10:38:48
32,58044bca115705a48fe0e00a21390c54,68e55ca79d04a79f20d4bfc0146f4b66,1,,"Sempre compro pela Internet e a entrega ocorre antes do prazo combinado, que acredito ser o prazo máximo. No stark o prazo máximo já se esgotou e ainda não recebi o produto.",2018-04-08 00:00:00,2018-04-09 12:22:39
33,19a52a2297e5289ab4187d238d335982,677c865b89aa97e7dbeb4bfbb50bbcfd,5,,,2018-08-25 00:00:00,2018-08-26 22:02:59
34,c92cdd7dd544a01aa35137f901669cdf,37e7875cdce5a9e5b3a692971f370151,4,Muito bom.,"Recebi exatamente o que esperava. As demais encomendas de outros vendedores atrasaram, mas esta chegou no prazo.",2018-06-07 00:00:00,2018-06-09 18:44:02
35,c0f4c8301f8c29d6f53d239e194bb4c2,04db86e3493b3724ac4bd3c9a397e23c,5,,,2017-09-12 00:00:00,2017-09-13 14:33:49
36,08c9d79ec0eba1d252e3f52f14b8e6a9,e029f708df3cc108b3264558771605c6,5,Bom,"Recomendo ,",2018-06-13 00:00:00,2018-06-13 22:54:44
37,2170c9452c2216457b36003fe2969fbb,af32671d0b8ce510a94d9111d97371d3,5,,muito boa ,2018-03-22 00:00:00,2018-03-30 23:37:25
38,b193ff3c9f32a01f3a0d9ae26b94d244,e2e6ee1ed2d7f2f36b05d234983bd7a0,5,Maravilhoso!,"Tô completamente apaixonada, loja super responsável e confiável!",2018-08-10 00:00:00,2018-08-11 00:22:13
39,9fd59cd04b42f600df9f25e54082a8d1,3c314f50bc654f3c4e317b055681dff9,1,,Nada de chegar o meu pedido.,2017-04-21 00:00:00,2017-04-23 05:37:03
40,ab3056e4fb5a36df4b58c1746e4a6b8f,aad1dcbe4c9fe2e3486e5e04c6649097,2,,,2018-05-13 00:00:00,2018-05-14 16:29:15
41,eb26c2bfb5030f57dcef30d3f111eb1e,88096595631e8d26b658306256e3ce34,1,,,2018-02-08 00:00:00,2018-02-10 04:28:43
42,caf7d6d68090fedf0f47b27aff4b4eaf,c186ebe3937470a2f562a2dc0bc74dd7,5,,,2017-12-05 00:00:00,2017-12-07 23:34:56
43,86c5cfa7fcbde303f704b60a78ced7d6,a6456e781cb962cc3f412b04de4fed7b,5,Entrega perfeita,Muito bom. muito cheiroso.,2018-06-13 00:00:00,2018-06-14 17:29:03
44,6f3eb43ec2f5092cf04c8d705864a8ac,f3a9c397a2fa5a2366b4b96bc15737f6,5,,,2018-03-11 00:00:00,2018-03-14 00:38:50
45,3dc0777d97733a1d066f5b781e91577f,44a9994228432b835c3a4e720b6a41ab,4,,,2018-03-29 00:00:00,2018-03-31 00:13:07
46,e363a3c172db72d6a8b82d0726cd2ddb,1a36784e5c696071dad8a242f26b230f,5,,,2018-01-25 00:00:00,2018-02-18 23:03:20
47,890ec1767be8eb104877db6d68eaade5,b3271f5ebce80cbecb67c5b88487a44a,5,,"otimo vendedor chegou ate antes do prazo , adorei o produto",2017-05-13 00:00:00,2017-05-14 02:57:19
48,23f570a1b0db9566bee04521a0410c54,82c5edeff15e09a0460d292874766132,5,,,2017-09-22 00:00:00,2017-09-23 13:57:39
49,7d9ac3e98adc0c8ad579e6a2257d79f9,dfa48852c93427261c98fb2e01f33bea,5,,Processo de compra tranquilo e eficiente.,2018-04-24 00:00:00,2018-04-25 16:01:03
50,c41bd21983e298a240410ebb391bf075,9562b424b05978a493db2a5122ecab1f,5,,Tomara q dure pois é de pelinho.,2017-05-19 00:00:00,2017-05-21 03:04:35
51,e233e51d11511bf30e568c76360ace52,548df2c6e5f089574614894bca78acf5,1,,"recebi somente 1 controle Midea Split ESTILO.
Faltou Controle Remoto para Ar Condicionado Consul",2018-01-28 00:00:00,2018-02-04 11:06:15
52,1a74d76543e1b419b48daebee364c281,14861b02076ed7da9471988265a0104b,5,,,2018-07-14 00:00:00,2018-07-16 20:09:42
53,1edd1a85161468a77e5fcb165be9b294,d8e17cc85323061493b16b68a130bcff,5,Ótimo,,2018-06-02 00:00:00,2018-06-02 23:15:37
54,94c4db81ff5c234f53b54a15a8a41583,3fb155b4897652f5cdf1b5efff32a465,5,,,2017-12-15 00:00:00,2017-12-17 14:43:35
55,3d94fd645cdaacc8c9f0dc0a2a1f5166,4d483bf690ca21bdc005df9b623673c7,5,,boa,2017-03-21 00:00:00,2017-03-22 00:58:49
56,cb6fe4f91f83d9222b7c8e14959055e1,84226f5c73669d7711ca44aa9cac602a,3,,,2018-05-10 00:00:00,2018-05-13 22:51:53
57,45a523faa4defdf60118a90301b8a23e,26c4ac9998f72d4fcdca3c6e27089f1b,3,,,2017-10-27 00:00:00,2017-10-27 16:12:52
58,6eab2c9b7ea4975a0b0357a4c464b356,55101b36a58251926b6cbfdb540c0461,4,,,2018-05-31 00:00:00,2018-06-04 23:44:16
59,500c05500aa275953129f49799ee5c73,8a9424899aac432d80d8e580932b5ee9,5,MT lindo,MT lindo,2018-07-25 00:00:00,2018-07-25 21:37:22
60,399133d47ddc5f40df57c1ceba4e4540,603d76b730c972775ccf2a910bf23490,5,,,2018-04-03 00:00:00,2018-04-03 23:39:36
61,6a0969d0769d2f3ff6438809a1cc455e,32638fbca8d1a197e649fd5138e12049,5,,"Ocorreu tudo como contratado sendo a entrega realizada antes do prazo 
 Estou satisfeita
",2017-06-02 00:00:00,2017-06-03 13:12:07
62,8a64945e89526e68bc16383391590232,71960e6af960919256a958a3633e1040,5,,"Amei achei lindo ,muito delicado adorei",2018-04-18 00:00:00,2018-04-18 22:30:45
63,ca7402594d96f3231ee1bbae27da1e29,36782087b0d4f8cd6daa340872006259,5,,,2018-02-20 00:00:00,2018-02-21 01:40:57
64,c0dbf9a325d2a2fece43873be47191e1,b324f4270850cbba23533b9a9d3434a9,4,,"Ótima loja para parceria: rápidíssima, produtos bem embalados e de qualidade! Só o custo do frete que foi meio azedo.",2018-04-04 00:00:00,2018-04-06 15:43:39
65,9924ac6169f2edc95ca3394e529f9580,a3ba7fa5266d62188949da3d6ccc3884,5,,,2018-02-27 00:00:00,2018-03-02 08:33:35
66,e12a8d938f3092e010627d001f91d137,b3dca2e199b13ddabab4ed77d79ee9f6,5,,,2018-06-03 00:00:00,2018-06-06 12:41:24
67,109b5ce2dd11bb8460eff3b86da6fefc,25362fbf6aac4b01a28dee1e076acc26,5,Ótimo Produto! ,Recomendo o vendedor... ,2018-08-17 00:00:00,2018-08-17 21:47:08
68,6d06808638ec0701bccd70bc8d462c28,97d2f8fe76f2f253b8291e17b5383884,1,,"O produto não chegou no prazo estipulado e causou transtorno, pq programei a viagem de férias do meu filho, baseado no prazo. Moro na Bahia e ele em Cuiabá sozinho. Agora, a casa está vazia. ",2016-12-09 00:00:00,2016-12-19 14:10:43
69,750d4311e8ddb6cba549ee86f06f0cca,4b32a4cdfc1b80066a8ee3a4b7a2094f,5,,"Produto entregue como solicitado, e com muita brevidade. Parabéns!
",2017-08-09 00:00:00,2017-08-09 12:03:45
70,951a3591f5bcc0b0c558461c9bf49d8e,801524a8fbd37484e8d8c23448f113b5,3,,,2018-07-14 00:00:00,2018-07-14 21:04:31
71,77ed4f94b3638d1f0b0a2dd781c11a8c,5f8772295e1adb4e4832c988d6b631b6,5,,,2018-04-10 00:00:00,2018-04-12 10:28:20
72,2a3eba09af2fbcd3a20580e62e7b7465,366df9c0b0d5d46f8afc476dc4ca7671,4,,,2018-01-31 00:00:00,2018-02-01 02:09:13
73,8b230a1373c6dc4bd867099fda1d7039,071251fe3b3493294536f03737a8a679,3,,Eu comprei duas unidades e só recebi uma e agora o que faço?,2017-11-09 00:00:00,2017-11-10 10:38:37
74,4a1c0e7a111f33f2be53506db4887b1a,0feb8ce954124d3e3d8338c573a9c523,5,,,2018-08-28 00:00:00,2018-08-29 02:00:24
75,cb2fc3e5711b5ae85e0491ee18af63ed,34e6d418f368f8079ae152bc178bc66a,3,,"Produto bom, porém o que veio para mim não condiz com a foto do anúncio.",2018-01-31 00:00:00,2018-01-31 23:29:21
76,60c714ed14cef913944a3147094a4742,9ac05114800f02bfaa783bd76842dbe2,1,,"Produto muito inferior, mal acabado.",2018-07-03 00:00:00,2018-07-05 19:03:52
77,b42460e68676135205af8b8c13baf6ae,5b2e79428198e5ce482f9ec1bd1014c3,5,,,2017-07-29 00:00:00,2017-08-01 18:43:09
78,505587fad6e7130f579fe9f02017ede4,64ff87188034c4f3dcd52e63db7d045f,4,,,2018-06-14 00:00:00,2018-06-18 22:53:04
79,c45811d9f90e22a81155b3a1e4a5c2e8,491f193fc52075598871cfe6f19976d4,5,RECOMENDO SEMPRE!!,O kit mochila patrulha canina é lindo!! Meu netinho vai amar!! Obrigada!!,2018-06-19 00:00:00,2018-06-19 17:44:05
80,e29ab4a671400c41322e4855de633c6a,17b296b73ebefd6213299342b09f097f,5,,Maravilha ,2017-08-09 00:00:00,2017-08-11 23:28:46
81,c577faa817a66c6f1492728435f53cd0,97e11582eb8cdd7b83e35a4243d81f79,5,,,2018-01-12 00:00:00,2018-01-14 22:44:58
82,8c6537ae1519a3c0375e4fd45438344b,a9a75c64cb5e9f7bc92e68ec13f05c45,5,,,2018-04-06 00:00:00,2018-04-07 03:11:49
83,34e5d18f3bb64d586812f8f1d8b53097,bf6861804f97bcf7644f603c5bcf7784,4,,,2017-03-31 00:00:00,2017-04-01 23:43:01
84,5733e2aeeb52b99d044a2a3644e1305d,5abb6c1ea24afdc6e26076bfaa7539cb,5,,,2018-02-23 00:00:00,2018-02-23 11:06:24
85,a34d2c4ace97245460e240e07db0212d,9cd3b6a2b07667e425975a219b4fc382,5,,,2018-05-15 00:00:00,2018-05-20 13:57:26
86,9bdb93e1339cdbc9bbfd95c5df00f82b,72b9d86fe4e984d9879013b9ecbb25db,5,,,2018-04-24 00:00:00,2018-04-25 20:28:48
87,0bd4dcc4f6c4621baf37f73495cad8c4,a11cd01ac67beef7e8bf09740d8a35c1,3,,Entrega no prazo,2017-03-23 00:00:00,2017-03-23 21:20:16
88,888f11883ff85fa5c07e6ae1192d85c4,248907ae8054cb8e93d5aa44857779b4,5,,Cumpriu o prometido na compra e com o uma entrega em tempo satisfatório ,2018-01-04 00:00:00,2018-01-05 23:30:00
89,65dfeb60c40e3cbb0a1838285d86f885,a2714ecbf6eeb3bb9cd7dba6dc1c5e82,1,,Pedi reembolso e sem resposta até momento ,2018-03-08 00:00:00,2018-03-08 12:27:34
90,50a1eaa2f96d6f3e02d0cd68d92bab75,4a7cf245701068d38d441791b735e4bd,5,***** Recomendo,Super rápido.,2018-05-10 00:00:00,2018-05-11 03:08:49
91,1090909faae22e5ab76903e8493063f1,a1341cb83bbf1b47392f4a3685d56bad,1,,,2018-03-07 00:00:00,2018-03-07 15:32:23
92,7b2d3a4794961271f9150b21fecfeed0,2964eb001b521cc23017f1c007a6712b,5,,,2018-04-06 00:00:00,2018-04-08 18:42:33
93,31b63ea961f9f43c21209d729d1c78e5,46d2d651f006b9b9440d1aa37d89c894,5,,,2018-08-17 00:00:00,2018-08-31 03:13:36
94,4d36f8266245b00faebc520e9cd963c0,b1cc044d321053348a5e482ca7e6b2e3,2,,,2018-03-17 00:00:00,2018-03-17 09:29:47
95,71bc170a5ad41ee9dee95f82a17860a8,a90b081d0efa436e072d5328ecd904a4,5,,,2017-08-03 00:00:00,2017-08-03 23:40:22
96,c5be8de5421e658a45042d6ca6a4ff64,61665389f0cccf5ec8135e3b05efc714,5,,,2017-12-12 00:00:00,2017-12-13 22:58:34
97,0c8b57ea62de568f13a0e101d344977e,41bc5a3d34a8e4ef91b2e7d9500694cf,5,,,2017-07-12 00:00:00,2017-07-13 01:02:28
98,edfbad2944ea758725486c3bbcd04f49,9d2aa61b374fac5dd063f36fefa602e1,3,,,2018-03-28 00:00:00,2018-03-31 03:25:49
99,bbf6c18e7c5a88b6adcb69af3b971207,828a705e0645673b538e803ca75a29b6,5,,,2017-10-31 00:00:00,2017-11-06 18:43:24
100,436f71c9cc0c1aab7f51dc0cd0820516,c676e726f8a14a9527b41b9dc50ca1bc,5,,"Satisfeito
",2017-11-22 00:00:00,2017-11-22 14:45:40
101,a47baae36cb2d3f2d8ab6449aee69ee4,2c1f923bfda154d36f6dad2084cbde2e,4,,,2017-12-19 00:00:00,2017-12-22 12:43:53
102,b83bcebb69cf373474b4cc3b10eb0bcc,c5d9ec893ee95eb55c4fa513cc606582,4,,,2017-12-13 00:00:00,2017-12-15 14:41:16
103,97d4feff1fd7129bee6cde095b9dac2a,b4039fffc67d7a5a75a3ba881d75e402,5,,"estao de parabens... sempre chega com muiiita antecedencia..

Muito obrigada.... ",2017-06-24 00:00:00,2017-06-29 13:48:21
104,352609f0f2d34ce5d3b8de817ee948d5,96b947c986b42f213c9e6b8ccccedb89,3,Não recebi o produto.,,2018-08-25 00:00:00,2018-08-25 20:53:41
105,28f275d52ccd8b6614b71430481450fd,7ed1923ef9c8ce180035acd26a2d8eae,5,,,2018-06-21 00:00:00,2018-06-21 20:33:50
106,d23ac17822a812782cf7f848b2a8b38b,705402bc1d956067338873d414158d09,1,,,2018-04-22 00:00:00,2018-04-26 10:25:11
107,52844d80504646db0b746167070b9db0,6f0d22f1ac98ca3892d88dd39842fc3f,5,,,2018-05-10 00:00:00,2018-05-11 11:56:44
108,1692078634b63c7f25aa90ee746ec498,5bc4e94aef2841f392fb6fe7ceef69b6,5,OTIMO,OK RECOMENDO,2018-05-23 00:00:00,2018-05-28 12:48:45
109,7df70380ca80dea85f0a7f1f57fa2f87,83177602aad708cea549501386b021c6,5,,,2018-01-30 00:00:00,2018-01-30 18:19:27
110,ff722b4c68783a4459a3adb9bb4e1d0d,b8702f50a689621ab21ef200b55a5b8d,3,,"Produto chegou, mas meu PC não conseguiu reconhecer as portas USB.",2018-01-16 00:00:00,2018-01-18 23:25:29
111,8055e963f26f70c406ca517b2c2848e6,9218ec94cd0d96e4c3e6b8c1504aa8dc,5,,"Produto de muito boa qualidade, chegou antes do prazo prometido",2017-12-17 00:00:00,2017-12-19 17:31:58
112,7404a400814a04b9776eb50e1ef725d8,a14f7f38d99c7aba5db1566db11660a2,5,,,2017-10-24 00:00:00,2017-10-25 10:02:31
113,c2babb5fd0e3e13707274820a7227d25,0193a99edc8c599aaa16f9b9e991efb8,5,,,2018-08-02 00:00:00,2018-08-03 04:55:37
114,e128c3709dfb7fe87f162f7b34d1cc92,f04e5abb2044dbb28bbdd9aa470e4e8a,5,,,2018-03-16 00:00:00,2018-03-17 02:34:05
115,ae728c1061bf163b4bd256ad9ee0bb83,45c780334bc32cb77559a65c5f171160,1,,"Este foi o pedido
Balde Com 128 Peças - Blocos De Montar 2 un - R$ 25,00 cada (NÃO FOI ENTREGUE)
Vendido e entregue targaryen
Tapete de Eva Nº Letras 36 Peças Crianças 1 un - R$ 35,90 (ESTE FOI ENTREG",2018-01-04 00:00:00,2018-01-10 09:52:57
116,41926e45719f9b923357ea3bb222195f,1601df22ba2f78168443e6f729e74868,5,,"Entrega muito rápida
Parabéns",2017-08-29 00:00:00,2017-08-29 21:06:01
117,2dfefb93bf83b269520fd5b13c917c31,394dd790418f78501396d1a2912d74ff,5,,,2017-10-26 00:00:00,2017-10-26 23:46:47
118,f195f1c82cc4be5839a1a3a2babf3a50,bcaff5892a4def087ea5036d6b89b9db,5,,,2018-01-10 00:00:00,2018-01-17 21:43:05
119,72730619a00e0ecdecf0a4ff862d8996,af76a45a10524549102e010f2bd9d3cd,1,,comprei tres pacotes de cinco folhas cada de papel transfer para tecido escuro e so recebi dois,2017-11-07 00:00:00,2017-11-08 21:54:58
120,ba3e82857e13ba647e843f5a4ade76c1,ebcb12dc163784a4dad2cddb8feb64aa,4,,,2018-06-26 00:00:00,2018-06-26 19:47:07
121,c5d83c2523ef15209c8faf5133a7bafb,7eba0b6b5cb480d65416e26e2528d250,4,,"Estava faltando apenas um produto, eu recebi hoje , muito obrigada!
Tudo certo!

Att 

Elenice.",2017-12-16 00:00:00,2017-12-19 23:21:17
122,5b713e49352337557efe509b2e801183,93e87829bab4127b8692f52a73df4284,1,,,2017-11-23 00:00:00,2017-11-23 10:32:13
123,4e18511741b7ba8896f192fae5858e0a,e7ec2ee871d40f0b32fb471cb07ad239,4,,,2018-07-13 00:00:00,2018-07-16 01:34:42
124,ba7e2a294a1c84d89bb8346d5343b74e,2ec63bd84c4e873ee8bf8786f4942673,5,,,2017-07-27 00:00:00,2017-07-27 23:51:14
125,ad0fb518df54cbb079834b68141941ee,cd2457140ff84327d7d7030053b80fce,4,,,2018-08-10 00:00:00,2018-08-14 23:35:31
126,deb68e90fe56fe23b61f76e429516f26,9d7ab082d6d8a4b069683e5a77db1261,5,,,2017-09-14 00:00:00,2017-09-15 11:40:08
127,766fc608e4f2683020fb0a121d9db23e,77fc7da5ef4df2c48276ae832072dcf1,5,,"A bolsa térmica além de linda é super espaçosa . Produto de acordo com o anunciado e a entrega super rápida , entregou bem antes do prazo .",2018-01-10 00:00:00,2018-01-11 07:47:10
128,5c37d7ba6ef2f031c34bb4fda3454018,bbd1b9ebbc5a09d51caaa2d10e0f93b5,2,,Demorou de mais pra entrega ,2017-12-17 00:00:00,2017-12-17 12:14:13
129,e9cb7f668e6443a90158f7f9c90ab0f5,b98e145c0cd94f225072aa0e619d5d8f,5,,,2017-12-27 00:00:00,2018-01-01 18:45:21
130,83414f98136ce687f7eb69e555b2519c,36e05888e17fa68e55b13477d9b53d3e,5,,super rapido a entrega .... chegou antes da data... ,2017-10-24 00:00:00,2017-10-25 19:36:57
131,46d8249ea59101c7288936c3e6f155d7,f25ddb6cd62d720a5d91fff80467930a,3,Entrega atrasou,A entrega foi dividida em duas. Não houve comunicado do loja. Cheguei a pensar que só haviam enviado parte do produto. ,2018-01-20 00:00:00,2018-05-15 00:45:28
132,346317f9aff540395fe46893611854f8,546ffb713086001ce9f0009158f88b73,1,,Não funciona não faz sincronismo,2017-09-17 00:00:00,2017-09-18 23:39:56
133,2685a4800004a12ec09d27264ff1915f,5c973d2b4652e1dec15353b59339f3b4,5,,Recomendo a todos os clientes,2016-10-22 00:00:00,2016-10-26 17:47:19
134,0dc56be1dabd04c994a0fce5478bb16d,f4c47c5163aecbdc7ce04fa55857b332,4,,,2017-10-10 00:00:00,2017-10-11 14:23:53
135,c422274e50e900b46fee429016c5458d,950bb159eea525ff8947b92c93b02f8e,3,,Gostei ,2017-09-24 00:00:00,2017-09-25 14:09:58
136,369d4e59eab6f38a28c5033120180bdd,36d5bd2a92fd8d42046d3fd105357dba,5,,,2017-06-22 00:00:00,2017-06-22 23:36:13
137,5a27bebda2d497ab1fbc6f425abdc6b8,824ed066dde5116b8bcf4d75381e056d,5,,,2018-04-12 00:00:00,2018-04-13 11:56:19
138,a95d9b8de163612abddc0a2aae1131d5,140d9953eb16589e277967bbfcdf7ac5,3,,,2018-08-26 00:00:00,2018-08-28 15:04:49
139,4ada105731802020d66105508076cb49,6f393015477564624446a2b4c948c0f0,3,,,2018-02-01 00:00:00,2018-02-01 06:26:39
140,0d4821be98f78d25e14f37ac9d320a84,cc3db854dd878770935397762ee0e1ce,5,,,2018-04-05 00:00:00,2018-04-05 23:19:58
141,0ea6bcf44daa35a34247b889d2d21c9e,3284a74080329a1d90714bf77280db30,5,,,2018-03-09 00:00:00,2018-03-11 15:27:10
142,3f6d9482c57cdb5fc7012f7b9b5ed4c5,2a3251c95a3d5c57ed230021faa588a0,5,,OTIMA,2018-04-19 00:00:00,2018-04-22 12:25:48
143,a55012f5c7e74353e92986be15d133b6,54b73f808b0ff25da4276773c30ac269,5,,"Gostei muito do jogo de banho.A estampa florida, o bordado, tudo muito bonito. Ótimo produto.",2017-06-03 00:00:00,2017-06-04 02:22:55
144,8e42039f9508e0fb21b61262ba2ce672,bea1d77e861b4f44276f02d599d25705,4,,,2017-05-30 00:00:00,2017-05-31 14:13:00
145,487f8ff16eaf366dc7c01652202048c3,d5ba80d74b52c335ae36398d6159e6ee,1,,"Chegou apenas uma peça, mas na nota e na garantia constam as duas joias.",2017-08-22 00:00:00,2017-08-22 23:45:13
146,d95ffc47f9741048c6872cb8d3ed0e8b,f41ef35b2b93249c5239c5df242e8b28,5,,,2018-05-16 00:00:00,2018-05-16 23:16:38
147,072aa82842434b050889c89a33c699a7,f1367a0a8fa445363c4e6d5a529db4a5,3,,,2017-11-15 00:00:00,2017-11-16 08:47:52
148,b47ad9b11251939a7f684c19cf317830,54489dc43b208728294699a03e704d91,4,,,2017-08-18 00:00:00,2017-08-21 14:30:49
149,ef8ae544c432bb1053ba5990bd0d6227,e18ebd6286697a3f0f6fe267d8286cb2,1,,EU NÃO RECEBI O PRODUTO E CONSTA NO SISTEMA QUE EU RECEBI ALÉM DE PAGAR CARO DO FRETE ,2018-01-12 00:00:00,2018-01-13 00:28:49
150,aaab917291fea34988b9a0cb60e0716f,560f7585b57fcc9579460fa21c0d8ec1,1,,"Comprei o relógio, unissex e enviaram um relógio feminino, bem menor que as especificações do anúncio.",2018-04-05 00:00:00,2018-04-06 11:06:19
151,3f73914ab5fc1cd68ad6757c93644349,3144812170fbb0c3b71bbd757609f605,5,,Sempre compro na lannister.Pra mim é a melhor loja on-line,2018-03-14 00:00:00,2018-03-17 10:26:13
152,e2fd85e5df711bd91e6e96e13c741843,c9645496b715730a1a5d07eb97a6bf6b,5,,Produto de qualidade excelente,2017-01-31 00:00:00,2017-02-01 16:56:49
153,076e5ceb849c9ddf05cfb30bf223febb,30eb68f1adec947261593a874308f991,5,,,2017-11-02 00:00:00,2017-11-02 15:30:03
154,c3dc53293222872c90de63a9dc56902e,617b248faca8fe758da0640030f82f00,1,,,2018-06-22 00:00:00,2018-06-22 20:59:02
155,1f5f1df7e359907eaadcb67e73590c10,7958f96c87dcc4edd752ef1a39e75cd9,5,,,2018-04-28 00:00:00,2018-04-29 12:38:06
156,0f47555e4df6f6e31bb40c6ff7fb6fac,f81ed3e1a19bd4246ee3e90b01359eb0,2,,,2017-10-02 00:00:00,2017-10-04 23:54:09
157,033fb23c97ecb11c0548f4763bef5773,0b8c6aefe987f59ab3cea15927aedc8e,5,,,2017-12-29 00:00:00,2017-12-29 19:51:26
158,f7a4aac5a45a3653a0cb7a9c190a6332,7175aabb77705c82c70d16055bd2a380,4,,,2017-12-20 00:00:00,2017-12-22 21:00:16
159,42ae74a43661be8587b2e2db054179db,0a187dd7f4efe70e8c3b6e3779b3b133,5,,Ótimo custo-benefício,2017-09-14 00:00:00,2017-09-15 14:15:14
160,d8f61c7fcd172785563a65cd65a8cea8,cf34fe44babb9fd001a001acfa43cabf,5,,OK,2017-11-19 00:00:00,2017-11-22 19:34:39
161,4d89dd30fcb3374bb3634e0850bb3ee6,7fd8bee2cb90a93904966af3fa39ff3a,5,,,2017-12-02 00:00:00,2017-12-03 01:31:02
162,1f83ac8151dd375e41ab519523ade3b1,e08878ad70acad81d0e90f59e56ce9a6,3,,,2017-12-13 00:00:00,2017-12-17 18:47:06
163,79927442ebcbf70b2021e1339bb9a51b,1c8898140458c37fbbf0be37d47193b9,5,muito boa,Gostei da atenção com a entrega,2018-04-27 00:00:00,2018-04-30 08:04:49
164,ecb87d3794a6b2a32e6d9ebee0b8dee5,b1b42afa1e73f34f90872f5f1ec48391,5,,,2018-08-04 00:00:00,2018-08-07 18:50:13
165,77a5eb7708ea47c9dd27b268ab56b633,8883dd20e652369652c1abd7a411788f,5,,,2018-08-21 00:00:00,2018-08-22 10:55:39
166,14613df954694f243dedeaa2c8a3a5c2,1e91914c9706a5d4665b8c5a6294b107,4, 4 ," Se fosse vidro tinha quebrado; veio na caixa sem nenhuma proteção por dentro, a caixa estava muito amassada. Desculpe.. mas gosto de comprar de vcs
.",2018-05-15 00:00:00,2018-05-16 23:41:51
167,5f938e5f5f2e9a75710b54feeb9ea610,d9ff0185a300435402f043124f530274,1,Médio,A peça não serviu,2018-05-11 00:00:00,2018-05-14 14:08:04
168,d7ea05bb4f9c77d606fd90b1a27e317d,bb5b0d8f3e9c964760c674f2aa2ae0cf,1,,Comprei o produto dia 25 de fevereiro e hoje dia 29 de marco não fora entregue na minha residência. Não sei se os correios desse Brasil e péssimo ou foi a própria loja que demorou postar.,2018-03-29 00:00:00,2018-03-29 23:13:58
169,185cb85ede91009d7a8e685687c037ee,2e5dc86c8c4aa663549caf5e31de840d,1,,"fiz minha compra faz 30 dias e não recebi ainda meu produto.
Precisa melhorar nas entregas",2017-04-06 00:00:00,2017-04-09 18:25:12
170,0c9b6ca9b3beaf0fd5d621f63844ea01,cadd4c5765abf658117f2cc7e2a639c2,5,prazo entrega,"Espero receber esta semana, o que não seria tão extravagante, porém...mais atrazo do que isso me faria desistir do baratheon.",2018-08-26 00:00:00,2018-08-29 02:48:21
171,29b897a4c960516960b7dbe2ed0cb99a,4ecddf4ce273e32faaf71a4a8ed4676e,3,,,2018-07-22 00:00:00,2018-07-24 13:21:55
172,0beb430df734fb96c4f353165408b439,1e721ce42c736da389dc1e266e969acd,5,,,2017-08-08 00:00:00,2017-08-10 19:27:20
173,ab296dbde37f94824e4290893c67f917,163dbb9a9e122705518ab2735e1c6008,5,,,2018-04-22 00:00:00,2018-04-24 18:35:52
174,c399eafa15aafaecdd1d9008f5b34ed6,3081ddf6e7c6afa4e4124e7882486fcd,5,,"Entregou no prazo certo, fiquei feliz com a compra que fiz",2017-06-23 00:00:00,2017-06-24 00:58:52
175,db168e3b1bb8b376934b2c5985cb3eda,4edd97a383a190e45e83c16cd6460d63,5,,,2018-03-11 00:00:00,2018-03-11 12:51:38
176,a03362dde282489127b112aeab3d6a82,a6ab143f24e590dc7c72a62bc4eab3af,4,,,2017-07-25 00:00:00,2017-08-02 18:15:52
177,fc58a37818aacbf958eca9d16b4e2e84,ed6de1d370dd47560f0d9c87c832b6fe,5,,,2018-05-05 00:00:00,2018-05-05 23:49:04
178,8ef36616bef00398b6e413c124f436c8,6925682cc441a2514cd15f7f17ece7b2,5,,Lindo relógio adorei,2017-05-31 00:00:00,2017-06-01 01:21:14
179,2636963d49a40a1d951eb0880fa1d36e,b8d7fee0274d75202bee63e9e71fec3f,5,,,2018-05-12 00:00:00,2018-05-13 11:05:13
180,57e994485c2ebd293e4fa9cd62e5bb96,201691efe89d4d71f36e5ea279a8759a,3,,"Comprei dois lustres pendentes, com a parceira targaryen e só me enviaram um lustre. Abri reclamação, mas ainda não recebi resposta. Aguardo solução por parte de Lojas lannister.",2018-03-14 00:00:00,2018-03-16 20:26:10
181,d83b784ad6ff9896198595107667a60c,5ac69d0f070172b49f4541b6dc1272c6,5,,,2018-03-24 00:00:00,2018-03-26 12:38:02
182,0ddace107051d27b273578e30c758518,f8b6b27efdf0f73f9e9d978fc503c45f,3,,,2018-07-12 00:00:00,2018-07-13 18:08:46
183,9d0f36ac2ecea44727adaa0e0fe064fe,3aa2600d02e113fa1145a76a2e90185f,4,,,2018-07-13 00:00:00,2018-07-18 13:32:03
184,0a3157c8e3e2b8b34dadee70c2174ab2,bb4648eb654b7296660ddcbc2ac64c0f,4,,,2018-06-21 00:00:00,2018-06-22 01:00:54
185,59d95e0b5b52d038dc3a022b7c912969,fc8c2e8bc069aea361c41c313464993c,5,Super produto ,Muito bom alta qualidade!,2018-07-04 00:00:00,2018-07-05 00:56:21
186,ca21ff9bdc64ce15d2be8e09bbc5a115,2f6bbf69e7e15f419cef8a59761df265,1,,,2017-05-06 00:00:00,2017-05-09 11:19:51
187,4f38ceccf5f69828f45e871aad65266f,5a2aaa78e3c69a74dd64b28846deb199,4,,,2018-08-30 00:00:00,2018-08-30 18:04:07
188,a0adf7a439816b22050d6bf433cbbff6,15c8f741c0b7deafafea8af0f7bb6852,5,,"Produto bonito, entregue bem valado e dentro do prazo. Recomendo!",2018-04-10 00:00:00,2018-04-13 11:04:52
189,93fbbe62dcf6ffac99be013a1c68eb52,935f0d2ac8ce7ce29f5712d2637ddb33,5,,Muito bom,2018-02-20 00:00:00,2018-02-21 09:42:27
190,c40a6b6e0181e5ec0d12cbc2e12c49d3,f3468d6a2c7586711e9952242898aad4,1,falta de produto e quebra,Faltou 1 produto e os que recebi 1 veio quebrado,2018-05-23 00:00:00,2018-05-23 22:23:00
191,5241fcad10d7b45a1761f1e1e1536faa,0bcbcc3e0a09b3f6a9495de35f452616,5,super recomendo,"chegou dentro do prazo e o produto é de excelente qualidade! Acabou as dores nas costas, estou dormindo muito bem!",2018-07-07 00:00:00,2018-07-09 18:12:17
192,a0c0cc2cb9e040c3ee6716ed79218fc2,40eb3456ddb929efd347db4817460755,4,,,2017-08-29 00:00:00,2017-09-02 00:11:30
193,d2322bd5a219c030b3c0d7a80fe27b8f,a69cfdf2a1c59f8ff05718f69d021e81,4,,,2018-07-27 00:00:00,2018-07-28 11:06:54
194,785eeef6b986a8606ac04b88a08ba52c,bdb2bc3c571eb25e242b01f591816c7b,4,,,2017-10-06 00:00:00,2017-10-09 13:44:42
195,2613eaca6e203ad90206bd06e3dc5684,75ad3bc2c20ac416220546b2268066dc,5,,,2018-02-23 00:00:00,2018-03-26 18:13:48
196,5f56971f3f82d508077fc035b7b734e7,bba3165de0a4f708a3fd065a5365e508,3,,,2017-09-06 00:00:00,2017-09-07 11:58:02
197,06f47dacd0575e592bf6a17e922ce6cd,82348f1b5f24ac795fa9320e02c49553,1,não recebi ainda,aqui está descrevendo como entregue só que ate agora não recebi,2018-06-28 00:00:00,2018-06-29 16:34:46
198,d36219dfadc3a5b07ab66670d23915ad,22613579f7d11cc59c4347526fc3c79e,5,,"Acho que rastreando o produto devia ser melhor e mais preciso, mas no geral foi uma ótima experiência ",2016-10-19 00:00:00,2016-10-20 12:40:59
199,5230dc021b8ce3fe53ed728af873a6d1,fc850201b579f014488f1cca40aaa06d,5,,Ainda não tive a oportunidade de testar,2017-11-23 00:00:00,2017-11-25 16:59:50
200,28642ce6250b94cc72bc85960aec6c62,e239d280236cdd3c40cb2c033f681d1c,5,,,2018-03-25 00:00:00,2018-03-25 21:03:02
201,4656b8ed41c17f6be05e911e211ecd8f,7bdfa70c4049e7319a3182997e27cb95,3,recomendo,Comecei a usar agora ,2018-05-08 00:00:00,2018-05-10 13:57:17
202,3a3ea86822a881a0e7c2245b37472eb9,02bd92abe094825e0683bacaacb64285,5,,,2017-12-15 00:00:00,2017-12-15 21:51:08
203,7c3ac85dbe77e3a5710651ffdf18657c,839b18549775e2e18c8af2ef891474a7,5,,,2018-03-24 00:00:00,2018-03-24 21:06:25
204,8ef0597f9b1870cf46c81358425f0e24,d451da9b109e1786f303924d04ed72a1,5,,nada a declarar,2017-05-20 00:00:00,2017-05-22 11:22:58
205,ee4e9d8ae6c7380d34d99f6138b0c542,c42ccab83afd0e50ca0d6089596b1b8b,4,,,2017-04-14 00:00:00,2017-04-15 06:22:26
206,a60dfbe4f5ccf7fb015fd9e3b33930d1,cd383d7a5f926abfe7b2ee1b80078b45,5,,,2017-02-24 00:00:00,2017-04-01 02:29:39
207,6b341682ab39af9fa00d72d7388c903b,fd65651f855608ad1aa52ff4a741c31a,3,Nota3,"Comprar um produto correto na capa mas interno ser outro.???????
",2018-05-10 00:00:00,2018-05-11 01:15:28
208,bde35884f0abc51bddb28eb6fd181084,4709741e829775567b92abc42437b461,5,,,2018-04-10 00:00:00,2018-04-11 13:50:47
209,843ed738a1c772f69a83b391cf250932,f729e44f11c7a06db2838b465e8dd090,5,,,2018-03-27 00:00:00,2018-04-01 13:58:42
210,e4f0765c572989acb3d2d17c911ccce4,4b661d524b6f0788746514fb6f7ad3fa,3,,entrega super rapida,2017-12-13 00:00:00,2017-12-13 16:35:59
211,bea8c2d959f0d6da23896d1b37df7b60,a251664f5760915d29631e4ea0a6f66e,5,,,2018-06-06 00:00:00,2018-06-11 20:06:50
212,557ae9c16a8ea3909db2fc5a01bc5151,287b045cfe9ba0ed08308efc06c366ae,3,Suspense,"Fiz um pedido de 4 garrafas de azeite.Chegaram 2 num dia e as outras 2 quase 48 horas depois.Contato com a loja muito dificil,tanto via e-mail qto por telef.O suspense terminou mas lá não compro mais",2018-05-24 00:00:00,2018-05-25 12:23:02
213,5939898b5d2ac05454b2fe1aeecaad19,ff37040ee7efbb9709c2b4389c4c0fc4,5,,O produto chegou muito rapido e de boa qualidade recomendo o produto,2018-03-09 00:00:00,2018-03-12 10:32:15
214,e75a1e7f0e95d5eb41f6e6fa7c560821,9fbfe9199f9a0440a9f57f31c57ccc21,3,,,2018-01-23 00:00:00,2018-01-24 20:42:15
215,33dd28d996a4f17112cdacd7bbded8f8,1e94bea629f2a9ad149fc751e9880aab,5,,,2017-10-10 00:00:00,2017-10-12 22:43:35
216,87aa227006eb2fb086f3cbdaaa2fe764,352ad67deb8528562cff60c00dc6e99a,5,,,2018-07-12 00:00:00,2018-07-12 22:46:10
217,715742f4ae2149e82ead981971912530,73863aca434e1d117e45109bea6f1937,1,,,2018-08-17 00:00:00,2018-08-17 05:21:43
218,ef73c7836d8a58bb4d03c816b73230ea,1d96a7c14a9528634756937849d8467d,3,,,2018-01-31 00:00:00,2018-01-31 21:49:35
219,4140f2b38a5447bb90d453256604d8a3,78008d03bd8ef7fcf1568728b316553c,5,,,2018-07-11 00:00:00,2018-07-11 17:33:14
220,a89a2b0c2014bc49a0f87f1eedb7b269,22b1eef278d4416c1e867a55d1c39fea,5,Entrega antes do previsto,,2018-05-26 00:00:00,2018-05-28 22:46:27
221,cde97e23deec3aa11e838402378706ee,512ba2efae3409f37660ce26199b32aa,1,,"Não posso! Estou aguardando a chegada do produto que comprei!Logo que isso aconteça, terei minha opinião formada!",2017-12-22 00:00:00,2017-12-22 12:20:27
222,b2f9240b0a16650054680457ad518388,807bd7d79398132db47a02f8d49c60f8,1,,,2018-02-24 00:00:00,2018-02-24 18:26:56
223,3ff8285931cc9b54c9ad22ba78957f63,e6b23db78d4473c921fb9315e04b5c0f,1,,Comprei dois produtos e recebi somente um. Mandei dois emails para a loja e não tive nenhum retorno. Estou insatisfeita.,2017-05-14 00:00:00,2017-05-19 10:38:27
224,0d7749e6d8cf50d052f7124ac4d0ce68,23d80303690482f9b28107267da8dade,5,,,2017-05-30 00:00:00,2017-05-31 11:19:56
225,cdc5c81bd9377ccbf9cb95f05648c31b,18956b40b774d6384c8539cd61784bd7,5,Recomendo,,2018-06-22 00:00:00,2018-06-24 23:07:08
226,95e5dd3143be96fda1515602b321cd21,966d505c98ea667c11343331a5d67722,5,,,2017-08-26 00:00:00,2017-08-27 12:18:45
227,fdb0e5a14fb6456e28ce7b3b054b8843,eccb333547035c917db4396ff94c3182,3,,Não recomendaria esta loja nem pretendo voltar a comprar nela.A mercadoria foi entregue após o prazo e quase 1 mês após a compra. No site das lannister costumam chegar antes do prazo. Estranhei muito,2018-02-16 00:00:00,2018-02-17 21:35:00
228,7914fa319f12631679d1704d7dcd17df,06ecfa8dfae87263e05d953aa561603d,5,Top,Recomendo,2018-08-22 00:00:00,2018-08-23 01:51:28
229,deb6f26fd2c11c556bc9245fd9203469,997cd0cc21c4cc23cf4b07c4f53834db,4,,Atendeu minha expectativa.,2018-02-24 00:00:00,2018-02-25 11:02:05
230,6591adaa3a855d13090d5fd151ad96c2,b3e8f5b15b942cacd19dba17d7179867,5,,Entrega antes do prazo. Produto muito prático e de fácil manuseio. ,2017-08-31 00:00:00,2017-09-01 02:38:17
231,3ed2fb4d3cc7862bfa63bc388fe9435f,fa77b4aa91c0a9f2bc533e0dc380d9c2,4,,,2018-08-11 00:00:00,2018-08-13 13:48:01
232,8e9a28e03aec9af5e2c6b84b43745178,3c8aa4e17d7d0b7a6b3c5f8ea6d36038,5,,,2018-07-07 00:00:00,2018-07-09 22:00:14
233,b04bb28827ffa26870431840b2829f1c,96b8bacb04c05e3e178f33bf738f357b,3,,,2018-01-17 00:00:00,2018-01-17 23:00:28
234,3ec66627133a5ddca2ee88a81b95bb13,f7641c0de17b431a84de1c1b1cc508fd,4,,,2017-10-17 00:00:00,2017-10-20 01:10:27
235,c4a20a1d2d634f814cca9311edd60e99,1a558554b7f10eba1ffdd56ce469df63,5,,"otimo produto só nao veio manual, mas sem problemas.",2018-04-21 00:00:00,2018-04-24 14:26:37
236,81e7291e2f92b492eb0340f4406c6897,93720f5a467d2edd5e84e209e8a9a4f6,4,,"Uma das peças não encaixava, estava de diâmetro diferente. Eu tive que serrar e martelar para poder caber e encaixar.
De resto, tudo ok.",2018-04-19 00:00:00,2018-04-22 16:36:04
237,eb6d75bedecae7b3dbea11b8530637d8,00b9e0f8f588d0406a3de447eb606970,5,,Excelente produto.,2018-02-17 00:00:00,2018-02-19 16:20:08
238,593f9b33c3a4c74e37b7b7c49f0cedc4,268762d6a983092f8632e379836806eb,5,,Tudo certo,2017-09-07 00:00:00,2017-09-13 13:51:51
239,a36150969fe6bd09ed011dd78aeb0189,ef1b29b591d31d57c0d7337460dd83c9,1,,"Demora na entrega, detestei o atendimento e NUNCA mais compro. baratheon quando vendia por eles mesmos era bem melhor! ",2016-11-02 00:00:00,2016-11-03 12:04:24
240,2c303fb6b2f9c16f324f7deb88e736fe,d9fb85f3f3239e18e331c9f622d6998b,5,,Produto muito bom,2018-08-08 00:00:00,2018-08-09 05:27:42
241,43992f6d75ecc01ddd8c748b9362bc81,55b5a2fb966c36bed46f082ad6062914,1,,o meu produto não chegou... segundo o rastreio está parado em Ribeirão Preto sp... ,2018-03-23 00:00:00,2018-03-23 23:21:32
242,8b4c14417bccab81710772ecb8b23fd6,62a575a2a9f2c005b7ec7ff7dd76d5ee,1,,produto deu defeito na 1 vez de uso.,2018-08-03 00:00:00,2018-08-04 19:32:39
243,678e365210564367e0492d100b977f0b,496b982d1f2a1315fcbf81ae2fed02a4,5,,,2017-06-07 00:00:00,2017-06-09 19:26:56
244,3528296df9092b7a7b88bd036e3f8a8e,dae4fcb62b78ccf2ff3ac4d49113a8f5,5,produto show,super recomendo produto profissional de qualidade,2018-07-14 00:00:00,2018-07-17 14:28:34
245,252b934455d29ca8cc070504686ecc52,4806c15e687faabdb46ca2643cfcfa6e,1,,até agora não recebi o produto.,2018-03-14 00:00:00,2018-03-14 08:59:57
246,1b76e88159db434a903b2f6ce68e2c6a,c87cf593c8c9e0e59f1039a2bb8e5d44,5,,,2018-08-15 00:00:00,2018-08-16 12:59:51
247,62643d4b292ce733f36482b980a08ecb,22c9adee57f279cc5b0741ddabc89e6b,5,,,2018-07-24 00:00:00,2018-07-25 03:29:13
248,b736ff4204044e49e39062584d06fa74,993da8482e658ec7f1d0c6d955604936,1,, A loja anuncia um produto e entrega outro.,2018-08-24 00:00:00,2018-08-27 05:20:47
249,c7475b2c4448321756b6136327f1394e,e11c61aa2d539f826865ea728496f6d4,5,super recoendo,muito bom e rapido quando vi ja tinha chegado,2018-08-23 00:00:00,2018-08-24 18:42:32
250,e986690c0aab61c59b4e95d9faea5788,ace0c35b85db51d5c8dd029487bb9f34,5,,,2018-01-30 00:00:00,2018-01-31 10:01:43
251,44cdb9cb9c9f8d6bcea59e0b61b8df6a,1a2cff485ae2a17b68b6ccefb1ecdf93,5,,O produto chegou muito bem,2017-12-13 00:00:00,2017-12-16 19:33:23
252,927eaaaaeebc8579c91927f2d0b40049,c835e0746829dbae8bb92fb818ba654d,5,,otimo,2017-10-08 00:00:00,2017-10-09 14:07:22
253,65b934c20d632fc2df0fd4723464fa78,824d9780d0313771024a0c70fe9dd9a7,3,Erraram na caixa acústica,"Apesar de ter sido entregue rapidamente, substituíram a caixa METEORO pela caixa BORNE. Quando tentei reclamar nas lannister o sistema estaav fora do ar. A guitarra e acessórios estavam corretos.",2018-06-12 00:00:00,2018-06-12 22:36:18
254,af9e54a155c1248534f1fa60179c6393,afb1e1ccaac288ec1ab9754e2e36cdaf,5,,Muito satisfeito,2017-12-05 00:00:00,2017-12-06 00:38:31
255,ea12cd666e65ef6cfc48e7ddd8596833,93a157bd42d5aee115dbfbca895d9998,4,,parabéns para loja e revendedor apesar de ter demorado um pouco,2017-09-23 00:00:00,2017-09-24 21:45:56
256,0cffe0e5a8d15b6159dd64768d110521,5899e054139c0623eb7e33c47f32b68a,5,,,2017-07-05 00:00:00,2017-07-05 15:09:23
257,8023f946d9b261cb0ecb604703427917,f23c71439ab24ac853522e783dd7dec2,5,Ótima compra,"Entregue dentro do prazo, e com bom período de validade.",2018-05-05 00:00:00,2018-05-06 00:28:38
258,4faa35770cc4dbf5f2725bcebdd1bdc6,60c6581ec5ed9187370902a251501b8c,5,,"O Jogo de toalhas é lindo mais bonito do que na foto, amei.",2018-01-18 00:00:00,2018-01-18 18:08:12
259,c239d18d7e310e477d5e7b76b362db1d,80a2b0dcabefef6a83477204433b2482,1,,produto foi entregue com umas das alças com problemas (está faltando 1 pino de fixação),2018-03-11 00:00:00,2018-03-13 21:17:09
260,24972a8c126b024fb6344a60aaebd39f,5e791294b4404ec12340f4c938c10cbb,5,,,2018-02-25 00:00:00,2018-02-27 20:17:13
261,5cc663b86b8e633c513546914eca82d4,1e9ea7d5f669d780b187f487a03c3f7b,2,,,2017-11-24 00:00:00,2017-11-27 12:46:34
262,b3df5ccdfff218d039dd166e3da759f5,33fb6b947580ee29bd0c6babed6049c1,2,,Foi marcado o dia 14/02 para entrega do pedido e no rastreamento marcava que o produto já havia sido entregue na data mas na realidade não foi entregue. O produto só foi entregue no dia 28/02.,2018-03-01 00:00:00,2018-03-04 21:45:00
263,c11da18223114c483b887b9914045f79,468c2f34312a6d270a20c7aef082041c,2,,"LOJA ALÉM DO FRETE SER MUITO CARO . O PRODUTO LEVA QUASE 30 DIAS ÚTEIS , PARA CHEGAR NA SUA CASA",2017-06-07 00:00:00,2017-06-09 06:12:39
264,ed1abc8df9e01dae7a468e4a5b73fa2b,4c93b283893b057fe314b13138f01119,5,,,2018-06-24 00:00:00,2018-06-26 21:13:19
265,9a1ee0715c046406c61aa17f5c329f58,1882b3d31fb4a660930adb0ba04e8680,5,,,2018-02-20 00:00:00,2018-02-21 04:09:44
266,57b95e70db33ca1f983ac8d08df711b5,50f39d306a35f31046305de54b1527ec,5,,,2018-04-17 00:00:00,2018-04-18 01:35:30
267,6f885e2fd69412264d9e74e805175d53,108e1d5b7a25ff07b49e500b1c7ae4b0,1,,"Recebi bem rápido, porém veio outro produto, e não o que eu pedi, o modelo veio diferente, a cor, veio uma capinha que não tem zíper, enfim, não recomendo. ",2017-06-22 00:00:00,2017-06-23 19:35:16
268,814105994749e97a5609f7d41c165f6b,4de53bbf0a2a3bae777eb829a3145c9c,5,,,2018-02-09 00:00:00,2018-02-11 23:12:36
269,0185df4755be7045d22b951fba4a4b58,e5700a52207ef266413e9f43a7b0d5f6,5,,,2018-08-24 00:00:00,2018-08-26 22:08:46
270,b5b0dca838fa6e57dab66388f05c66b1,9e988375e80989b9914b695cd57654cb,5,,,2017-03-22 00:00:00,2017-04-17 05:39:29
271,2ac08e70bba7ad45079a8bfc15233952,814525d9a609035835b96f52ca9047eb,5,,,2018-08-29 00:00:00,2018-08-30 09:56:41
272,b83ba2a97932a8a661f5bf8eac7642bd,f464bdc3b17c2085e54b66d8e5ae1695,5,,sempre comprei no stark e estou satisfeito.,2017-05-31 00:00:00,2017-06-01 13:56:37
273,a6c58307ee35180cf0dc1d39466db359,796b04ac2c7b508683f6010238b991f1,5,,fiz a compra por tabela e graças A Deus deu tudo certo fico muito grato pode confiar.,2017-12-23 00:00:00,2017-12-29 22:56:10
274,31a346e6f2cf783b145080e2f4dc6e32,35ff30856e32d0b5a4a2abe36bc26f4e,4,,,2017-10-22 00:00:00,2017-10-24 18:12:08
275,68c49ef4957e7d9d5ce406058b4848c3,fc24b77521e400e8290a902026efcc85,4,,,2017-08-08 00:00:00,2017-08-11 10:31:24
276,f7eb8792e67d53e01a224bfa9b6802b2,a0f2f8b0523207a13f02225bc812ed23,1,Horrível,"Cancelaram a minha compra um dia antes da entrega, liguei para a lannister e os atendentes não sabiam o que estava acontecendo, uma bagunça, agora estou esperando para ver se vai ser cobrado",2018-08-05 00:00:00,2018-08-05 09:27:55
277,dd9696ded8cb3022c952eadcc83432e9,da56c7c0b595c544c33fa7d3ea80de80,5,,,2018-04-28 00:00:00,2018-04-28 19:48:47
278,036bac7dcf336feff8ee82009a67b01d,a7798126c7238a769777af04c3d19e71,5,,,2018-02-28 00:00:00,2018-03-02 01:26:28
279,4940d39efaa50e020312724f6a6e5efa,1a1ef8dc595adbce0e5d75d806d69286,5,super recomendo,produto de qualidade e eficiência na entrega. recebi muito antes do combinado. recomendo,2018-06-08 00:00:00,2018-06-08 20:47:31
280,0ab6a11e5c1275beaad02a171286c7ce,75b96a3b1a4aa70f1b20c1e86020cfd3,5,,,2018-06-12 00:00:00,2018-06-15 11:52:14
281,7bd303edd3865abe8addb98d2a2e6577,d66d818e0e5486b4382bdaad63390b53,5,Muito bom. ,Produto bom veio no dentro do prazo chegou em 08 dias estão de parabéns. ,2018-08-01 00:00:00,2018-08-01 18:52:33
282,bb066f2c00dd1116cd31ec9b250b22f0,fd146e195b9e3e00d02a5bf4208e043a,5,,,2018-06-11 00:00:00,2018-06-13 18:18:23
283,76a2c91e6bf615fe58abe97b55a19ee1,ff014de83d667807820e68d8ea975281,5,,,2018-06-30 00:00:00,2018-07-03 13:33:08
284,176cc048a52801ae90f9284cb9ec83e9,758c123811f3da2280246ba25f4938d1,5,,,2018-06-07 00:00:00,2018-06-08 01:40:33
285,cc2b21775364b08a1ee52c1405cef6fa,8624ba83187b6280c6d8b7664a5f5607,5,,,2018-04-21 00:00:00,2018-04-24 15:12:54
286,5bf1a70143253c588a56357140b572ce,ab8c4bf0204081a450dae1139f6eacb5,5,,,2017-12-19 00:00:00,2017-12-19 22:43:53
287,930654bbac6c1f865eed4e39127eac9c,2c9e182f7a193ad787c1e4dda16768c1,4,,,2018-08-07 00:00:00,2018-08-07 22:19:49
288,11caa17c5966423a2f73ded6a13ad638,15a31c39dee81bc534abff1f9b5ec6c2,5,,"Tudo ok,o baratheon sempre responsável com a suas entregas.",2017-07-26 00:00:00,2017-07-27 09:16:34
289,9648ffe0a9fe06e89225f782dec7f3ef,aa3ae718cc36bc728bd78c098dc84c24,5,,,2018-03-09 00:00:00,2018-03-09 19:35:59
290,84ae94ac7146889400b0c58f5baa7cde,39841bda2ced6b58fb455964b6ad0f05,1,,,2017-07-08 00:00:00,2017-07-08 15:56:35
291,c01eaa86159b994afb4c5eb920993ebc,16e38caa92e342c7780f68832f832d4d,5,,,2018-05-25 00:00:00,2018-05-25 03:45:28
292,4dd68a0dee5ede8a445f797c46bca436,ac706ac9421036e88d5b2c96b058aba6,1,,o acabento que estava na foto era bonito a que chegou foi de um sintetico feio com um acabento todo borrado orrivel nao gostei,2017-07-05 00:00:00,2017-07-11 10:20:06
293,4f535d7213ad272d4f5f1f849de3f441,a085154af3d68d11b256a6facc891a56,5,,,2017-12-05 00:00:00,2017-12-06 04:16:54
294,d860fd3252122f7453a5810977446a0b,a80d60911463339180881ccd9364d98f,4,,,2018-02-24 00:00:00,2018-02-25 20:02:46
295,d3026389eec4fc7f7bf2b2dc457ea02c,51c7edabb9739b6998ee68efb7e10d31,3,,,2018-03-06 00:00:00,2018-03-06 21:00:02
296,f55ac350831de6694d569e9c0176dacd,92cd4be4e992be4ab03304531ce6c5f9,1,,E muito desordenado comprei três produtos mais não veio no dia sertões veio separado e em data separada ,2018-01-31 00:00:00,2018-02-01 02:12:01
297,2b4a570df87cd63b232272dd9dcac0cf,da532e87f26c130e0b3184bdd837982b,5,,A,2017-09-26 00:00:00,2017-09-27 08:54:34
298,3fb929ba2924ff0a47858efb007ceee1,df8e5e994bcc820fcf403f9a875201e6,5,otimo,entrega rapida,2018-08-07 00:00:00,2018-08-08 12:05:26
299,4ab6671319156f978e972e2ac2c48ad8,897fab0704eda65c69520010b02a3fee,4,,,2018-05-19 00:00:00,2018-05-21 12:29:51
300,d0c2b9d96c387604a96ae43e7126cf9b,e7bf6c078fcd0eac3b977d498537e2b3,4,,foi bom,2017-05-16 00:00:00,2017-06-09 20:20:55
301,58b27f28e98acdaec89d736d8ed79dd5,e0ffd1287f544946a6a6a2dca083e37f,5,,Mercadoria certa entregue no prazo combinado. Grata,2018-02-24 00:00:00,2018-02-24 14:58:29
302,d57d9f0b3b394efb178c9a259b2c9149,d6c231f3aa416426639f25b5fe09e051,3,,,2017-12-30 00:00:00,2018-01-01 22:56:47
303,96ee030286f50f61c6d199bdfaa5573d,7920529b8621a433718e66c72a763bdc,1,,", muito ruim ! ",2017-11-29 00:00:00,2017-11-29 21:28:39
304,c29578721fec42d32a8df09c414aa4fd,04eef545c54d444825c506ba170a26bd,1,,,2017-05-17 00:00:00,2017-05-21 12:41:38
305,6280ca6a9e8c3a56b668ec8c5396caaf,534a0fbe91a806a1dc6bf09b497e3d6f,1,,Passou dos dias previstos.,2018-02-09 00:00:00,2018-02-14 04:13:49
306,2dd29dcf6f552bb7b7f3354586a31f57,e419e5015f43887f330150fd21ff60f6,5,,,2018-04-24 00:00:00,2018-04-25 00:24:38
307,f27aae43b88771cb9ebc8a6f0ab2f25b,ec6f5d9c57b5c2e41ba3ac018391ed7e,5,,,2017-12-28 00:00:00,2017-12-30 23:43:57
308,b2be7263730fe13fdea91e59192fcdde,08288e829c6b9a810a4392bbc30545dc,4,,,2017-12-09 00:00:00,2017-12-12 20:32:57
309,6df7cacfa6e7a215c43b54c952affd0f,3431f838d49b42723b060fa367b3d294,5,,,2017-12-16 00:00:00,2017-12-17 01:51:11
310,bad7323911748aeb242309d5d75d4c3e,9dd72a3853b3514932140ba93b5192c9,4,,,2018-07-03 00:00:00,2018-07-04 16:17:12
311,968989a3b5192c9b9436fe7546acaca4,6d7195bd775441e75af3f52c8c73031f,3,,Ao fazer a compra do kit entendi que receberia 2 frascos de 60 cápsulas (cada) e não 2 frascos com 60 cápsulas no total. Só não vou devolver porque estou precisando do produto.,2018-03-30 00:00:00,2018-03-31 12:10:17
312,e04acb9c4569e3bae85744ef644a780d,a2b80bbb76333d5b553483db7cc4fafd,4,,,2017-07-27 00:00:00,2017-07-29 15:47:01
313,dc92cf357f5eb4d61b6a95fed53d17e1,c277dea251cfd74bf121060769a7135a,5,,Entrega bem antes do prazo perfeito!!,2018-08-14 00:00:00,2018-08-15 17:18:14
314,382d855ffdd4f5e66594dbfb1566e96f,f506fd1443d94ad16f25a94426fb8805,5,10,Cada vez que compro mais fico satisfeita parabéns pela honestidade com seus clientes 👏👏👏👏?,2018-06-03 00:00:00,2018-06-04 00:38:19
315,d520ba19c88c06368af568b01eca482a,2d8d686ea253f4d2cdfc519f2840fea3,5,,,2018-01-05 00:00:00,2018-01-07 17:50:55
316,d126b51cf6665c5a873f58a1a8fe0f2e,1266cc122d380586b104c2f5380f1210,5,,,2018-02-02 00:00:00,2018-02-03 19:22:42
317,0c0b7bb5202b7fb05e210d55fdc619f1,73efff4d70edf5102701931188e4b15f,3,,,2018-03-20 00:00:00,2018-03-23 14:35:23
318,9e325bcfa22c4820da7d4f165c7dd49f,ab25d035abca0cb6c74fff900e926246,1,,,2018-04-27 00:00:00,2018-04-27 12:17:46
319,06aa3111724159bb69b8568181ec05c4,8458ad0c5a4b19319109dc629ac03c8f,5,,bem rapido a entrega e bom comprar com vcs,2017-10-20 00:00:00,2017-10-23 20:54:29
320,3db041dd46e9935752c691a2093799c2,51eaae3287e04efba45a51f52098fc88,1,,Produto não recomendo não ler em nenhum dispositivo,2018-04-27 00:00:00,2018-04-28 01:49:40
321,9ad64902b6c9bfad48bbe4d17e4dcb4b,ecdc847ed73d804147eb009dec3a0a0c,4,,"Entrega super rápida, parabéns!",2017-05-13 00:00:00,2017-05-14 14:37:54
322,f4eccf488aeda6650f7644379669eac8,f2be3946c5ae27518a65c37a05b914f9,5,,,2018-03-01 00:00:00,2018-03-05 22:02:28
323,46d55c27e1e3df429c64afc2392b2c6d,aa834e164d26bde6b0890bb9e70fbf9d,5,,,2018-08-08 00:00:00,2018-08-08 23:07:42
324,6aba6ff5d6b3f6762a2ad9a9f1fbdfcf,bfaea68f958681ec9d22aa2114b45721,4,recomendo,Tudo rápido e eficiente.,2018-08-12 00:00:00,2018-08-14 12:49:30
325,f5eb912253261b8bb2dc5b1a1f4e2f0e,dccf99a9f12d7217cd20878c985d55ac,4,,,2017-12-19 00:00:00,2017-12-20 02:19:54
326,56c957e848b3f71bcebd87e12b7883d7,f28b59f3a9d27b5a7ea86d0ede1b99d0,4,,,2017-10-03 00:00:00,2017-10-03 23:35:14
327,8f9aa50ee40780ba3f79614530a34ebe,729c445f5f350f88d5c9a3911d6e9bc0,5,Muito bom ,Creme maravilhoso e entrega super rápida,2018-05-10 00:00:00,2018-05-10 16:21:17
328,225f4f306d90cbc502d3c781d3015ed2,38c0b09e36d478fb62769ec5701e0e92,5,,,2018-04-27 00:00:00,2018-04-30 13:04:22
329,281d81f9c0034f6d75b24191829cc0e2,f816e2d1a8c3f47837c88fc08ba39dce,5,,,2017-09-19 00:00:00,2017-09-25 17:26:36
330,f3f77d01a24ce4da52b6f7e83e71498d,a5a83c95ed669b7ba0ddce1d761c191f,1,,"Tentando cancelar o produto desde antes da emissão da nota fiscal. Não fui avisada que estava no correio, não tive nenhuma resposta do cancelamento e nao consigo devolver. ",2018-03-01 00:00:00,2018-03-02 12:55:24
331,2fe0ca8fe19ae1ab68408a1235bbd054,1b82cfd1e6a6d682ee254b2ff4cf387f,4,,"Chegou hoje 
sem comentários",2018-03-31 00:00:00,2018-04-03 21:11:53
332,b396ba75350276a6cc1993b6627dceea,43050a51a257b17d51295e07650cb654,1,Lamenetável...,"Boa Noite

é lamentável, esta loja que tantas compras eu ja fiz e hoje não me da satisfação sequer de um relógio na importância de 50,00 reais ... um produto com defeito e até agora não me deu retor",2018-08-23 00:00:00,2018-08-30 03:02:39
333,3cd81a2d8505f10a66b5d7b8c4570923,fdf8f05467e28901dbd88f446effd6d9,5,,,2018-08-18 00:00:00,2018-08-20 16:07:55
334,5cc650061ffd7b80549a8152c95ae925,9cb31e241f37e9115ca372ccb5973ece,5,,,2017-11-10 00:00:00,2017-11-10 22:13:00
335,610a49f3e897c9295111d0a8c0d6e65b,f1eb378be592a06b8c3c6006b7d7102e,5,,Muito bom! Aquilo que esperava!,2017-12-05 00:00:00,2017-12-07 20:12:19
336,f3401a1de0c152923ba58cf7b7d2b84a,a848ecb46fe108b35dd5bd7bf4fdddca,2,Qualidade ruim!,A capa protetora não é exatamente o que eu esperava deixa a desejar no tipo material e na qualidade.,2018-05-19 00:00:00,2018-05-20 13:07:24
337,07234c593ecafa2ed6111b2f8fa8d7f6,970faa2fc574e975f2badf8b2783c112,3,,,2017-11-24 00:00:00,2017-11-24 18:29:40
338,16d40fdbdc2bb45a08f52621f05467eb,eb270c4cbf3671961f3883e8b888571b,3,,,2017-12-23 00:00:00,2017-12-25 13:42:25
339,2f048bbdf489c642c88fe993d0b0c92c,da6c1b5c9a1106ebca4a15148d062c0f,5,,,2018-02-01 00:00:00,2018-02-01 22:22:04
340,a65ee60874d8595355a95edb176d89a0,c99763ba8bcad2845131b6e9d2f203fc,5,,,2017-09-19 00:00:00,2017-09-20 00:32:46
341,ef9ef383ff6625e8e118db388ad3420d,67274e3826cb110f3d0cb45f33c2275e,3,Insatisfeito,No site o produto parece ter melhor qualidade de material e acabamento.,2018-07-06 00:00:00,2018-07-09 19:07:34
342,5e5288d0fcf91a6d5462dd255befb6de,5d1e5995e3ceddeeb9883bb9e449bd5f,5,,,2017-11-24 00:00:00,2017-11-27 11:24:02
343,9325f9b2fdf236da5f64533a9aa1934f,6c21f6a1d56c99f439fe378d0ac026f2,5,,,2018-04-11 00:00:00,2018-04-13 22:54:36
344,a0a641414ff718ca079b3967ef5c2495,169d7e0fd71d624d306f132acd791cbe,5,,,2018-03-04 00:00:00,2018-03-06 20:12:53
345,5d6f9cddc8335878d8bf20c3bd4602e8,38fc895ea0a2aa253a46a6fdbb65aaf5,5,mega recomendo,"Recebi meu produto corretamente e dentro do prazo,verificando na caixa esta tudo correto,mas ainda não montei.Produto lindo,cor perfeita,amamos.
SUPER RECOMENDO.",2018-08-10 00:00:00,2018-08-11 12:59:16
346,f4d74b17cd63ee35efa82cd2567de911,f269e83a82f64baa3de97c2ebf3358f6,3,,"A embalagem deixou a desejar, por pouco o produto não foi danificado, a caixa estava toda amassada.",2018-01-12 00:00:00,2018-01-13 18:46:10
347,3a336941a21a96535c9b70e3d28be499,b630c986ea5c14749196132407a05589,5,EXCELENTE PRODUTO,Parabéns .Produto entregue bem antes do prazo.Atendeu às minhas necessidades.,2018-07-04 00:00:00,2018-07-04 22:24:25
348,d31fe8f01470eff5b2a3668c9a328913,323ebc5450e01beac5ad45e926ecf923,5,,Recomendo.,2017-05-08 00:00:00,2017-05-08 17:29:12
349,f677a419ee4910ae12bf8cb73dc0d332,7368e14d8b9e7b886e433697b89e937c,3,,Faltaram os cabos e o manual,2018-02-27 00:00:00,2018-03-02 00:24:24
350,e3a66aca186a873365204b060e9f4931,4172088f591c8a42cad3f5ee56f678c8,5,,,2017-10-21 00:00:00,2017-10-25 11:06:21
351,4677abdc2e2e59f87b19f57edd36c883,c5ad60266a394a7f574c140c0248ec43,1,,,2017-04-20 00:00:00,2017-04-21 01:17:20
352,ed98a33c2179c13c1f50b045cbc517e1,c52439e463e5cd80125600ab8ee93344,5,,,2018-02-06 00:00:00,2018-02-14 13:31:32
353,72d7f0156c76c07c3dc9f9e04bf543d9,3dd70a36f5f41e56af19f4948fdc0745,4,,,2018-01-13 00:00:00,2018-01-16 11:36:32
354,2e21bb397364fa799a4a1609fd2e6e3b,9d7f2c9f33008498700ffdc3162878fb,5,,ótimo chegou bem antes do prazo .,2017-09-01 00:00:00,2017-09-04 20:46:52
355,0b6fafdd0e2584fe9906429c198b2b71,fd26702a3f7ee5d86580de591ff53e3f,5,,,2017-07-13 00:00:00,2017-07-13 19:22:56
356,3732a0fef379bc411b481ca65c773fa4,9b305f3b1cd4ea12832c2b90372b961e,3,,,2017-05-27 00:00:00,2017-05-31 00:37:09
357,00390430316d2ec6557b4c9b4213da4e,65e58aacdb27163c49aeb7382b07efb3,5,,,2017-03-08 00:00:00,2017-03-09 10:00:37
358,670e12015ba4dca0bc1d220aaf5c19f9,988551bc1edc4b81a7e98af061a60228,5,,Entregue no prazo produto muito bom.,2017-10-14 00:00:00,2017-10-17 13:50:29
359,b1dc9c0a9dc07b8e5040e6b99bd178b7,5b7584c36737b6035bd68d79b4fbac54,5,,,2018-03-14 00:00:00,2018-03-14 10:56:41
360,ecbaf1fce7d2c09bfab46f89065afeaf,2451b9756f310d4cff5c7987b393870d,5,,,2017-07-27 00:00:00,2017-07-28 16:57:18
361,7cae6dc895e8f5238f2300e103742ce2,68993f27a34bd02e3b2c2ebb5c41b9ec,2,,"O produto foi embalado apenas com papel pardo sobre a embalagem e enviado pelos correios. Lógico, a embalagem chegou amassada e só deus sabe se o produto está funcionando ou não, ainda não testei.",2017-03-22 00:00:00,2017-03-22 21:35:59
362,cd6f089e896732c91671704c7f51790e,fe68b52db13993f58175fa589125d345,4,,,2017-08-18 00:00:00,2017-08-19 13:16:38
363,5e5ae81fbed794a34c7b44744b168a5f,fb1d2527c581c02fc24ea10dd0a0a012,5,,Acho q deveriam mandar por sedex ao invés de pac,2017-07-26 00:00:00,2017-07-27 00:12:23
364,af41ee42a3e2dc767023449fda6c12fa,762955db358210db24103ff9ce1ddda7,1,,"Última vez que compro pois hoje vai fazer 1 mês que fiz a comprar e nada, e se demorar mas tempo de entregar estarei procurando meus direitos contra as lojas lannister e a targaryen.",2018-03-21 00:00:00,2018-03-21 15:32:51
365,2cc511ac46694596bf61ffb6fb37cffd,2a02e0744a44c3062272575a439947e4,5,,,2017-07-13 00:00:00,2017-07-14 13:16:52
366,7d6004d7847ccfef51fb4110ea0e7c57,0a76ae785560c5882874b2738c60d958,5,,,2017-08-18 00:00:00,2017-08-21 12:23:58
367,cb929ffa8e05eedbe07807f1785c96dc,a90caee2f02cc59cf28469ec71681116,5,,,2018-08-28 00:00:00,2018-08-29 02:35:31
368,583a79ce422d7528e70e32599dc629b6,a45ffe76ca47f57a1cdaf4d39b84c37d,5,,,2017-09-21 00:00:00,2018-02-14 10:53:24
369,d28138dcbee5d50ca9dddb812d21ce85,134bf8fea9ec1583380780902cf0dc7c,5,,Lindo... Só faltou instruções da troca de pulseiras.,2018-03-18 00:00:00,2018-03-18 16:55:21
370,8f2351d96356b9690bcf1d67a90946d2,cecf84099dc3067ec87149ddac39105a,4,,,2018-05-10 00:00:00,2018-05-11 03:41:11
371,51ee9f6af4666ad0580d383972449d76,644da50308e4b34f47ea4a9c82557863,5,,,2017-03-15 00:00:00,2017-03-17 11:24:26
372,cc4e1115d5c84efa5976f12404569949,c81d1d3f8deeded6af5d352021b5a188,5,,"Produto exatamente conforme descrito.
Chegou bem antes do prazo!",2018-04-04 00:00:00,2018-04-04 21:30:47
373,bc4ece7c3e5388f72210c37b9c3f4aec,9764b03686753eaa7ea549fa0b805f75,4,,,2018-02-01 00:00:00,2018-02-01 20:35:08
374,6efe3259e652cfcdcbb3bd4354685a6b,e55094da7605b6e7fd370e4a4be7194d,5,,,2018-07-01 00:00:00,2018-07-03 19:17:11
375,e64d7999244ae8b7f4768a3b5d52a509,eb3e838f029e2dd36256fecaeb49b999,5,,,2018-05-10 00:00:00,2018-05-11 16:42:29
376,6a3a1e039166db075645a70276453f9b,9af977c382c0327169fc10939881b472,5,,,2018-01-09 00:00:00,2018-01-09 23:45:46
377,d790573210817a72d63c85395a9ebab2,f1102aaed56d382cca01e04bec7b9910,5,,,2018-06-22 00:00:00,2018-06-23 13:01:12
378,c5728419249a98ac26289f3959bd1436,d4f63c1e71dd7a25aaf45fd89286d760,5,,,2017-09-14 00:00:00,2017-09-15 01:18:58
379,07b48dbc11677f5021dbefcaba550ed2,0527142b56f235b4936a8573f33b020b,5,,"O produto chegou bem antes do prazo estipulado, amei o atendimento! Super recomendo ",2017-07-26 00:00:00,2017-07-27 22:55:48
380,4f2d420b33665f546c373953c8dfb5fd,523824180b3b651c5d233b761bdd7597,1,,"Não gostei do produto, material de péssima qualidade.",2017-10-08 00:00:00,2017-11-10 16:24:28
381,bfd1c687738141ef5861a1a1269ca855,409e065598ea4a9dba359d894ab0cab9,1,,"Dos dois produtos comprados, foi entregue apenas um!",2018-01-10 00:00:00,2018-01-11 11:54:28
382,6724babb3b9952660bc345b5f5a4db07,c09eea5faf2f865d54fac5b97b961a75,1,,Nao compro mais na lannister. Se é parceiro da lannister ou não essa targaryen jamais uso novamente. Quando eu ler que é dessa empresa saio correndo. Um absurdo. Quase um mês para entregar. Extra.com ok,2018-02-09 00:00:00,2018-02-10 01:04:39
383,c5efc0219f2949a8f81d5e8b39b9ca0c,1cbcc355e275e5143ab1dbf260ca14f1,3,,Recebi corretamente o produto,2017-03-23 00:00:00,2017-03-23 22:03:17
384,49744899bb4e48b476ae9bf258f85e27,1db48820d18841e3330e5721352b9387,5,,,2017-09-27 00:00:00,2017-10-03 12:25:10
385,50b88e7c4f0429b5286b130ed45df434,e907b53c6245de45677494c2348dc8cc,5,,,2018-07-11 00:00:00,2018-07-14 02:42:00
386,5442f4e36faa9fd2ed031c645a9d9acf,043f43899c67438005004d160d18f55c,5,,,2018-06-20 00:00:00,2018-06-22 21:53:48
387,bbaea454f8f4fb35f22b2de3936e4df7,426ae4dd4be2e6836ef89763d45f2149,5,,,2017-10-29 00:00:00,2017-10-29 19:56:55
388,adc4fea911985359440efa7be5bae99a,db29d18874ddbb8ca9f062c7b801a4e6,5,,,2017-07-21 00:00:00,2017-07-22 00:47:50
389,830cc72c5691e78c2cde500865e21e65,6ce409ae9fc35c1c78c3190b660a23b4,5,,"recebi o produto dentro do prazo informado, ainda não utilizei.",2018-03-24 00:00:00,2018-03-27 12:24:58
390,413250ca031f857142bcbc3f27d14532,6d87523e95d5670f7bbd10a46d5d70ab,5,,,2018-07-07 00:00:00,2018-07-09 15:31:01
391,8a310b56e4d05a7786d23986a1a49ae9,c5a47daec61dfde191baca4e5c10668f,4,Recomendo,"O pedido chegou antes do combinado, muito bom.",2018-05-08 00:00:00,2018-05-10 17:19:17
392,d44b85fda6987ad606e1b7c62dd481e4,87ecc025e6e05e1bd65706f6d689856c,4,,produto entregue conforme anunciado.,2017-09-05 00:00:00,2017-09-06 12:31:09
393,6b1de94de0f4bd84dfc4136818242faa,92acf87839903a94aeca0e5040d99acb,5,,,2018-02-16 00:00:00,2018-02-19 19:04:21
394,5c1ba09de5c746017d406bd2cfefeca3,327eb42fa668b532239f44713415a37a,3,nao entrega do produto,recebe apenas 01 peça do produto! estou precisando da 2 peças restante! ,2018-04-26 00:00:00,2018-04-26 13:36:47
395,5fb1fed9d3ca845936082614bd07cec2,1bfde5e32fa7b177c2c0f313c67ee333,5,,LOJA 10,2017-11-14 00:00:00,2017-11-16 09:21:29
396,700135724fcdc3170960fd95b8fb5904,bf013ab8da2ddc44737310fb1f58361e,4,,"O violão que comprei é lindo, porém a cor do adesivo não confere com a foto do ato da compra, mas aprovei.",2017-06-22 00:00:00,2017-06-22 23:54:31
397,5d1dc174150fb6b247ffbceb2090f077,28dee43776d6b4f40164b3dfabb8abe8,4,,,2018-02-08 00:00:00,2018-02-10 22:17:29
398,b54c1776f5955ced2f54c711c665a025,520a772c685704aec515546f7a098ea9,1,,Nem fizeram a nota fiscal ,2018-01-30 00:00:00,2018-01-30 02:34:26
399,264527c876f418e7b43e09f0079942e2,ce136deab0b93414db6536909873e31b,5,,"Chegou antes do prazo!
Produto excelente!",2018-03-06 00:00:00,2018-03-08 21:29:27
400,b543affbc59262ffd186c14471b19293,604d751f2a7e1dbdc206eec36e4bcb81,5,,,2017-11-25 00:00:00,2017-11-25 18:16:18
401,7509021b9e9ee54c57408792e0a91d5b,fb085529373f03634a84fa2358deedcd,5,,,2018-05-07 00:00:00,2018-05-10 07:37:59
402,bce71f23ce115a0ae6d292ffed50b0fc,bea8e045e01a9594d652427ef4ae7236,5,,,2017-09-06 00:00:00,2017-09-08 10:58:48
403,55e8dbe55085ca8c565f00d87dc07777,7b5004a23c4918b7c96c9d0cfd6107b6,5,,,2018-08-14 00:00:00,2018-08-17 11:48:14
404,d6c0b888949f0c3f236d67f588913930,4cd9478b63edacb631dcf780b036b157,4,recomendo,trabalho com profissionalismo das lojas lannister. indico com certeza,2018-07-01 00:00:00,2018-07-03 22:47:44
405,89ce1bf13facec183ff6e592ff4e305d,ada32b6f0cb6b0a58d13dc20a423f2fa,5,,,2018-07-27 00:00:00,2018-07-28 01:37:36
406,5cb4c44204ec343a1f49960a6359d29e,b00122d54463704c33f4768470c6db03,5,,,2018-01-16 00:00:00,2018-01-18 21:28:35
407,8dbb6fde7a7415595ef18047707f2f42,031cf625cad56f5761e51c2675f0c0ae,3,,,2017-04-05 00:00:00,2017-04-07 19:16:11
408,f4d2c6ed9bebda9d41573e30f3d629b5,544789a536e56050d352f95b48062912,1,,"O MP3 player não funciona, mesmo trocando a pilha diversas vezes. Tive que devolver.",2017-11-05 00:00:00,2017-11-06 13:54:54
409,91283389ca8846dd242990c799a85f5e,b70e6b353379423761497f0d95376da2,5,,super recomendo o produto que é muito bom!,2017-08-17 00:00:00,2017-11-05 15:18:55
410,5159ec80ded330546c2f4a3d23c911d2,5420abaef4ca382f6916df704a0d54b0,5,,"Pré treino muito bom, um dos melhores do mercado, se não for o melhor. ",2017-10-07 00:00:00,2017-10-07 23:01:25
411,308400be88a43702db20fbb71b6cff74,752c20debb41dbddf6f5898e8d83e766,4,," A loja postou o produto de e mediato o correio demorou um pouco
",2017-07-11 00:00:00,2017-07-11 23:20:14
412,557d0e6fe3a03460bb041cd5b3f7427d,adde6f841dc05dfe3899ed053001e5bc,5,,"Sempre compro no stark e sempre sou bem atendido, site eficiente e produtos de ótima qualidade, recomendo a todos podem comprar de olhos fechados! ",2017-05-24 00:00:00,2017-05-24 23:06:01
413,513f392b12d02aef2c303846b4710eb6,e48bf703c3d5e80776e4d036425edddb,4,,Muito bom desde da compra a entrega td direitinho e rapido,2017-09-09 00:00:00,2017-09-10 09:39:03
414,949127f36b466d3e93a6f3688062cd77,6d2fbf76787b9f35b1f3c3835a8a6a01,5,Captador Presys Blend,Tudo ok!,2018-08-04 00:00:00,2018-08-06 12:54:45
415,0a5c119c75e7f8dd3fff7b6ceaa0520d,a5286db4d5cd7fc8c7d997f24a7fe85a,5,,,2018-05-16 00:00:00,2018-05-17 11:24:09
416,569b98a8c29163ba9a63e082f88554ad,1cf0fc2c07de89a211f8dcf9ff5af15b,3,,,2018-08-17 00:00:00,2018-08-19 19:24:52
417,755509047344db65b4c12fe56626765d,08d7ec7381dc51d41a0e4d86314b7a98,1,,,2017-01-27 00:00:00,2017-01-30 17:40:30
418,0e45ed9cb534e20473b8e7e5c6c0ec36,cb9988b1ddad2cfaf954e9ce3fec266b,5,,,2017-11-29 00:00:00,2017-11-30 11:26:53
419,341ccd0a62b82793121e9ebdd1eafaf9,adad66be45caa015d25e03ed17610197,1,,A targaryen não é de confiança não entregou a minha compra e colocou no rastreamento do pedido que foi entregue no dia 14/12/17 empresa falsa quero receber meus produtos que foram pagos com boleto bancari,2017-12-15 00:00:00,2017-12-20 07:55:39
420,396ca63a1ddba5ae532c35316166b90f,24b41566e32a4a737536859707517572,5,,Entrega e qualidade do produto de acordo com o esperado.,2017-09-12 00:00:00,2017-09-13 00:32:24
421,6d1e743b69d68d1864f8cb45e74be0d2,93e56c4866b1bca15316f565c387e573,5,,Excelente recomendo,2018-03-27 00:00:00,2018-03-29 00:36:18
422,0272d07f5d34a8c3d31272e7ff967e7b,c862d307944b0dd344a6e4310a345564,3,,"A bolsa e muito bonita por fora
Mas dentro não tem forro 
E é bem fragil 
",2018-01-23 00:00:00,2018-01-24 18:21:11
423,772d77869ce0505a42077a4429385c9c,e03e8192ecbedf3c6493ae3c01ba21e3,1,,,2018-07-14 00:00:00,2018-07-15 17:03:22
424,6abea4c4b1531bbec985bb7d12100084,b296bc0dc4e73e99c3f6196a1b97b9aa,5,,,2018-04-13 00:00:00,2018-04-15 16:12:13
425,98f60bb6431350ec0e50712d35fe3c42,3e34f8c0022e2a7093ae49d16555e06b,4,,,2018-08-16 00:00:00,2018-08-16 20:49:21
426,320ae91d4c5cb8164c168fc68392a5fb,934e266bc66e8ed5bba8266dfde60175,1,Produto pirata!,"Quando instalei o cartucho de tinta, a minha impressora indicou que o mesmo estava vazio, e apresentou a mensagem de erro ""!"" em cima do marcador de nível da tinta. Já solicitei a troca. ",2018-05-22 00:00:00,2018-05-23 01:03:33
427,80d8874af03512892908e3910ca8ed00,20643f3f5e6c738074425d5ea256551a,4,,"muito bom, recomendo o produto.",2018-04-19 00:00:00,2018-04-20 09:56:24
428,b8280763df2c00669afb46f1af0ebfa3,c830f223aae08493ebecb52f29aa48ca,5,,,2017-05-06 00:00:00,2017-05-10 18:41:27
429,ff3a1044a7a8dfad3e9c8eae2a39420c,09744659d8e64274cf91bb288d9c3aec,5,,,2018-07-31 00:00:00,2018-07-31 22:16:27
430,6d7d0a5e33c92adf782b137720eeefa6,d9aefa5d4ccd369c783f5121e069a470,5,produto fraco ,quanto ao site não tenho o que questionar! sempre cumprem super o combinado ... recomendo sempre! mas o produto é fraco.. ,2018-05-11 00:00:00,2018-05-14 12:04:52
431,38c98ef587322a45982db574240ce197,7ee7410ad49b716a783af62488071cb7,4,,,2018-05-26 00:00:00,2018-05-27 13:54:36
432,5f8ed42b9eee8adbd7344caca4ca507e,05ad071b550b1cf2815e8bf3bec3291f,4,,bom em todos os aspectos,2017-05-20 00:00:00,2017-05-23 10:43:03
433,957011305e7a4b6c8a266eeeb8e0316d,54b4da510fed5dc3cf3e7a8e50a5f224,4,,,2018-03-10 00:00:00,2018-03-10 23:35:51
434,841be81ef8745f0be793d1f6a2d659e2,6c93ca822cc626b24dfbda211ce26e53,3,,,2018-02-24 00:00:00,2018-02-27 01:53:56
435,5e7f729172c3cc27483e4083b4456363,9730a429f7355c2dcdbcfef54b638172,5,,,2017-09-26 00:00:00,2017-10-04 15:20:37
436,142f69554c6042f70a2f2eb188d51647,c33421c96efacce72747c9208101259c,3,,,2018-08-02 00:00:00,2018-08-02 18:50:40
437,f96d1a466e5ab6e27fdc40c535ce622a,41af01777ef42cf0c9fd74b31dccb367,3,,,2017-03-04 00:00:00,2017-03-07 15:59:25
438,a85be88fe0344d5fde7ac7a89d7a3f85,df14f6645d1232e2c0e88fd8566e0a87,5,,,2018-01-16 00:00:00,2018-01-23 00:42:26
439,25bcaf0f4b36906d045ef18cef5aff7e,ffd7f21b9b4ea30d3536d4cadd19fa42,4,,,2018-06-06 00:00:00,2018-06-07 02:01:20
440,e5a35475f7efa7f6abac5febba3fb464,7dd12269fb63d70af90a488dc5e90876,5,,Até hoje estou satisfeito com a sbmarino,2018-04-17 00:00:00,2018-04-19 20:58:25
441,40b106fc4843b980b73307d279e18126,2c8ed3dca8e0a057095326257777dda2,5,,,2017-12-07 00:00:00,2017-12-11 19:11:23
442,13cf90d76f1ffc624a83f3f9ddd62c36,9f96fbe1882a78b811357299fc5d6c8c,5,,,2017-10-03 00:00:00,2017-10-06 02:33:19
443,b92b5b1122f1298b87bc7882115db417,e30b9cda599826e24ad3f5eddf966583,1,,Não foram entregue as duas capas de couro compradas. Apenas uma delas. Aguardo a devolução do dinheiro ou a entrega da segunda capa.,2017-08-12 00:00:00,2017-08-20 16:13:44
444,554f6545765e5c000f1751682dd00158,c0f3e5b46a6f8a899bb3a9de4afd5525,5,,,2017-10-15 01:00:00,2017-10-15 22:24:11
445,92e62e4f3ea203ac193f3271d85b11ea,061295e635460bf36f1bb41bd54fd2d2,5,,Gostei!,2017-12-20 00:00:00,2017-12-21 00:39:53
446,1d48440f56a4f15d77636aa8fb5ffa91,53007e0777fa3fb5e536c05a83b50198,4,,,2018-04-24 00:00:00,2018-04-24 19:42:22
447,a8775d35b08b1f3a66c4c0e2e7612be3,9dd961aa6268f666f626787499250308,5,,,2018-06-26 00:00:00,2018-06-29 13:55:16
448,35fabb1fcea11c86ba6dbe8280d8d0de,31c2a4ddeb6a9db03922009a2dfcb254,3,,,2017-11-04 00:00:00,2017-11-05 01:28:10
449,beba9c30bcf506be5ec319079bf4530d,bd5b7e9241d5281b1d7e865b489d6ddd,5,,,2018-01-05 00:00:00,2018-02-01 11:08:42
450,5e20ad4da852f44644a83c56fc8cf40c,ffde92ba447b33a47d1c04d203f10f41,5,,,2017-12-06 00:00:00,2017-12-06 21:30:08
451,b189da69da7ab9594434aae851c4945e,0a178d660889f4e9ef1087483fd6ce9d,5,,,2017-03-29 00:00:00,2017-03-30 10:36:53
452,b3683d55b0b00087770fb285993836fc,bbabc62c81566b606962e10a6f96e9c0,5,,,2018-04-19 00:00:00,2018-04-21 21:48:41
453,c1e58877b092e29f93d7c069903b2281,4b219c12fdb241d6c04908f66f8133bd,5,,,2017-07-27 00:00:00,2017-07-28 10:54:02
454,65ae8d76b828fca356d186b36394a853,c7112d33d777ec13eb958ee0dbff02b3,5,,,2018-05-01 00:00:00,2018-05-02 10:51:09
455,f922b9d00a755863556181c1a366193d,af168723acee7d4de0144ad5361f547d,3,Nota 8,"Fiquei feliz com. O tecido ,mas acho que faltou o lençol de cima para ficar completo , espero que logo lancem.",2018-07-07 00:00:00,2018-07-09 21:54:31
456,49f6f0bbf53f6d961deefc4d2fb0a6cd,4b9d1bbbeed0481ecc124c66e355896f,5,,Chegou antes do prazo é a cabeceira é linda.,2018-03-07 00:00:00,2018-03-07 18:12:58
457,d0d5bd829045a78ca12fc12bdcd99fce,a5e7e590a77dc838c0311d33e0c88abb,4,,,2018-07-03 00:00:00,2018-07-04 17:42:43
458,0cbf25a6f560a835e79fb8d24a5926c9,8538cceabb941edabecc8ac62f6813c9,5,,,2018-06-07 00:00:00,2018-06-07 20:49:28
459,7c43af1205ff01c2b95065b2b02b3343,bc8f3e9818eb33025b36bc379eebc6e8,3,,"Houve alguma confusão entre vendedor e o stark, pois recebi um email do stark pedindo o cancelamento do produto por algum imprevisto na entrega; neguei e recebi o produto dias depois.",2017-06-09 00:00:00,2017-06-12 11:07:41
460,c1fa48f2d7ccf958a2811046e8f40aae,c535905a60628bab8a2b2a69375180ed,3,,,2018-06-07 00:00:00,2018-06-09 19:56:15
461,1c7ad305ba86c8bd0b6caa163fab2d49,9f8ccad2702a1ddd203c159ba49e3018,4,,,2017-09-20 00:00:00,2017-09-20 23:22:26
462,03215247632c5bc4a925c524d0a154ec,326498d34ca452ef02d49a1cc8069b1e,5,,,2018-03-14 00:00:00,2018-03-15 11:32:21
463,3140a4eb146655fe104d54d385f9e9a0,50ca437944c60d3b838ce51d74a464b8,5,,10,2018-01-20 00:00:00,2018-01-22 11:02:18
464,6b15d200f47b4e13b03d237fd0b1894e,b78daf077b6b98f10302642e4c657877,5,,Gostei do produto chegou no tempo certo os vendedores estão de parabéns,2017-06-15 00:00:00,2017-06-15 20:18:40
465,9072e81ff1f444c1d074eecafb27e15f,24750706d247c4d573cae75ee4372c59,3,,,2017-06-14 00:00:00,2017-06-15 00:41:21
466,2b7988978d952d5aa576c37fdbd583fe,edcaded448abfc7302a12be6f10cbdec,4,,,2018-02-27 00:00:00,2018-02-28 00:51:45
467,c25f2dc8ab33facf7a72f76c8a47d75a,613664f2d7289e4a0898d9bfeb426db0,5,,Atendimento excelente,2018-01-05 00:00:00,2018-01-08 21:16:45
468,fa82e03e20dd362ebe83572fc81398c7,52ef81c49a349b1162a7bd4a8c2034e4,4,,Gostei ,2017-05-03 00:00:00,2017-05-04 11:50:29
469,5c8c7331ba6324416bdfecdb7f3e4255,1da63677fa1ab2793e98f11327b5756a,5,,,2018-02-23 00:00:00,2018-02-23 20:10:06
470,2319bec0c9468e54107a857ba7cd52f7,7ddace81184c314bfaf0e0632b130f8f,5,,,2018-03-19 00:00:00,2018-03-19 22:08:10
471,f8499130452fd0f108a9a24454f51c32,730308f506bdb6d00878bc7cce6109f9,1,,No dia 19 de maio usei e a à alça quebrou sem muito peso ,2017-05-19 00:00:00,2017-06-01 02:03:49
472,72093b147d797e6abbdf569bf07bf57f,e996c39018a2d8a9e46fbbbbb10ee3a7,5,,Toalha do maior campeão do Brasil maravilhosa ,2018-01-31 00:00:00,2018-02-01 02:08:00
473,4292f07bf6cb46aa563a430e6d9cf10b,7ec4063a8ed5b8e7ab1b7bdd7951ffa9,5,,"A entrega foi realizado muito antes do previsto. 
Bom produto...estou satisfeita",2018-04-20 00:00:00,2018-04-20 11:17:21
474,7e6becdbaed9bd20e60602d1f8c2b4f9,acf6e912a8db79e50ddd2fe14628e89c,1,,,2018-08-15 00:00:00,2018-08-15 21:08:00
475,92bacfcc605457584b966d8c77f4176d,31282ee0054022835d9fcedb4efaee01,5,,,2017-05-12 00:00:00,2017-05-13 01:55:18
476,30408a1ffffab184f8e5d14bccc9a667,bf4224a194089b88ebdaeda0a49ca9ea,5,,,2018-05-04 00:00:00,2018-05-08 18:56:23
477,1545c0d2c381662ba869e91e4c1aaca1,c589bcc1414f7d7d949f353b1d1a45d9,5,,Até agora tudo bem estou esperando a entrega do produto,2018-02-04 00:00:00,2018-02-09 18:44:17
478,a6bc40c95bd18c5647ec3730af377433,6649d935be7a1df58b2dc3754fb17379,5,,,2017-08-02 00:00:00,2017-08-03 13:55:16
479,032cfb72d792d30b6181b482d85f8d1a,c1ba0776bb79a0826691352f8d6ea4e0,5,Tudo certo!,"A compra ocorreu como o esperado, desde de o pedido até o recebimento do produto. Tudo bem certinho. ",2018-07-12 00:00:00,2018-07-13 02:40:10
480,004580d2657b221e45f84f4169675ecd,049ede3fc839758e81752a9dacd1f911,5,,,2018-08-11 00:00:00,2018-08-11 18:03:41
481,645e0b533dd83397a07db50af11b3fff,359dfdef7cf4ed1003c2a0463eb431ba,5,,,2018-08-09 00:00:00,2018-08-12 01:43:29
482,bd1c85f148677d00cd672df0d05d473d,d73bf025952ff50e52729bd60ba12f28,5,,,2018-08-10 00:00:00,2018-08-13 12:57:40
483,67c79a3a4b7d8e4fc8590fb8ca4d3f8a,6b5c527f8d210097a9cfaddd7bf4ec94,5,,"O produto foi entregue antes do prazo.
",2018-01-10 00:00:00,2018-01-11 12:12:05
484,36bbb1ae000efabd9bfe4e1923a159ff,08cd10d946b1fabbe08d3ec8dcab8777,4,,,2017-08-19 00:00:00,2017-08-20 04:23:19
485,4af0a1c0b0cf31b528e6cab99baec2af,15182308be26817f3df02cb049167836,4,,,2018-04-13 00:00:00,2018-04-13 20:11:40
486,5fdcb2a2c4de7fbbf5715788535f4a96,058350ebe1e9c9b426d1331b4b6063d1,4,,"Gostei muito do produto era exatamente boque eu esperava, entrega dentro do prazo, parabéns recomendo a loja",2017-03-31 00:00:00,2017-04-03 14:38:12
487,69e5dd2882a9e8cc92609e34aaa923a1,828cb23d35630c92b140ab22ff23c485,5,,,2017-11-02 00:00:00,2017-11-02 17:45:54
488,8eaebf463e205cdcc126801ca343a33f,7977e307a9ea263c2cef8cdc9ccbbe26,2,,comprei o produto na cor preta e chegou na cor vermelha.,2017-04-11 00:00:00,2017-04-12 11:14:41
489,ff9f8a64551756628d32142775149748,b5c0376b6e5f1f85b97037f72d2424f3,5,,,2018-05-31 00:00:00,2018-06-02 21:42:50
490,9511accce19c18957964cfeaa779761a,d2a1c1e78726b6c25a324476d86f57ed,5,,,2017-05-23 00:00:00,2017-05-24 00:41:50
491,479fa222f376edce817d980030a0f493,a9a6fd3ca2e803548ec0685c9261a4e2,5,,,2018-08-21 00:00:00,2018-08-21 18:08:12
492,90febfe6ab599694729eaba46be1d3ad,a1ea75ae7c9c7bb3f5b51a9ee910de31,5,,"já é a segunda vez que compro nesta loja,super eficiente entrega rápida e antes do prazo contratado, produto bem embalado , Nota 10
Muito Obrigado",2018-01-26 00:00:00,2018-01-27 20:03:09
493,380884f53f113319198a99516da2ada4,109294a0d68947b6b49c0a59a8f951cd,4,recomendo,"otimo
",2018-06-17 00:00:00,2018-06-19 19:48:57
494,572ffee0005ca2a59bf5be1b0c503c23,dcccbd535ac6be4884373971fe2cf444,4,,,2018-02-16 00:00:00,2018-02-17 11:38:43
495,b50001aa0bbd7557c4ad80eee167a2a1,daece90b61801c766fe21e0922574566,5,Ótimo ,,2018-05-05 00:00:00,2018-05-07 17:12:36
496,5fd2d6fbe0e63511703a80078e938be5,993f3fc78c8cdf418bd5b0f7cfffcaa9,2,,Pensei que a mochila fosse um material mais resistente.,2018-08-22 00:00:00,2018-08-27 17:58:12
497,f5341e7a7371be7c0730ccb38420f662,2228de938a229c135ae3bd0bf71a128c,5,,,2018-04-28 00:00:00,2018-04-30 12:00:49
498,505a882ba08a689682a4afc6eb4e5965,1c308eca3f339414a92e518e2a2e5ee9,2,,,2017-12-28 00:00:00,2017-12-31 20:25:02
499,ed2842d0aa7ac6285c7547d17f17da4d,26874945bcbf47606ab08580cf923693,1,,"Comprei um produto e veio outro.
Mandei msg informando o erro , porém não obtive resposta.
Obrigado ",2018-02-22 00:00:00,2018-02-22 22:01:45
500,b9bc677ac0e014a1c9f2340ea72f17a1,b154b6c273af25ad4864ee4dcf0e47b8,1,,,2017-09-22 00:00:00,2017-09-23 09:49:36
501,9a8d24623d56c13f950247baa73f4c80,25a178eea0cfa9b0489aa1d8294423bf,1,,o produto demora muita para chegar !,2018-03-10 00:00:00,2018-03-15 14:01:32
502,4ce5d5e8fb0dd288ae6db8af3b2214ab,16ee199eae699a717d29b7135597f94f,4,,,2018-04-18 00:00:00,2018-04-21 22:07:16
503,8fa0fe324426c676a8989ec7815a036c,7758cf0b4302587a9628d90b58d56dd8,1,,,2017-03-23 00:00:00,2017-03-23 18:31:14
504,bd59d767a308e2a99679da8ddc7cf280,e6b1546a7ed77ba5ca2c2077aafd3c97,5,,,2018-06-20 00:00:00,2018-06-22 22:52:28
505,4b4f1f1ad3fcac5ed98109ed67b1d072,5b5043f6dc2ed04c3956162d98ee4005,3,,"So recebemos um relogio pelo correio

att
",2018-03-17 00:00:00,2018-03-19 15:01:25
506,ca5b86a1423e560c086b5a2a06c9f702,3d48d7055649a7d98f6a19f781314830,5,,,2018-03-26 00:00:00,2018-03-26 19:15:54
507,3bf0ea69585fc6f58724858685a4fdde,36a5f7874214018b33203105921b523a,5,,,2018-04-08 00:00:00,2018-04-10 20:10:25
508,b34f4a786bf00b7c8486141ba482783b,b2501eb5c292d415f52576b3d4b5de74,3,,,2017-05-04 00:00:00,2017-05-22 12:02:34
509,81bd904318b21a7a431fb17333d6d75f,b63d5080c2de46861754004d25ae9362,5,,,2017-08-17 00:00:00,2017-08-18 12:30:36
510,81648dc10c6e3f763cdc0dbcd073d055,6e7e891760708803a2f4203981f2d69d,1,,,2017-03-19 00:00:00,2017-03-21 13:32:54
511,6d5cbd66b8b52a035e44276fdda28797,60ddc3cf31819e316702f9ede42e26c7,5,,"entrega rápida, produto conforme esperado",2017-04-20 00:00:00,2017-04-21 10:54:36
512,f74dd1cc5d081bff126d062eec26f695,4a359800ff0688de3eabc92972987238,5,Otimo,Tudo como anunciado....Ótimo produto...,2018-05-11 00:00:00,2018-05-12 09:51:46
513,9d14b1424ca737608bc50f9d3c1a78bb,04ad8c8d81d4c6b6936947bfe41c20fd,3,,"Produto de boa qualidade, exatamente conforme anunciado, e o preço baixo é uma atrativo a mais.",2018-03-20 00:00:00,2018-03-21 03:11:29
514,9ba260ed7e6a228e5e9910e035a70c7f,2b7f34e9b0b9eba10050d725278d8609,1,,"Somente foi entregue uma unidade, ao invés de duas.",2017-12-13 00:00:00,2017-12-15 18:37:47
515,a3d308c5563d93a99c7896bf7ff94e80,a80aedf3acd66b4cd4f63901251af78f,4,," adorei o produto;; recebi antes do prazo combinado ,, ficou muito bonito",2017-05-10 00:00:00,2017-05-15 16:23:26
516,cf5d3abbc10e5f4de160732fe03432ce,550a019d25590b5b3b6d31c0fd3edbbb,5,,,2017-04-12 00:00:00,2017-04-13 00:59:59
517,3f71ee62eb5acdc9b5121f6d99901583,e2f6cc7f7084110fd5473cfdae918307,5,perfeito!!,Muito satisfeito.,2018-05-01 00:00:00,2018-05-08 04:00:00
518,668aad714767396c2b7d949a27913bb7,b4138bbc55ffe9ddeb824f7e3068fc50,4,Lol pet,Otimo produto porem caro demais !!! ,2018-07-03 00:00:00,2018-07-04 00:57:26
519,58406c869aee1279738d424c782197dd,d41ac75d7d2093a499ca5d7252a3e3a0,5,,,2018-02-27 00:00:00,2018-03-02 00:28:49
520,ddda0fa55fc550a8f14f6ae00652fcf9,bef6f136b891658b2b57851b5afb5c99,5,,"Produtos otimos, entrega rápida.
Super recomendo!!!",2017-12-22 00:00:00,2017-12-23 15:49:01
521,cf1917bdb6925187eb7886ad0a11e745,62b2adbcbcf4e28df4b998bfb094f3f9,4,bom,,2018-07-24 00:00:00,2018-07-27 02:00:03
522,699b866b71b5ad31f1faa2b1ab4fe1a6,43150008aa4569cfef4be756bd7dbdd3,2,,"recebi sim mais com defeito os encaixes sao dois igual e nao fecham 
",2018-01-18 00:00:00,2018-01-24 10:19:28
523,aa4ee92c0493c4704770de97f83d8307,565db683020d918f5bf0a745784b44fb,4,,,2018-03-03 00:00:00,2018-03-05 15:49:18
524,d2ab760b550d788a438048f6fca52aef,4cbf1cc60a2d1704a70e11ee8be1510a,5,,,2018-01-11 00:00:00,2018-01-12 09:53:28
525,73a58bd10f2667a04ee95df0071d5988,a5ace85930526f2e2c1f06c2d3383e90,1,,Ainda não recebi,2018-01-06 00:00:00,2018-01-06 12:19:24
526,30a4f0f115950517b46d48046b609bd1,384f8660f6bc7396d5a875b60285c2dd,5,Excelente,Tive um pós venda excelente através do Sr Renato,2018-08-24 00:00:00,2018-08-24 23:59:36
527,f4f8e13b8168880f7b713dccfd735136,9fec962af24505f0b989965945c1fc64,5,,,2018-07-29 00:00:00,2018-07-29 20:50:15
528,16e2b94c7b6c1107c0abec3a77ae3afa,3d9d7644b996a0c8a0038a70c90830cb,5,,"Gostei muito do produto, a entrega veio antes do prazo. Recomendo, fica bem encaixado no celular, não tira a elegância do aparelho, como outras as capas que deixam monstruoso com o tamanho.",2018-03-18 00:00:00,2018-03-19 00:44:43
529,0a9d200bdef258e70eb48398e1287d6d,f9dba21dfbb520ed911cebc91688195e,5,1000000,Muito bom,2018-05-11 00:00:00,2018-05-12 11:07:23
530,41b377e06cb52feb5630c3ce360cd8cd,a6711e454e2bbe3bb021ec7fcfd3c6ac,1,,"Até agora nao recebi.Comprei este aparelho por questao de saude,portanto nao recomendo esta loja.",2017-09-30 00:00:00,2017-09-30 09:09:39
531,34b00aebc110240a17917edaee0349ce,3b85cb67e49cb00b5c0a3d83592a1fc0,5,,,2018-06-05 00:00:00,2018-06-06 17:25:53
532,992023bbcd993d43bcb2137c30896d36,6f93d4fc5b38d5862f6fb366cd9afd01,4,,,2017-12-20 00:00:00,2017-12-28 13:59:26
533,cea53cba54c5c3a5d28db7b0bb013ace,b4b03edd1ede75d36cd31b38d52bc9fb,5,,"Recomendo a todos. Produto de ótima qualidade, entregue sem problemas.",2017-09-14 00:00:00,2017-09-15 00:58:53
534,557713e818e5930b6357e49ff07d21d1,17c765461652f9154943bd66875b0686,5,,,2017-12-08 00:00:00,2017-12-08 13:49:07
535,19910e37f2130c56f553edfbdc0c65fb,00b12f4674177ef40c4bdb034138c843,5,Ótimo custo x benefício,Produto chegou dentro do prazo. Veio conforme descrição e é excelente.,2018-07-21 00:00:00,2018-07-24 13:29:35
536,23203fee216a06223e8f613a700b8096,d05502e273bca7f1901d798c7d9fd403,5,,,2017-12-30 00:00:00,2018-01-04 10:13:58
537,4564316d686dc211b70511906d579588,c6984432d9f4eefb72712f14a8103b6e,4,,"o produto chegou antes do prazo, e gostei bastante!! agora meu rapazinho de 3 aninhos vai aproveitar ao maximo!!",2017-08-02 00:00:00,2017-08-03 18:40:52
538,1ff86f2ca823caab2e02507d2633081d,69ffbfbfbabf0d4360c4deb0632b6f1a,1,,"Gostaria de saber quando chegará meu produto?
Pois já se passou a data prevista para entrega , gostaria de uma resposta estou aguardando!",2018-03-22 00:00:00,2018-03-25 23:32:00
539,30aadf8886ca1e6aea4a06c0609a62c8,ec0fa4ef7da067eb3a57abd8fc504352,4,,Loja Nota 10,2017-02-17 00:00:00,2017-02-20 10:20:25
540,90c97635117ec8ad921c8ea23ec0a4f1,a518b37b54f26e19044d8706b65e8133,5,,,2017-11-29 00:00:00,2017-12-06 11:27:00
541,179ac76606aa67e8f50238e3bb1d8933,2dc3f680b2788d38f7162482b575e41a,5,,Parabéns. Recebi antes do prazo . tudo correto como foi combinado.,2017-03-29 00:00:00,2017-03-30 00:33:02
542,d49137ea593f67aa74446503e88aa91d,a50a23ee8e09f54388b66da19c633bc4,1,,"O produto entregue difere do pedido
trata-se de um produto inferior!
Gostaria que fosse solucionado o problema!
Não estou satisfeito com procedimento!",2018-04-21 00:00:00,2018-04-23 09:26:40
543,4fa8392da03c452f77faa3f2952fa346,0bb77e62d791c3e5b009815ac19825be,5,Bom ,Muito bom mesmo!,2018-05-24 00:00:00,2018-05-26 15:55:48
544,d3b4d016ccfc708c50866b550f903b9d,1905a6fa69b8fe273cc0ec81f8ec31b5,2,,"Comprei o produto, paguei no boleto e só recebi metade do produto, anunciaram uma coisa é mandaram outra. Muito insatisfeita 😡😡😡",2017-12-31 00:00:00,2018-01-03 20:49:01
545,1708bf606fae9970482894dabb9e2fa8,0fc4514962014882225600c063477bd3,5,,Entrega antes do prazo produto muito bem conservado. ,2017-06-17 00:00:00,2017-06-20 00:24:45
546,cbd63dc4f83043f2714e48fe8a83957d,6f4719ee5e7d76f4a81d919ed3927f89,5,,Produto de ótima qualidade. Adorei!,2017-07-18 00:00:00,2017-07-21 12:51:18
547,142b9ed4c75528fabceb361afe3160ca,f1e294ff3cef22b5bf945d1720dceb9e,5,,,2017-05-23 00:00:00,2017-05-24 09:52:44
548,1c462c305b8c599a6d845d30ecc0b51f,6672f82679e65c575e7d00564c1dd239,5,,,2017-08-02 00:00:00,2017-08-03 02:06:33
549,c1f198cdce8b992a9cddc3aaba11e689,bf6a2df6b944199274254f8bb0159ec3,5,Produto e entrega ótimos,"Apesar da demora em expedir a nota fiscal, depois de expedida a entrega foi rápida e o produto veio bem embalado. Recomendo.",2018-08-21 00:00:00,2018-08-21 23:10:15
550,f11d548dc1a7c713bff0b6d2ef0dff7c,0016dfedd97fc2950e388d2971d718c7,5,,,2017-05-23 00:00:00,2017-05-24 20:08:51
551,19074f5809403265fc47263ea93325ee,028d62c0fdae574114981f4fb33b5538,2,,Comprei o produto dia em inicio de março e não recebi no prazo abrindo até um protocolo para resolverem minha situação,2018-03-29 00:00:00,2018-03-29 15:32:27
552,c54629f4fc4dcf65a10efb35322ec769,06ef1c484cc535575da1724b5c6b913a,1,,"Não recebi o produto, assim como nenhum contato por parte do .vendedor",2018-05-12 00:00:00,2018-05-14 09:56:51
553,a0f06329e17ec2ed630c056bbdefdb90,6e7c58476aeeb4f0a2313cdd43477570,5,,,2017-07-26 00:00:00,2017-07-31 15:38:08
554,d10aa47a4914ed4e55ee13dc41198aa6,95d8d3c4c0f3ac475f40696807344776,4,,,2018-07-12 00:00:00,2018-07-12 19:44:42
555,1c6d1543dc13cb2465c63ac5de6cb4d0,b38eef08b40fc62c878cc175dd26cd8d,1,,Nem ratrear estou conseguindo:(,2017-08-10 00:00:00,2017-08-10 09:32:33
556,31b60e2f8f2acfe8f213ca252f1066c1,7dc5018fbc594b1ce9a945e6bcfc83c3,5,,nota 10,2018-04-25 00:00:00,2018-04-28 17:14:18
557,1f836d160f50247a394034abd93b7c24,7951fe56cf685dca47524b1986bf56b6,3,,Esperando o instalador,2018-01-17 00:00:00,2018-01-19 22:12:18
558,a835f8e62dd58cf9c07678bdd7cfb935,793d395a896de12a846ed4f345bce550,2,,"comprei um produto para ser entregue por essa loja
e ainda não recebi
pois assim já se passou a data de entrega",2017-10-25 00:00:00,2017-10-25 23:30:36
559,d92b28e1533de65ba31b2d6756a72faf,a45f5764071ee5b932d1f802e18bafcf,5,,Ótimo serviço,2018-01-23 00:00:00,2018-01-24 23:37:36
560,b66f1f980a4832698b613bcce72bb779,0de5dbc9f3226761687d84b54057efba,4,,"Ótima compra. Ótimo produto. Só senti falta de algum comunicado entre a compra e a chegada do produto, só contato. Mas valeu.",2017-08-29 00:00:00,2017-08-30 01:38:53
561,782be3066f784bbc0a5f4f5256172488,655e65fc77c14d8f715cf7f9684182b2,1,,veio conforme o pedido mais o pós venda não respondeu nenhuma das minhas perguntas,2018-02-16 00:00:00,2018-02-22 18:40:14
562,18bd431e32992cfb5c9411f75b7a9462,253acea42a5068757ac2cd3e49f8f13d,5,,,2018-01-31 00:00:00,2018-02-01 09:23:36
563,ed4872517871f01678faaa607b47f542,1a62fd2d470da1ce51e2d26cea9a44ff,5,,,2018-04-27 00:00:00,2018-04-29 23:46:32
564,1489ef235189b9e5e1a9d4308bf228bd,a0c370a65210b6a6e739cf8e302b9c77,1,,"Comprei duas mochilas, recebi apenas uma, o natal está chegando e até agora nada!",2017-12-14 00:00:00,2017-12-20 10:28:32
565,4e1405f0b0135537af069f2bf26db067,c117260dea8a83dda05418ae635e57bb,4,,,2018-03-29 00:00:00,2018-04-03 11:50:48
566,26c45530efaca67680b0df712600454a,b002315497c6c537b93652174c833488,5,,Perfeitos😁,2018-03-01 00:00:00,2018-03-01 21:51:48
567,b0ac2d014efe743e181a5e8dc9cfb8ad,483ad8e78dc16136316aded1f0602031,3,,"O preço foi ótimo, o prazo de entrega que é longo (mais de 1 mês para entregar). Comprei 2 cartuchos e entregaram apenas 1, reclamei e enviaram o outro ainda dentro do prazo de entrega.",2018-02-22 00:00:00,2018-02-27 11:29:18
568,13b95ae5195e069d47c2b585c8e9b4fa,67730eb2f9468b8c6eb20a45dd477bbd,5,,,2017-05-18 00:00:00,2017-05-19 22:33:58
569,0e5149ccee3f7414ba4d17c13f051259,fc9a5afd96050ceb0d9f12a4f8c5d9f0,1,,,2018-08-10 00:00:00,2018-08-12 21:45:01
570,edd86e0af4dc62b340c60d846643cbf9,9537e35e835d4ae6b7b219b8b2e36817,5,PRODUTO OK,"prazo foi estendido,porém entregue no prazo divulgado na propaganda. Cadeira conforme foto, vem para montar, mais fácil e linda",2018-08-28 00:00:00,2018-08-30 12:38:27
571,5b6a0d5350fe3036f41d543d06eb7a5b,7beece85fb714c481300a516c9fb1ade,5,Excelente,"Simplesmente lindo!!
Adorei o produto!!
Tamanho perfeito!!
Já comprei várias produtos, já faz anos que compro no baratheon !!",2018-05-20 00:00:00,2018-05-20 22:39:11
572,fca9e25ea5a45618c38043d7c5a0d5e7,4b50640b1e15eabd0db5c82c7c1d8037,5,,,2017-09-30 00:00:00,2017-09-30 22:27:44
573,11b7da00e5de667df747bfed746cd44f,157ca6af9e09fbc0742ec25ceb3f0f67,5,,,2018-05-18 00:00:00,2018-05-20 18:34:15
574,18abfe82de3995ac67d737ecc8189a31,3cde8944e2cad2f0494cf3f146b4081b,4,,MUITO BOM! CHEGOU DENTRO DO PRAZO.,2018-03-28 00:00:00,2018-03-30 23:49:58
575,9f47b47620392148a6b42f7e9dc6a0de,dc20710a4582a12ed1eb1504bd916272,5,,,2018-04-07 00:00:00,2018-04-10 02:32:42
576,c374da82d5c67281544168e3cfb22be3,73bf036e9d518e060d6f766d816483cb,5,,"Otimo, preço, entregou antes do prazo e produto de ótima qualidade.
",2018-03-22 00:00:00,2018-03-22 21:32:12
577,bbb937e9c2b62a2205af03e8a7fed42b,0ba01684638233b0955369c3ccbdb414,2,,"comprei um relogio de presente de natal para meu filho e ate agora nao chegou. enviei mensagens e na ultima conversa o relogio chegaria ontem, porem nao recebi nada.",2018-01-06 00:00:00,2018-01-11 10:44:19
578,ff731b3003db61e9b13f4bce22169a6e,feac81be070a43ec0bd168b52fb03485,5,,,2018-04-14 00:00:00,2018-04-20 10:25:56
579,7a22d6db88fba0b2a2415554ed9550cc,658882f50a73a92d5e716220da758ab0,5,,,2018-05-22 00:00:00,2018-05-24 21:52:27
580,77ac6288ca3e09284cb264d6b0b4d7a2,0ad0006728103ff08cda112f7940bcd1,5,,só poderia entregar mais rápido fim de ano ,2017-12-29 00:00:00,2017-12-29 22:23:00
581,624b50017953c221553a76cb6054fd99,0aa9e8581362267ddb91df2f3a64f811,5,,,2018-04-03 00:00:00,2018-04-07 01:43:38
582,284e9d66ebdec028eab3b817447014ac,f1ebfc223dc0c69af08b4810a6a200ca,5,,"Otima Venda, tudo perfeito.",2017-12-09 00:00:00,2017-12-11 19:42:42
583,3814f35a6ebd64d27e2130f30ec05255,19d1e5344936559f5f7b21099fdadd0e,4,5,,2018-07-11 00:00:00,2018-07-11 16:47:37
584,8cefe3a9813651b3fea1f07419028846,506feda6a5f5513b9d383bb59eb06674,5,,,2018-04-26 00:00:00,2018-04-30 17:26:10
585,4276cb3d2b2519d9e1d714a9905c58e4,4879204a6b45d7ba10b3d703ba460778,5,,,2018-06-13 00:00:00,2018-06-13 22:16:22
586,6da81e382fb8dd05e3eee245da7d9f67,5c25baef0771109ddfe73e4c91f68cd4,3,,,2017-09-06 00:00:00,2017-09-07 02:05:01
587,dafd8ae6a06afff04e7a38a08caa4cf6,b26fad48211e9a54051ac561925ffa23,5,,,2018-08-23 00:00:00,2018-08-23 20:38:53
588,379257bd64668acb78bd8ec29dba040a,24b4c4cdd87c3e1f9b31b96ea5422f22,5,,,2017-09-09 00:00:00,2017-09-13 00:58:37
589,5f6c597337e14b64ddfe5f7a2175d3a4,eeb1f86a9f9c08e3eb0bbb7186dccf60,5,,,2018-08-02 00:00:00,2018-08-03 11:41:10
590,ffc7f65cce6ee4435163a575704232ee,886090ba53919a880e66ccba31eb74ee,5,,,2017-10-25 00:00:00,2017-10-25 14:15:17
591,b297a6deb0afe6ada1c2b0fe0365de83,8b12069891e5fff6b77a312c835e3904,5,,Produto de ótima qualidade!! Chegou antes do tempo esperado. Amei <3,2018-02-10 00:00:00,2018-02-10 21:39:40
592,94d91bb24cb49c1e51270f27677648a1,f8718b67f7469531acea685ab46722a9,5,,,2018-07-03 00:00:00,2018-07-04 12:58:35
593,b495f6f95880a213da87b39539fefad9,1d48ff4287c2ff4e757091486fa7c6d6,5,,"Veio bem embalado, Envio rápido! ",2017-03-23 00:00:00,2017-03-27 12:41:26
594,e3521b5c30d5373a17bc384b93722b2f,c5bdb2a2ef0973dbacf33ad45e0fd91f,5,,,2018-01-24 00:00:00,2018-01-25 01:50:07
595,88b1ded591cdd8c4f48c5285c7599392,d5c8ece04dd0b02a4e72e1938194dd22,5,,Estou muito satisfeita com a minha compra e com o recebimento do produto; dentro do prazo!,2018-05-03 00:00:00,2018-05-03 23:15:03
596,7dcdffff094e4beb8bf2d77645e229c3,6949db3c04a148477159a00e408f448b,5,,,2018-05-15 00:00:00,2018-05-16 10:55:01
597,608e890852fc78c3854d83a0cfab8557,2d1f07a3af3df1ddc97efd57a74be3a9,3,,"Até agora não recebi nada, a colcha estava prevista para anteontem(18/12) e até agora nada",2017-12-19 00:00:00,2017-12-21 13:18:14
598,057c9a1e8e767d8bf6fa59ac43a82435,0adf68e8a310f18fc7e75cffa60901b2,4,4,,2018-07-13 00:00:00,2018-07-14 17:25:04
599,cb0de6745dc7d44ff821eabbc2613df9,2fa7634ce48dabd9f75b76ab8c55a9b6,1,,"Os pincéis vieram amassados, não condiz com algumas fotos, mas condiz com a descrição. São fracos, não cabem na case e um veio descolado ",2017-05-26 00:00:00,2017-05-27 11:17:50
600,0871369412bd49aef1b9f916700a9495,2e175b759e9d426f83e9b55b6a0661b2,5,,Produto correspondente as minhas expectativas! Foi entregue antes do prazo estabelecido! ,2017-11-01 00:00:00,2017-11-02 10:50:17
601,9789da30de867a89d9e05b5cd70372c1,53abe7c4aed1dfb3bf25e69723fd9a4d,1,,,2017-06-21 00:00:00,2017-06-23 19:11:32
602,1a04e92b8fa81f25ee670c02c1f15991,ab07b6c48672e9876b9f11c746d98d3e,5,,,2018-02-15 00:00:00,2018-02-19 14:09:18
603,8e373e7ef1e8482b14f5fc9eab320041,96a0411828c1774771b1c912e8dd813c,4,,,2018-06-12 00:00:00,2018-06-12 21:48:03
604,e47020cf52099bce9dc57524ea41218b,2e23a32f0160b8226732e1fab87cbe59,4,,Indico a loja compro sempre na lannister .,2017-12-30 00:00:00,2017-12-30 19:40:45
605,dad605a71e59cdef6fcecfc9bf514ca1,e38f9946fb20db4a597eed7547c59afc,3,,,2017-01-31 00:00:00,2017-02-01 12:04:36
606,71f7323f884804c6d38bbcd658e07318,759fc48b9360c6710317b337b9e8a974,1,,"O produto veio diferente da q mostra na foto, não é de luxo, nem acolchoado como dizia.",2018-04-19 00:00:00,2018-04-19 22:42:32
607,4b6444e4c98320d231a3b0f26a4fe969,d5157e3d901001c846b12765379f95a8,3,,,2018-03-09 00:00:00,2018-03-09 10:01:17
608,e92d07515318cef52299bd1c5ac7e9d2,0901941512e5bef7c9fb39452262234d,5,,,2017-10-25 00:00:00,2017-10-26 15:35:02
609,180e67ff4510555ef7d76de7fe42c11c,69ce5a9c71e938c852ea2142a90dddb7,5,,"Foi tudo normal , como é mesmo uma compra por internet. Obrigado.",2017-10-17 00:00:00,2017-10-18 18:26:16
610,73b1be63f6d1ae4d903c685eeb9164bc,4c0a4b63218c9a22187547fbfb338fc9,5,,,2018-01-19 00:00:00,2018-01-22 16:44:05
611,298e3f98344a46d7f46552202688aca3,833aeeba583417aa644a7c311e6b5bd8,5,,,2018-03-03 00:00:00,2018-03-04 11:36:19
612,7dd163fe175817e9e57f965a4382ecab,c1387d81aa7018f9ecca06376610696d,4,Recomendo a todos. ,Boa compra.,2018-05-11 00:00:00,2018-05-11 20:47:49
613,5079818012d1d32f26bf997a896cdd14,c28c74ee5fb4a731178895058c0de619,4,,,2018-07-12 00:00:00,2018-07-13 11:18:12
614,5a7e3a63630362fd85fd058c87f33bbe,37507e1d5b294164b69056c22f217b1e,4,,,2018-02-28 00:00:00,2018-03-04 11:29:17
615,30b54835fe8c1a326303cafbed4d189f,838eddbec488679c7db905429c5163f7,5,,,2018-05-24 00:00:00,2018-05-24 14:13:48
616,500dab66d2c2cc1b14d64d0e1aa346db,81fc6e842f84e86ce89b0f2e120e04cb,4,,"Produto chegou dentro do prazo. Atende pelo custo benefício, porém a bolsa não é forrada e a alça é de plástico. Estou satisfeita.",2018-04-21 00:00:00,2018-04-22 14:15:31
617,07a89e81e4631f2eb2111e4cf347f006,05dc8285104a0f76f6e8d6b2ff9417b2,3,,,2018-08-29 00:00:00,2018-08-30 00:26:33
618,9e96e374304db42a8aecd4a97d53cc1b,00f251b943aba645652c7138e4716fee,5,Super recomendado,Estou plenamente satisfeita com minha aquisição. E recomendo. A única coisa que não concordo é com o valor de frete. Autíssimo.,2018-08-21 00:00:00,2018-08-22 11:09:52
619,4ff4a9def88a920ce3dcdbaa6d8bf344,34add8976995eea31cf36aa691b32773,1,,,2018-04-21 00:00:00,2018-04-21 11:20:59
620,32cba2bc8e4b8a57f2063c108e2d6693,1abad641fc19ed94a5eefb34fecbfc0d,3,,Comprei 02 só enviaram 01,2017-10-28 00:00:00,2017-10-29 20:31:37
621,65dab25c331161f3d9192aa477db0733,3952808713e11b033a67e9dddb6872f9,5,,,2017-08-12 00:00:00,2017-08-13 02:19:10
622,86b8f28757b213a5f9888c8f31f15dc5,8d48068c3ecbc21886a881562c96d7fa,2,,"parece que mantem bem o alimento sem murchar (batata palha) mas a tampa é estranha, parece que não fecha. e o inox da tampa é feio.",2017-09-20 00:00:00,2017-09-25 12:24:07
623,2afe3bd43d00fe8743d030db08906ac8,c77e3aa4caf8e752789d9b7ce1caf352,5,,,2018-03-15 00:00:00,2018-03-15 12:23:46
624,5bed105c6756af72c550e78d4e9bcba7,63c10abe3e4a1cfbeda3cdde88766893,1,,"Estou aguardando uma resposta até hoje, sobre os meus produtos, já foram pagos e ainda NÃO os recebi, foram 03 iguais e necessito falar com pessoas e NÃO máquina ou gravações.",2017-08-19 00:00:00,2017-08-20 16:42:11
625,a1a1644e07b2f6a2183e379b0a0084a4,0ec1e92bb5190cb24b2b414151894032,5,,,2018-06-22 00:00:00,2018-06-25 11:42:32
626,4af54aa9664523133709e2e8f0aeb6d2,7fa41d59cc693e0ed84f2668b7ebe4d7,1,,,2017-08-12 00:00:00,2017-08-13 00:12:28
627,eb5be90ba891b7b7e4c25228c23ad3c1,c0412e955e8866bd36d56c196d1c9d82,5,,,2017-10-31 00:00:00,2017-11-02 23:31:28
628,21d7fa60f781a98de43940c2573d07ee,a41bb2f937139613df86a333fdbaa7c9,5,Super recomendo,Entrega e produto perfeito!,2018-08-24 00:00:00,2018-08-28 20:47:22
629,60c3010f8cbb8a333c397d1f1f85a004,374624ffc15396737a3f35d464fa8ae5,4,,,2017-07-01 00:00:00,2017-07-03 19:12:09
630,3e0449b3abd6563eef3fab99a2e5a9ec,2efef48118e6846607240cd8910e05d0,5,,Parabéns 😤 pelo excelente atendimento de qualidade.,2017-03-09 00:00:00,2017-03-10 21:53:04
631,035cdc5e7ad5192da517cd947ed17a98,355c14cca8fef764ee4faa28db69342f,5,Excelente Loja,,2018-08-21 00:00:00,2018-08-22 12:13:24
632,9be8656dd570c54e69aeb6439efe3c32,87c6169aae0c57897be7344931c2839e,5,,,2018-07-05 00:00:00,2018-07-06 00:14:18
633,19205689f830b4a8f7372c7655e7c4a7,1c8166cad99e5856dfb7d622902c623c,4,,Produto entregue antecipadamente.,2017-12-08 00:00:00,2017-12-11 11:26:04
634,eef70853bc2749c46023aec118a63b60,1ddbde4b8d3dc88ae08a92c7ecf6c2f7,5,,,2018-02-03 00:00:00,2018-02-06 11:51:18
635,073075873e2d7603248cfc951ad7c2c8,0cae0419c5938004fa8b8dba302552d1,5,,gostei de comprar recebi o produto antes do prazo e de boa qualidade. recomendo.,2017-07-22 00:00:00,2017-07-25 14:53:00
636,56a99a0d28b6768869ef421127a8bf14,7228268a5d9355b2f1a608f22c5bdd8a,5,,,2017-03-15 00:00:00,2017-03-17 01:03:58
637,346eebaba2a75e74578be00d7094e0c9,743419ee64432e471c306434e29245b6,3,,,2017-06-03 00:00:00,2017-06-07 21:31:23
638,505f890341880ff7158b09cabfd90ece,b191ff55d8fb38b19dca4409b536f14c,5,,"Super recomendo, stark Sempre chegando antes da dta prevista =D",2017-03-22 00:00:00,2017-03-23 15:26:36
639,f8629b549f7dbe5911ac684cd67b75ad,6e8c8d566d0f92d9ac1a6e72bba1a34d,4,,Correios não entregou ,2018-04-05 00:00:00,2018-04-05 22:16:55
640,63f31d7ca2f26a15d6dc7acae2effaaf,e4dd475ba157a8f4d4dd4f0b8e7c92b3,4,,,2017-09-19 00:00:00,2017-09-20 13:23:03
641,2f17f8ffe35062ac9d76c4dde9c181eb,06d7e8a85f5cfef576c5303ed7d7f2e5,4,,"Entrega feita no prazo e produto em perfeitas condicoes
Parabens a equipe",2016-10-20 00:00:00,2016-10-20 21:56:45
642,cb0afd21795569cda373d39c5a0ca502,d8253682886103126c169f93e8b46349,3,,ainda não recebi o produto,2017-11-18 00:00:00,2017-11-19 00:10:34
643,d34ad0ccdfa8649968e8eb3cac55e8b4,75a935207305c1dd6146a8012323cad9,1,,"Gostaria de receber os produtos corretos, tentei realizar a troca pela devolução de dinheiro no cartão, mas o site da lannister não possibilita que seja realizado.",2017-09-17 00:00:00,2017-09-18 20:58:13
644,12f226601192062b644b158e0af9e723,b636037a882bd588f102f9f3fc29b2ca,5,Super satisfeita. ,"Produto perfeito, entrega rápida. Estou satisfeitíssima. 👏🏽",2018-08-08 00:00:00,2018-08-09 09:57:37
645,3dd514ea6f6f78b2bec94ca3e8a41038,c8190ec25152e9e725de81876f1b9125,5,,,2018-07-04 00:00:00,2018-07-05 02:31:33
646,2d0d80576ee9bbab49cc108d9ec7a0fb,475f773f6c0d909e49b758adb2401e3a,1,,"meu produto veio com defeito,devolvi conforme informado.postado no correio conforme indicado.e até hoje não recebi nenhuma notificação da empresa quanto a devolução e análise para ter meuressarcimento",2017-02-21 00:00:00,2017-03-13 22:20:04
647,c70f661829da37bccaeda6bcb6aed01e,e387920071d53124f3db7d7b1a42c257,5,,O pedido chegou antes do prazo. Obrigada.,2018-04-03 00:00:00,2018-04-04 16:59:27
648,45d1572f5bfca2707ae6748265f8169a,bdf7cbcf2a174866c15ade0d9a55bf7d,1,,Só recebemos 1 cartucho já abrimos reclamação no site e ainda não obtive resposta. ,2018-04-13 00:00:00,2018-04-16 12:34:37
649,25fda988dee00164bb85f0797965ba48,ff2fa4d5d45e92668ba2af1a45bfbe03,5,,,2017-12-15 00:00:00,2017-12-16 02:38:33
650,cca1567911b8150cfda5ce46e6a8ad7a,579d1ca1c229566ac9ad0bb17a50f99b,4,,"Produto de alta qualidade. Descrição confere com o produto
Entregue no tempo certo.
Recomendo.",2017-10-01 00:00:00,2017-10-03 20:57:18
651,8f16e30ff188fe57a427fee7afb60c90,f4836c9fdf304c98f625b549ea6bbc39,1,,O tampo da mesa chegou todo amassado e batido.,2017-05-25 00:00:00,2017-05-25 22:01:57
652,a099d25e117c98a5d7ae5b70119b7f32,e9e76f41dadb7c83d5f8dcbd2ca7473a,2,,Dentro do prazo porém poderiam agilizar como no meu outro produto que foi entregue em 2 dias.,2017-07-29 00:00:00,2017-08-02 18:29:53
653,1cad212e3e316a6e08a196441003bd3b,3ce23ec58b30f84a32003c7bf535d14f,5,,,2018-03-02 00:00:00,2018-03-02 22:25:26
654,576095ab61345b973e9ee6e8d10b0ebb,0ac484b631e29034fc50593451c208b2,5,,,2017-07-04 00:00:00,2017-07-05 12:51:17
655,a9d07fa7b9fb1486b3fe36ddc456adb8,75c2711e9fabc4fc0531917afc748451,1,,,2017-03-14 00:00:00,2017-03-16 13:46:30
656,90d7c8c2bc4d1328995149f3fd6ea941,bac1117353bfc077a092eb57e24419cc,5,,O relógio é lindo e a entrega foi muito rápida. Recomendo!,2017-09-07 00:00:00,2017-09-07 21:10:19
657,9de4447d8219a53f08afc52a7fe4c0cc,53251dae6eb94ed4fa67b57bd60e58bf,4,,,2018-07-26 00:00:00,2018-07-26 22:23:07
658,c773e43d2abb5692d3184d1446750b7e,74c7a458cadc2f76c4ec8354d32d0d9d,5,,,2017-11-15 00:00:00,2017-11-16 16:52:56
659,b0122cb1623fa4d1e74e7ab9de549465,87cbf27ac970c7423f11157c2ef6ec26,5,,,2018-02-09 00:00:00,2018-02-09 19:42:47
660,294845299f875a2abb84852d4c5be77b,59463b9c36d6a23c7c054114382f6d33,5,,"Adorei! Pequeno, fácil de usar, não arranha apela e limpa a pele.. recomendo",2018-05-18 00:00:00,2018-05-21 11:33:57
661,d433c252647c51309432ca0b763f969b,448795135b904d057254f5fd0d5a6a4c,1,,,2017-09-03 00:00:00,2017-09-06 16:11:00
662,83f2d758c5e31f14e3d8ce9bff55780e,0ec7299d65db721d9a6b5c95c2ff494a,5,Super recomendo,"Como sempre, excelente serviço.",2018-06-09 00:00:00,2018-06-11 10:35:31
663,da0e38f1e309050bbc68b200c2538188,8192fd7211b9eac71752e6c23361a422,5,,,2018-04-27 00:00:00,2018-04-27 23:05:04
664,f43eeb6bb515e7c94635efb799ac5901,7b2e128ff26556462b7d217f1b67600b,1,,Até o momento eu n recebir o produto,2017-11-19 00:00:00,2017-11-22 12:59:25
665,adc8ddfaff4796fcc8c8997ff659ef0a,4a1c1edef82d76596ea0209327be3ff5,5,,,2017-09-28 00:00:00,2017-09-28 22:52:02
666,4ba573578ef9ba73205025d483690779,8024bee268e76b6cff9da86da00f1490,4,,Como sempre lannister entrega certinho,2017-03-23 00:00:00,2017-03-27 10:53:28
667,294ac04cc8ee1d2073999678cb401c88,ef208a54d9b685d3a803b28bcfd72f3a,5,,,2017-05-10 00:00:00,2017-05-11 14:47:50
668,9f019401b5ea4ff08cdfcccc92aa7703,0fdcadc1ea2d7ca9f59b5085aad894ad,5,,,2018-01-24 00:00:00,2018-01-24 19:47:38
669,94d950a41403f4a115ab713488ddb3cd,dcd9b00fff62919c208f9e424f8b2c13,5,,"Produto perfeito, chegou antes do prazo!",2018-01-30 00:00:00,2018-02-01 21:40:37
670,dbd06e3177ccd26a3c617b5155a1d5c8,aaefff6521e66b3e5c88bb2c93b9bc72,5,,,2017-02-25 00:00:00,2017-02-27 12:14:17
671,56f8b1f478a87c6604588ad148e61ca8,635607b37cf3b851396ef5a76be8b89f,5,Muito bom o produto ,"Muito bom o produto, melhor que esperava e foi entregue no prazo, gostei bastante. ",2018-08-07 00:00:00,2018-08-08 02:42:34
672,7b66de927426b71a817aa36df5e8a0b3,634e8f4c0f6744a626f77f39770ac6aa,1,,Muito bom o produto e preço cobrado!,2017-08-17 00:00:00,2017-08-17 23:36:23
673,24d8a757a4197c3fb20d65daa4efb420,ea6ff0ed3f74b7699b032447def50d75,5,,,2017-11-28 00:00:00,2017-12-11 14:07:37
674,f90a3cc882abfe97a109dbd6d6e1203a,ffa378a0d8e871367fbe51bdd9e12a1f,5,,Sdds ,2017-10-04 00:00:00,2017-10-04 23:36:22
675,a425fade0a366210ed595648f21cb93d,efe03a561138a005da4b1e37d1b2ef36,5,,muito bom o produto.Recomendo,2018-02-24 00:00:00,2018-02-25 13:53:06
676,b86988a140e7bded0f6148915ec33ffa,fae07f01dfeea5a98b59ba06f1fa7bba,4,,,2017-08-18 00:00:00,2017-08-18 23:45:59
677,d759baf5b86943cc94607ca678da40f4,8821146ecf8a1eb441aa052b371f1814,5,ótimo,,2018-08-16 00:00:00,2018-08-20 23:07:01
678,8e3c1c15d5d929f2ad15bf1a56b899cf,a786e0a4cada3f2704a7c932bfc3ea21,5,,,2018-06-04 00:00:00,2018-06-04 19:20:08
679,1bc81267d7224fc158ed0d4bd4473b0c,2612f53ec86ea657525693697164701a,5,,,2017-06-21 00:00:00,2017-06-22 22:07:26
680,7f2c8f10a5eec4375a11cbcb3573310d,492b48333a37f2f70213b81672d4aa06,5,,entrega dentro do prazo isso é importante. ,2018-04-18 00:00:00,2018-04-21 13:38:10
681,c68c027ea1d9979f147099c68efd93e6,e87c331d21a3fb3085079a9b32f4a56c,5,10,"Gostei muito , o objeto veio o mesmo comprado, já comprei em outras lojas e veio outra cor ñ Gostei! Com lannister tudo ok.",2018-06-19 00:00:00,2018-06-22 01:55:14
682,edb68b4c85dad7d34c229ea607b8578c,a0f3677ac2cfd35a8d76f4a26fb29a95,5,,,2018-05-25 00:00:00,2018-05-25 17:53:53
683,d2b2e7612330948a735af300611bb922,e77b736410809924bdd6ceea09559cfb,3,,"O aparelho chegou apresentando defeito, não está apresentando todas as funções no visor digital.",2018-02-16 00:00:00,2018-02-18 22:53:40
684,e9c0f57b4407df02dc7248e0c2acc520,18039c75b688e58760cca5b168b3b240,5,,,2018-02-09 00:00:00,2018-02-14 21:34:26
685,bde05133984518116b3d77d994e375d3,2a743fc30067036b7910663ced5a0b7b,2,produto incorreto,O produto não está nas medidas corretas indicadas na oferta. Terei q ligar para vcs para troca,2018-06-14 00:00:00,2018-06-15 23:26:45
686,253662a4cd78b84ca6547d0359fe90f6,aeb81ccabe4f164a26e763cd5b07fd99,1,,No aguardo de um retorno urgente.,2018-04-15 00:00:00,2018-04-17 20:24:28
687,1eaf9c9223fcb221f246741e05d75399,83ce09b55f29086739212db0e38aaca1,4,,,2018-02-18 00:00:00,2018-02-27 16:57:53
688,24203dee295cf23bd24b7ace9bca261f,1e189a60261c3efb60bdace6d37ac223,1,,"Produto mais que passou do prazo de entregar, tento resolver o problema com a empresa e não consigo falar com ninguém. Tudo que fazem é me passar para reclamar num sistema que não funciona.",2017-12-16 00:00:00,2018-01-04 12:28:35
689,2cc3122c7a438a1e2b38cfe2b309c401,fe4ee6f5250415b2264eac9693949e2f,5,,,2018-02-16 00:00:00,2018-02-19 17:53:53
690,38bcaf95057f842c3b64408733eaab1b,ca36cc19c0a413c8f724ae07323cd2cc,3,,Só recebi um produto. Consta que já recebi os dois. Não recebi a sapateira. ,2018-04-28 00:00:00,2018-04-29 01:11:49
691,3da28ed278dee769dd4d7d6b6d536773,8307cd7e144f9c61c639d115ee673bd3,5,,,2017-06-06 00:00:00,2017-06-07 18:25:39
692,4f3d4af8f472d4ccd334d4222c4e9ef4,f58c538485f196aedcc7a7f6cbe34dd6,1,,Deram um prazo muito grande para a entrega do produto e não conseguiram entregar no prazo ,2018-03-25 00:00:00,2018-03-25 13:19:03
693,8bc4d875dbab927e9190060688edc80f,b6e5ddeaf2e5b56015e295beb333f305,2,,Excelente produto indico a qualquer pessoa.,2017-07-18 00:00:00,2017-07-19 10:45:53
694,cf8b4347ae76e6b7992a8c63f3d51774,f0fb77580603e4f955c60d3fe023553f,5,otimo,tudo certinho entrega no prazo ótimo.,2018-08-03 00:00:00,2018-08-06 11:48:12
695,f450a5ec6ed680bbcb25bb73ae1a9f93,4fcd41f1365d2b6852c34568499584b8,5,,,2018-08-08 00:00:00,2018-08-08 23:30:54
696,d866da31ddcd55611d096d852843b2f7,b92777d39afa7f58503ecfdfaf255972,4,,,2018-03-29 00:00:00,2018-03-30 11:58:33
697,d1022bc36ae98c11c7479dedc36f837f,5982fca4536769e5024e12eb8b6f473c,5,,,2018-04-04 00:00:00,2018-04-05 12:32:55
698,2165b2b26e67eee7a9d28e13c0ad0468,d2aefa1e404936eb9c5660ac2bde4ecb,1,,Não recebi o produto.e agora?,2018-05-30 00:00:00,2018-05-30 03:19:24
699,34f0227375e43333b0faf3f6f8e8c57c,4be80534fe74f207dfb35e7b895a91c5,4,,,2018-02-01 00:00:00,2018-02-04 12:32:38
700,ae83a790a3f01e1c43dd4d2863cebe0c,1b3190b2dfa9d789e1f14c05b647a14a,2,,,2018-03-17 00:00:00,2018-03-17 05:08:11
701,857799c828ec70cacbd6f18646f7733b,5e7715473075848a1953230996ea3b3d,5,,,2018-01-07 00:00:00,2018-01-09 14:32:51
702,38a985068dbfaad5fe55f9eb6b5e8651,b8684227da189137e8ecfd39564f85e1,5,,,2018-04-27 00:00:00,2018-04-27 21:49:14
703,c02f9133515444a1281341896eee1a21,01b4dfef1c8848e8c0431ce17f5f72ea,5,,,2018-08-17 00:00:00,2018-08-17 22:50:34
704,fed701d8d331019dcc29237db66c8523,f97c752350c4546ad37ac0e5adf87f93,3,,Chegou amassado... ,2017-07-07 00:00:00,2017-07-08 03:00:47
705,d652b9acf87424aeb3fad6f98ec24c0c,1534abac962760cbb058568f7dffc105,5,,,2017-11-18 00:00:00,2017-11-20 02:27:59
706,11c3e9036551ef3649c3c781f9d24e1d,fdc45e6c7555e6cb3cc0daca2557dbe1,5,,,2017-02-23 00:00:00,2017-02-25 15:03:21
707,35648f4fd4ee1e81974b75919da408f8,abb71252913999175f6eee9cc4ea672a,4,,,2018-08-15 00:00:00,2018-08-18 22:00:15
708,3e6c4fc61dff0babb5fd4d370230a44d,83dcf2f6e29abb1516047b414c52b004,4,,,2018-07-11 00:00:00,2018-07-11 17:41:49
709,9dc35c0d556a65f1c4aff189de0d60c3,956f15dfe9a7f2414a02c445fdbb865a,4,,Recomendo!,2017-02-03 00:00:00,2017-02-12 19:50:16
710,2eeefc4cf6ad9a0a7c708ad556dc1947,c39345e6efbb71413c9fc98a3dc1a4c5,5,,,2018-05-09 00:00:00,2018-05-17 23:49:49
711,1edf2a3596b417ee8485f64c7c2109ac,d2b733c929342acefcd33572f8a1e3da,1,,"comprei tapete de borracha para tr4 mitsubishi a loja entregou um tapete de pvc horrivel
no titulo ta tapete borracha tr4,
me enganaram e agora o que fazer sendo que tem despesa para devoluçao, por",2017-12-28 00:00:00,2017-12-28 09:02:37
712,3a3ae0e3f4a7d6b4d1cbdf1b1732e424,0fbebd49386dfce3800986434bc990c8,4,,,2017-05-24 00:00:00,2017-05-24 23:56:16
713,f54fd311f6fd8cd1b4affd14bdaf04ce,6e8e751584b3e3141e3e3c39f71408c2,5,Gostei,Ótimo perfume. Fragrância maravilhosa. Recomendo,2018-07-12 00:00:00,2018-07-15 02:57:52
714,9e7431393db15c66d3441e13b69845b4,b599b60a3fa09e7a4003eb264aa99a07,5,,,2017-10-15 01:00:00,2017-10-16 01:36:43
715,a23517f5ce9a3db9e7c5c9f2b21cbab5,ebd89760480302a8f05581858df06406,5,,,2017-12-22 00:00:00,2017-12-22 22:12:18
716,43310eef57e5f5f520cdb52f91b9876f,20f136d890c31a62486c809f91a5b098,4,,muito boa e rapida e o produto veio em bom estado agora e mesmo fazer os testes!,2017-07-04 00:00:00,2017-07-05 11:31:25
717,7c38b0697f3d800e6314b76b382a9f7e,ab6e1678559b60b6e6a7db4837d6664d,5,Pedaleira plataforma,O produto superou minha expectativa. O prazo de entrega foi antecipado em 7 dias. Já instalei e ficou show. ,2018-07-28 00:00:00,2018-07-28 21:12:47
718,5f222f80c589a6d83c18dc844bdb224c,1cc2afbca351a1423aeb95bd67821271,5,,,2018-04-19 00:00:00,2018-04-20 01:44:35
719,2be0bd7ecd66f819ee77ebc5ab6f5eb5,11b0d2ca29a268561114f01ff9571c96,4,,,2018-04-21 00:00:00,2018-04-27 22:29:16
720,681f83974b36c2f3b2dbb66b31c2d101,03bd6f7b95588e476cdef4abb2cfdd0d,4,,,2018-08-03 00:00:00,2018-08-04 09:52:20
721,13af9d6501d608374c69d002c6b37ce1,290d464dc4d780ddcd120552cf21c640,5,,entrega rapida,2017-09-30 00:00:00,2017-10-03 12:25:06
722,3fad09fa54b5805911e6be87b7230e43,f03883bef2ed1452c4de6bb070ab2717,5,,,2017-09-23 00:00:00,2017-09-25 14:51:56
723,5f35bbde2b32b8617aab15b7a9a0ae24,ba568688e2f462d7c44a3fdc62e6456f,4,,,2017-11-26 00:00:00,2017-11-27 21:00:47
724,02303acbf32fcc6401f552eaef2bf19f,3daeecbd44a76530c8e9d0ac1ea4f581,5,,"Previsão de entrega até 18/10, recebi em 05/10, excelente.",2017-10-06 00:00:00,2017-10-06 19:15:27
725,042cc1dce52180def6df9349b817ae86,51ee9ef5d831b5f76f97d2819e7f94a9,5,,,2018-07-10 00:00:00,2018-07-10 21:15:21
726,f99ff17e430a53efe61d359faa3b425e,009838529bb913846ab6670d22865381,3,PRODUTO COM DEFEITO,SOLICITEI DEVOLUÇÃO. PRODUTO COM DEFEITO,2018-06-27 00:00:00,2018-06-28 11:09:14
727,169f34e00e26eea55ba60c7b19170e66,93aa1607392862dacfb4b54774480f1d,5,Regular ,Loja em si é boa pena a americana nao da suporte ao cliente ,2018-05-10 00:00:00,2018-05-10 19:02:31
728,4b7c54ff8421ab4c6387ddc0336ec4ef,23e3e258cb0914459e129f704d04733f,5,,,2017-09-25 00:00:00,2017-09-27 22:21:59
729,3ddeab8903b5a44dc3fc4d34b3a476f3,ac5daeb29c4fe812e7e48753b886f6f1,5,,Exatamente o que eu precisava ,2017-07-20 00:00:00,2017-07-21 18:31:07
730,cd9125d39cfcb70ed3967732642e4864,cc80e8ed42d1d4ac3dbe8e800672d01c,3,,"Achei a qualidade do produto muito ruim, não veio nenhuma bucha ou parafuso para fixar na parede.",2017-06-15 00:00:00,2017-06-19 02:23:02
731,1aab39030ff449c992217a3b137539eb,15564b81a39383f08dc90fa1fac055bf,5,,"Obrigada, chegou mto rápido",2018-03-30 00:00:00,2018-03-30 22:09:17
732,de8687414f9af365244969591642d01a,25b9de6dcc528d881b77b8e6093a2a7c,5,,,2017-12-07 00:00:00,2017-12-08 10:46:02
733,c4c4a9671d396350ad5bf3371c7d0bd8,15add89e9936fc74006c8ece812ddbdb,4,,,2018-01-24 00:00:00,2018-01-26 19:42:22
734,727e90447c06918e0d7a7a6d0db040c1,f29b9aad274db0c763f241cfe781466f,4,,O único problema é que a marcação de data é a marcação americana.,2018-03-11 00:00:00,2018-03-12 16:49:25
735,11d080870bba1f6ee139bd07dc192d2e,4433ebc14c69e56090cb4e96d574d9c3,4,Bom,Acho que o produto deveria ter um prazo de validade maior.,2018-05-15 00:00:00,2018-05-15 19:52:09
736,b61f36743e4a0515b72a09a6f347efc4,89f3db58a5290d65a2f5a8ac62089da4,3,,,2018-05-27 00:00:00,2018-05-29 20:31:24
737,a68b5b20f860f7904fd5486d3a2d5173,ac4b7ecdaaa68d5c37e626e9a1f49005,3,,,2018-05-25 00:00:00,2018-05-25 11:06:00
738,02458b01a713491f771cf60ad071ac3f,0d16648e64dc322e5a49d8c912d2b61e,5,,,2018-06-28 00:00:00,2018-06-30 15:09:02
739,8c7c2545647efc4f2b99316c0d7353de,696a92d8c4f0b9ad34106f5caa0813f6,1,,,2017-11-12 00:00:00,2017-11-14 23:32:28
740,9a2056d86f12c153d8fbc8d9005e6ac8,54822c94cce4ceb64eb08bbb05fa8fea,5,Entrega antes do prazo.,"Entrega antes do prazo, recomendo essa loja.",2018-05-12 00:00:00,2018-05-13 01:36:08
741,f123f63f9578267e1ed425f21e6b2924,4f0ae5e0706a3e90f9f36d0f34fe60aa,5,,,2018-06-29 00:00:00,2018-07-10 10:40:59
742,d5f52592440083e468b7d8a45a050dd7,b9ba0d763542807cc21f8fcd54d80f6b,1,,,2018-04-24 00:00:00,2018-04-26 18:27:46
743,fd3d03c6a501c1b3de0bf420354ab595,8c3a0f92a654ef1a5062138245e23887,5,,show ,2017-03-03 00:00:00,2017-03-05 17:31:56
744,5f9483db06c86d72dbe9b41a54d0301b,f12388e0e8c7694fc38c8de19261054c,1,,,2018-03-25 00:00:00,2018-03-27 11:00:30
745,8c8ec6ed4210b3d764d3dd3bbe9e87d9,13ab379ac762d840b29042681a1a6156,3,,Boa noite as lojas lannister são ótimas adoro o site hoje faço pouquíssima compra pelo frete abusivo infelizmente não compensa como antes mas precisamos comprar obrigada ,2018-08-15 00:00:00,2018-08-15 21:26:52
746,bc84fbdb0fe01d7532f76f27be322d0b,0ccc28cc32fa5c8ca6a3b2d594700714,1,,,2017-11-17 00:00:00,2017-11-18 01:49:23
747,4c978efa3014f70eece28f78600e3292,71bdcc58db48fbd3f6aa39889aab2e8c,4,,,2017-08-20 00:00:00,2017-08-20 21:21:44
748,457d3e9951f4f059f364f622ff647bac,11b33f091608b48c86184dcfd339dc9e,1,,,2017-12-24 00:00:00,2017-12-25 06:41:20
749,afbb31d9903a484844c6968cf4600ff3,6ea5512a5c86fbad911fe650286caa81,1,,,2018-03-22 00:00:00,2018-03-22 10:07:49
750,5c0ad168fd153764ac71b2b57f45b9fd,e9f195e6586d8b704b5bd727b1a2f5dc,5,,,2017-11-22 00:00:00,2017-11-23 13:44:17
751,822d2aa4928821a5cc6bd01f363ea266,25e8002575a945e8d4ae84ca208daa50,4,,,2018-06-23 00:00:00,2018-06-25 09:50:32
752,73a81f31811111e89da4070c915c6fc8,1f4fe628fee06334b3c7f4a99233700c,5,,,2018-06-16 00:00:00,2018-06-19 12:24:03
753,4134c48913c1320324b96ec0f708df65,8eea3ecd28a15babda20e8afff4c32d7,4,,,2018-01-25 00:00:00,2018-01-27 09:25:39
754,2acc7c2cb1cc5ecf180610f8f505af5b,9c9b9122cad8803b5a5373345e256d99,5,,"Excelente produto, bonito e sofisticado.",2018-04-22 00:00:00,2018-04-24 01:21:32
755,185ddd533ae43daef9e6e905f5bd0207,e7ffbd51295367d5f8a78ba036ac2b49,4,,Não veio a nota fiscal,2017-08-25 00:00:00,2017-08-28 02:40:58
756,7a845d0d61a2195360d6856d4f0bbaa8,efd5eba320d140f8659440d74a81fc90,5,super recomendo,"agradeço muito, pois recebi o produto correto conforme encontrado no site, a entrega foi super rápida. fiquei muito satisfeito e com certeza vou recomentar para os amigo.",2018-05-08 00:00:00,2018-05-10 19:24:17
757,0643e09decfa0910bdc5645ff1914b3c,f43852197ba26a2152a47dcb6d17ffe3,5,,Entrega rápida produto conforme anunciado,2017-07-14 00:00:00,2017-07-17 10:52:21
758,d2a447f6214442db7c22636a6ec3a933,96f236475cf9ab0ff0c202d36a84b311,5,,,2018-03-30 00:00:00,2018-04-02 11:52:03
759,c8e2f863d06122704b8ac13e9ef42b06,4d4ef6cd8147028ffd8c18dc0f6e3050,5,,,2018-08-31 00:00:00,2018-08-31 20:43:31
760,fb9c35dd3f4294381b42154f21186e83,643e340c6c562d108526c36d5a94c027,1,,"MEU PRODUTO AINDA NÃO FOI ENTREGUE, JÁ FIZ MINHA RECLAMAÇÃO E ATÉ AGORA NÃO TIVE NENHUMA PREVISÃO DE ENTREGA. ESTOU SUPER INSATISFEITO E QUERO MEU DINHEIRO DE VOLTA. FOI DENUNCIAR AO PROCON.",2018-01-07 00:00:00,2018-01-07 13:20:02
761,2464e0bf2ea1b52aa5552b70e5a10dfa,a12c7cc529c689355b84f45a8992971d,1,,A cortina não é o modelo que pedi. |,2017-03-10 00:00:00,2017-03-13 17:03:54
762,9ee1b9577cf8288c192d2060101e1db4,23bd3ea8478099ea89638b5514a1198b,3,,A impressão está saindo com a tinta fraquinha...,2018-03-23 00:00:00,2018-03-25 06:47:42
763,a825b4cf675d670ee0b914688f751e0e,55e5ec213742bae19f2e36685d3aa5e9,5,,,2018-03-04 00:00:00,2018-03-05 00:52:31
764,c5976a5a98e854fb23d7e03c6754ae60,2002ea16e75277eaa0b5d78632048540,5,,,2017-08-08 00:00:00,2017-08-10 11:11:29
765,70d2258489cae12a65d36c8c09fd54c1,b1b6c6679301e883c54342f1610a5360,1,,Comprei Rosa com Braços Brancos e entregam toda Preta ?,2018-02-24 00:00:00,2018-02-25 02:46:18
766,e0dc4bf3a60093ee76994fe44150a25c,ab275e2c1b924e6f63d5edc630a56262,1,,Preciso de uma previsão.,2017-04-22 00:00:00,2017-04-24 10:57:08
767,9ffe2034f40d65f5541cfecbd8156e86,0af403b34dc11cd542ac6d94ad39aede,5,,Estou muito satisfeita chegou antes do prazo super recomendo ,2017-08-25 00:00:00,2017-08-28 01:05:12
768,25f99ae535d54e7bbf90244b78792c0f,b022357c03da2d91ba22d886af2c83a5,5,,,2017-10-11 00:00:00,2017-10-14 02:31:05
769,7c01583ff2055c3fd37cd3666fa0865a,4f25074c14f57fb1a98808c9a2f820df,4,,Produto chegou antes do prazo estipulado e atendeu plenamente minhas expectativas. ,2018-01-17 00:00:00,2018-01-18 09:37:21
770,b233702fef3215f3583cc73d0f7fc9c2,884c8bf4713eff2d1830882d96a8f90e,5,,,2018-05-19 00:00:00,2018-05-21 23:48:01
771,bfac0c3a5b1e91f5737057394d4db682,5defd57f9849f19ee76815ca3a3c8956,3,Bom,,2018-05-23 00:00:00,2018-05-23 23:58:32
772,1aa5d3f38b359bc5103fcbdcb2c77223,274c63b06327262e50b1798060d9dea9,4,,"Entrega dentro do prazo, produto sem nenhum problema",2017-05-12 00:00:00,2017-05-15 10:59:20
773,d7dfdfa0beeac5bc126eaf7d231598fd,997b3de75600d17962e4800bd2923d56,5,,,2018-04-25 00:00:00,2018-04-26 03:08:46
774,73c3dcf098d78d2bdd96f22aff4f15ef,3d2919530aea3496b5773b143910145f,5,muito bom,bom,2018-08-21 00:00:00,2018-08-22 21:52:32
775,e93caf1e1d6e84cc001518f2d191eb5b,4212c4acae39b267aabc4696d873cbcf,5,,Boa qualidade e preço.,2017-03-04 00:00:00,2017-03-08 01:15:08
776,7edfc061041d372e24eb436fbf30c89b,d25068e796c4ee9a78ed71bccf4a6a56,5,,,2018-02-23 00:00:00,2018-02-26 23:52:16
777,de295095fe4d28a2c536c5761728321d,9b1d0dd42862c68280468732a4399034,5,,,2018-08-17 00:00:00,2018-08-22 18:33:02
778,62c7722239b976d943ec0d430cfe890e,1d297b4800ed1a3c5b0944d84c01ee99,3,,,2017-10-22 00:00:00,2017-10-31 15:33:32
779,7d3f512004925d5c79e3aa1aeb4dc711,9ca5909eae951dbac41c3cf4b9c0337b,3,,,2018-05-18 00:00:00,2018-05-21 04:16:07
780,152ffa9780fe798c8e669cd233937853,d455a8b19923a717a1d1cfb67604e8c6,5,,Sempre entrega antes do prazo.,2017-05-01 00:00:00,2017-05-02 21:14:59
781,c32a0bca39804573d247e8f19c2859a8,ac9dfcb098b29edba5d0cbd3b4febefd,5,,,2018-05-10 00:00:00,2018-05-11 11:38:12
782,82c65eeeb07cb7979bb2ee04f10a554b,3eb7b3f39b5c39ce07dae0c4bfbf5dd0,5,,,2018-01-20 00:00:00,2018-01-21 01:12:50
783,fe98e0fd6c5f6dbc487f984683489837,b1b02423c1a2d067772f1f5ae08361ca,5,,,2018-03-08 00:00:00,2018-03-08 12:22:44
784,80877ac989fee57cd52b92256f3d11a0,fc746d47c955d1db95910a81fb288e23,5,recomendo,muito bom.super recomendo.entrega sempre certa.,2018-05-19 00:00:00,2018-05-22 22:40:28
785,90018c08b2ca29dddcf499cfa5ec54d8,4b460251c3d2ba44dd61b0b6c3410ac6,3,,"Boas Pessoal, a atendente da lannister foi muito atenciosa porém a loja que deveria ter me entregado o produto cancelou a comprar ??? O que será que aconteceu ???",2017-04-29 00:00:00,2017-04-29 07:07:24
786,84d7edd8faee78b23baea8f3fb8762b4,8b0d9469bcbdd6061d09db72ad2a1d22,5,,,2018-08-04 00:00:00,2018-08-06 23:29:50
787,16c4cbab64fb7841bfe489dde62cfb17,96c1f803bd98812f30e0e72841822e3e,5,,Entregue antes do prazo! Produto perfeito!,2018-04-06 00:00:00,2018-04-07 20:02:08
788,59de1103af997827cef9dc533ddcccab,76af817018cd5fa5b739a3c2ba34ee70,5,,,2018-03-21 00:00:00,2018-03-22 09:57:04
789,ad7204cd98f8e23ff0baddf143a767cd,aee1ebae09f6d91ca6a459bf47b14072,5,,"Recomendo para todos, não tive problema nenhum, mercadoria e prazo ótimos.",2018-04-18 00:00:00,2018-04-19 10:11:37
790,9dafbd3be0c9b24bef2379b68a563802,c00241b8d22988b4f305a817f47bee80,5,,Gostei de ter comprado nesta loja. Atendimento perfeito.,2017-09-24 00:00:00,2017-09-26 22:07:51
791,62959da0565ab23a736257a18804da5c,11433594967d07f9ed0b30827fd35385,4,,,2018-05-05 00:00:00,2018-08-05 10:44:32
792,677aaf9f1a231a681b4ee59a17ff4a73,865632b4b7bd773e94d482105b596672,5,,,2018-08-22 00:00:00,2018-08-29 18:46:54
793,3171979b1a7f31c323c2807e85246b47,bf43328103299ae529116e4521e82191,3,,"Comprei uma cadeira, recebi no prazo, porém a cadeira veio quebrada na parte inferior. Poderiam ter um maior cuidado na embalagem.",2017-04-13 00:00:00,2017-04-17 22:18:19
794,3290358432db6915f973e6b11fa1460b,725bde8878fcc8a1baf2c8ceef40d726,5,,Sempre compro e sempre recebo o produto certo no prazo ou antes do prazo,2018-03-03 00:00:00,2018-03-07 14:25:52
795,ca8e5e40f55fbffaa631de686b627dde,bce7047b261dd5116e87384f4fe9afc1,5,,,2018-02-22 00:00:00,2018-02-23 17:32:41
796,4fe147835743747f5c1ceff423fc0330,4b5648d8399ea47a4c323499045aaefc,5,,ENTREGA MUITO RAPIDA ,2018-02-01 00:00:00,2018-02-02 10:05:59
797,12463efbc0d2758938651e4fd1474a72,aee7414ea78fbc7601f88ecb530038aa,5,,,2018-02-19 00:00:00,2018-02-21 22:47:29
798,0758521cb28cad3246d91cefedeb3795,c52a603ac74efb60aefc2f0e79d3a432,5,,,2017-02-11 00:00:00,2017-02-15 13:43:43
799,7175561cde726e45abd82eca9a8f5c63,4c1c077d67d0bdf88d4523a14781be05,5,,,2018-03-14 00:00:00,2018-03-15 19:31:18
800,75821c5c8a5c0c6eac2f4c92a9c1fdd6,4017df0a0c73564d88bd596e06e42c2d,5,,O produto foi entregue bem antes do prazo.adorei,2017-11-29 00:00:00,2017-12-01 20:59:57
801,8972c9666b9346e1c701e1780f9031e9,a068308d72bb8cf6b6b7815a3ee3840c,4,,,2017-10-17 00:00:00,2017-10-20 19:05:05
802,317a22fbeac23df2d0e098bf85ab709b,de4090fd9b7900d46323b0c7c36b7128,5,Otimo produtos,Ainda nao instalei mais gostei muito,2018-05-12 00:00:00,2018-05-15 03:25:37
803,7d6499afc459f9db79dbf339e0164286,97352341e218f0089a070b1be89f47bf,5,,,2018-06-20 00:00:00,2018-06-21 00:24:01
804,de7648e683482829b3ac3ba3a4ae64a0,21dd600edd64e225d04af3670d1803b3,5,Luminária excelente,Bom produto. Entrega rápida. Recomendo,2018-05-15 00:00:00,2018-05-19 22:06:57
805,3cb733daf0cbc6a4c3bb5f733cddca7f,aa31e416f67318939922854f9af2b087,5,recomendo a todos.otima.,,2018-08-16 00:00:00,2018-08-16 20:41:43
806,4cb1244eb3e77c0e12d932664e701c7a,90ec7e058a164b8dccce02591de2f99a,5,,Produto recebido no prazo e em perfeitas condições.,2017-03-07 00:00:00,2017-03-08 11:23:14
807,72cc238a6aa8a5af88b0c17ebf469c95,24125310335475b73015f74ec4327c2a,5,chegou antes do prazo de ,muito bom,2018-07-27 00:00:00,2018-08-22 13:38:23
808,7aa2ec037e7f807fa255339758f39587,aae6432b1c1a2deae58567621da9d957,5,,,2017-11-28 00:00:00,2017-11-29 02:01:11
809,2a6e41926e180f124e93751a267af2a6,2866ad7dcb3cfdab34405a82b8a77215,5,,,2017-07-27 00:00:00,2017-08-08 10:40:04
810,560effdc2aaba0ed5d37ed8a98cc6af2,3ef6bcdda6193f8657168ba7e8b3e948,1,,"Recebi outra boneca, quero devolver e não consigo contato! Jamais compraria novamente dessa loja! ",2017-12-07 00:00:00,2017-12-11 23:48:29
811,397f27a0d2936d02d3447864e0398414,8f15948ef0bdb4709a5801084a564c56,3,,"ótima compra
mas o frete nao compensa,pesa no orçamento.
devia ter frete grates
",2017-10-20 00:00:00,2017-10-23 18:49:42
812,355e3b3cd36a00e086a3b0d6554f38ab,195aef69980a745473d3fa7be3523f58,5,,N/a,2017-10-07 00:00:00,2017-10-08 12:48:31
813,8ec042451b89064557a26251a05b9549,006e91ddb0674525f84ce0da0655c7ba,4,,"O produto chegou como eu imaginava,por enquanto estou gostando
",2018-04-17 00:00:00,2018-04-19 23:22:20
814,d56d41853973652b669b8c1ef895cd8c,2cbfb1f20f907bcb72718d2aee607df0,5,,,2018-08-07 00:00:00,2018-08-07 23:14:28
815,1506b122a0432756e345ff579504c59f,6bea4b3d238b2f7104807ff9f128f7e6,5,,,2018-04-19 00:00:00,2018-04-25 13:53:07
816,d6050b36487220bdaccd334bb5ef4743,38d11c87fc409de31e930084abb0c7a4,5,MUITO BOA AMERICANA ,Ótima rápida na entrega OBRIGADO ,2018-08-25 00:00:00,2018-08-25 22:07:39
817,189089fd0b77adae63b5f9def3573c9b,04105b54650921ca3246f52e6f175f46,5,Excelente,,2018-05-11 00:00:00,2018-05-11 14:22:18
818,d8d62030afbc777000b61bdfc7312939,14a05c02d483800864e5c19a3a7f0ee2,2,Entrega de encomenda,Penso que deveria haver um modo de se comunicar com a empresa caso acontecesse de encomenda não ser entregue ,2018-08-31 00:00:00,2018-08-31 10:22:05
819,7b9ea09f44cf4f5e243a350fa70eab48,97df9530497023b31dd0654f5908e41b,5,,"Produto bom, prazo bom...",2017-11-08 00:00:00,2017-11-13 09:56:15
820,6295f44b9f5347d9d6b619e388341ffb,5b0cb832563a9fc75605f9edea8fba22,5,,,2017-10-26 00:00:00,2017-10-27 13:36:43
821,9ce22b6350befec73bf15364d70588ab,1e36204fd8a2e695a35dd5e41cd392d8,5,,Muito bom. Já é o segundo objeto que compro e recebi sem problema nenhum ,2017-10-13 00:00:00,2017-10-16 22:58:12
822,2d2ef3021d5a4856e7774efa91ac1c6d,01405161cfdf60dd80df1f393a2796d5,3,,,2018-08-21 00:00:00,2018-08-21 17:27:42
823,99b5afdcda45e1f9c9f0dc0292b61f1c,5509f25fd68fac3fe49fc1a532ba33ef,5,,Bonito e de boa qualidade. Adorei ,2017-12-08 00:00:00,2017-12-10 19:17:43
824,64b981a30a6dd69cbccbbb0109fd5c6f,adc253f1977c81c2c29dc7b9dd23d538,5,,,2018-07-06 00:00:00,2018-07-09 02:46:17
825,2c4396eaf37ad89917df567ca6679c8f,3139d2c500d282f1549eb3c6e7723985,5,,,2018-07-27 00:00:00,2018-07-31 20:22:02
826,13e80f4d3fe96747729573b4a95484ab,07d60a76803db63f0ca6708011e8cf9b,5,Excelente!,O produto chegou antes do prazo. ,2018-04-29 00:00:00,2018-04-29 21:53:13
827,96475e5347fc82088c8e6f32d01be85c,e359fd78a62541c3045c115073678c7b,4,,,2017-05-20 00:00:00,2017-05-21 22:38:33
828,ac3ab0f5a507850465330d727ec63580,95e418ea130a24742051eb864d986af5,2,,,2018-04-27 00:00:00,2018-05-02 01:48:56
829,b0a79356dd5f5fd6fe80deb3ab5fa731,c3c98f7bb3b28a9b25cf5a86e4472143,5,,,2017-12-09 00:00:00,2017-12-11 19:43:56
830,43d22e7ad4b610ad6eea390fb72b6a9d,0fe1829613c45b423f51aa8949dd8d57,4,,,2017-04-12 00:00:00,2017-04-17 10:49:50
831,21fe8cbf3cbafbc5018bcd42349c35db,3f62abd470c4d6aecea1ef66a8b2d3f3,5,,,2017-07-20 00:00:00,2017-07-20 23:47:07
832,947c812286d4d56e284e8611ef4fb9de,349a7619914f3000dc07ae639ae080b8,4,,,2017-08-08 00:00:00,2017-08-15 17:38:54
833,3a9cc3b90bc22af3b6edec6ac5e899c8,8071505187465938d3f033c82180edc6,1,,"Boa noite , não gostei pois nunca conseguimos falar com vcs pelo telefone
",2017-07-18 00:00:00,2017-07-22 01:41:26
834,6ec93e77f444e0b1703740a69122e35d,d8cbc79d1dd84f3c87cb2ca7663c930e,5,,Vendedor compromisso do vou o cliente,2017-10-07 00:00:00,2017-10-07 19:47:11
835,81bd3fc65e4488e5741cdf8c7c57cc40,d04e58d009641c790ddf6b7b41790f87,4,,,2018-04-26 00:00:00,2018-04-27 02:29:24
836,23bb19a944b4148d8f438485a594964d,044406a115a855072a8e79d38f028a80,1,,,2017-08-11 00:00:00,2017-08-12 02:14:46
837,1a91202cd7f4d5acd2bc109d5fd3c047,5d05ba02d8d5d85144c3c1d7ea3f0aa5,3,,"O produto não atendeu minhas espectativas, pois os potinhos são dificeis de abrir e fechar e a bandeja onde vai os potinhos veio com pontos de ferrugem",2017-08-08 00:00:00,2017-08-09 16:48:15
838,586fc508588a60e529e2c8a234f9771c,dc4e9e7d17fec4c4ded41724619a1b10,5,,,2018-02-15 00:00:00,2018-02-15 22:57:45
839,e9cd093f959151268d7f57c54c297547,bc439ca267cd182244951ffe206f4feb,5,,,2018-07-29 00:00:00,2018-07-31 14:41:46
840,b200a329d942243a5c63cbfb6f1dd7e8,7d147963db91d7f73bfb2c6a89516682,4,,,2018-02-28 00:00:00,2018-03-04 19:37:40
841,ee9bde038f146b5ece0d9a859cc2a795,afb67c04593c89865f383745e2993cef,4,,,2017-12-21 00:00:00,2017-12-23 19:19:46
842,974929cd0aae95525e5524f8d666160d,ac44d431499dd1f572a4dc7408581e7f,5,,Muito satisfeito entrega super rápida.. Show ..parabéns.. eu vacilei e comprei um celular nas casas Bahia tem quase um mês e não entregaram.. ,2017-10-03 00:00:00,2017-10-04 00:26:14
843,ddcf5695dfc21bfbc84c5b52cc342d51,6a92e66b9d3bd75efeb50c6494ede745,5,,,2018-05-15 00:00:00,2018-05-15 22:00:14
844,51f6ca3d2e468e053a903139137e91f1,7b2e06fd0a893c5d11fbebd65c872ed1,4,Recomendo!,,2018-04-26 00:00:00,2018-04-26 23:49:45
845,678fe12d1503e54f2af9df3595fdb4cb,98c054318dc270816f8357351ffc4449,3,,,2018-06-12 00:00:00,2018-06-14 18:14:22
846,56fc6462a410dddd67d6644d254018bc,c4421eb740558d775cda9f659561f4c0,5,,ótimo,2017-04-18 00:00:00,2017-04-19 11:34:42
847,dbfd8cba8b9ceff10f99ac7274f033b3,0f45620a11a03ee4bdf8f0877f47ad28,5,,Tudo cento e no prazo recomento,2017-06-23 00:00:00,2017-06-23 23:35:53
848,6ec053f68851a636a8384da6de23a481,c5b859a429fc1d63c1444ad6a7a52d27,3,,,2018-03-29 00:00:00,2018-03-29 22:30:52
849,bd9ff9329765ed79c1b081269e9f08aa,4642ed1845e7cd193a89f622e9f4611b,1,,Não recebi o jogo na cor tabaco. Só o vermelho. ,2017-08-17 00:00:00,2017-08-18 13:29:27
850,9c1db485ac45eb3490460ef49f2b24c9,ecfef517213c787b773d09056b717560,5,,,2017-12-13 00:00:00,2017-12-14 12:10:30
851,3ba4306480ae86226634b10b023a1250,0a6b6d3fb4616f5b647bc8b0b8f69e0d,1,,"Nao foi entregue na minha casa , por isso nao gostei , nao tenho tempo de esta indo nos correios..",2017-11-07 00:00:00,2017-11-07 14:35:15
852,cd8f002e6ad2f2fc506eda02cb46e275,e3ec1fb07ab3a6e29c651b574fa01848,4,,,2017-05-16 00:00:00,2017-05-21 21:03:22
853,cbaa2ae22347e22bbb037d421072eee9,a7c15b0c36e82951ecee0ed6d850ebb0,5,,Compra perfeita. ,2017-11-15 00:00:00,2017-11-21 10:22:36
854,830636803620cdf8b6ffaf1b2f6e92b2,0176a6846bcb3b0d3aa3116a9a768597,5,,,2017-12-30 00:00:00,2018-01-02 10:54:06
855,d26b3dcf847dd648290f19b49946f4ae,d5fcb259843dadf4153e199f5d555aae,3,,,2018-05-19 00:00:00,2018-05-21 10:31:58
856,8bf2ed0dcb199f4db44a16381e8b996b,bd5c9d506fee7419ee3c669d0123a067,5,,,2017-03-30 00:00:00,2017-04-02 22:11:30
857,1c0a2e60f8bdbed3b6d6a09ec379f006,2c1ccd5d927cd108ebbdf62741bf5dc7,5,,,2018-01-23 00:00:00,2018-01-23 22:22:31
858,e384c4fe94ea5a6f3663cee2481e29b8,ee0a25ec12376692fee5a7d0613f466e,3,,,2017-05-30 00:00:00,2017-05-31 00:59:12
859,556e5259e2d5b0cbeec371d7a22bef5a,49267f83c9f436f1147915577fdeb110,1,,O produto veio estragado,2017-11-04 00:00:00,2017-11-06 22:29:34
860,21f18edbba8c5a81ab4d5004b1c88aba,a2dd2555832adf77db576aeb3906f57e,4,,,2017-12-10 00:00:00,2017-12-11 13:07:12
861,3b89940a3308eeaf4097a1ab47158928,6dcd6b86d6cddcf609cee72d0427d2da,4,,,2018-05-22 00:00:00,2018-05-24 18:26:11
862,f4ac38a0c605e0acf87051fd53a414fc,fd9fd21af695ddc1b8200a18954f7b73,1,,"Minha mercadoria não foi entregue , já paguei a primeira fatura quero cancelar a compra pois paguei o frete e não recebi a mercadoria.
",2018-03-31 00:00:00,2018-03-31 05:02:14
863,b2afc68cb2d3f8cbf7bf956f76c0855c,80fcac926630a1f8dac09acd966434ed,1,PRODUTO PÉSSIMO,PRODUTO JA CHEGOU COM DEFEITO NÃO FUCIONOU CONFORME MINHA NECESSIDADE DE USO. INFELIZMENTE ULTIMA COMPRA MINHA TOTALMENTE INSATISFEITO.,2018-05-01 00:00:00,2018-05-04 20:31:53
864,d7c4f2aaa7ef33177252135f89907b3b,322ec06ec547885a70cc8a7d075ddf3a,5,,,2018-03-22 00:00:00,2018-03-22 22:33:29
865,7ea98afafdbe948b63e8007a5cba824c,723f4709e0dc0b2fc27c8d68792c2ba6,5,,,2018-05-08 00:00:00,2018-05-10 20:10:26
866,156e9ca1f645798e0ddf64dfa79566cf,7e8af96fabba7a99d5206b8db4b7b098,3,,"Recebi apenas 1 caixa com 100 unidades, e pedi 2 caixas. ",2018-06-15 00:00:00,2018-06-18 01:14:39
867,25b6aedb3370e27d5d2e899a98ee7370,d97054c687bd818d4f7b78cda2eb4f01,5,,,2018-07-04 00:00:00,2018-07-05 00:42:10
868,39d9e0cd65655e7c8bc4f39a58a80e28,7bcb99610f15bdb8d701787bf59f0c25,5,Ótima ,,2018-05-10 00:00:00,2018-05-13 19:56:07
869,f76c1205c2a85f2be09fbbe71d8d0b7d,d917b61df82dea35fe77a6dd3f6022e3,1,,COMPREI DOIS PENDENTES SÓ CHEGOU UM. PRECISO SABER O QUE FOI QUE HOUVE?,2017-12-31 00:00:00,2018-01-03 19:38:46
870,90ee8065d229642eab9c2ffe3b33b91d,e95cac7e9ed8e477d726d47f72f420c6,4,Boa,"Recomendo esta loja entrega direitinho
",2018-05-16 00:00:00,2018-05-16 21:37:47
871,8f4c4882df92da5127153b67f5541806,35084b4c2264dec95673bc5b657289c0,4,,"Tudo conforme e entrega muito rápida!!!! Que pena que não verifiquei a cor, pois era preta e precisava de cinza. Outro ponto que tive que lixar pouco para funcionar, mas nada demais.",2018-04-18 00:00:00,2018-04-18 22:32:46
872,e3e7fa42afe0e6ec561dab0fb8d61832,43cc99c0d748acfca2d0fdc297b3c719,5,,,2018-01-20 00:00:00,2018-01-21 01:55:08
873,33b6658279f94a6490467dbc850e47a2,14272800e054af4a7886796fd6b65593,5,,,2018-05-01 00:00:00,2018-05-02 01:13:08
874,a9a9489f00b37728b4905e47f2b95a4d,97c03a7db982e3af99d766bac1aadc7f,5,,Entrega rapida e correta,2017-12-21 00:00:00,2017-12-21 10:12:10
875,20562de5e34d504826c5b9e893ee1f6a,d23640d83f7d582c4328ffd875e14966,4,,Produto de fácil montagem e atende perfeitamente ao propósito para otimizar espaço.,2018-01-17 00:00:00,2018-01-18 09:49:22
876,fa21958cdc768ddc5103568bac35177a,7f8f6e7d331e83effb58aa14f32cad44,4,,,2017-04-11 00:00:00,2017-04-13 19:22:50
877,403fc87c877b6678fe666f0f0d2bbf05,94fca82966c05ba707f4e7dc0c50aa3c,4,,,2018-08-22 00:00:00,2018-08-22 14:33:44
878,31a0d09572da13a6a587b2986e6b1b34,4201a8366a21b43a6b9c2c912a2dd5f4,1,,Produto veio com amassados e também não está funcionando corretamente.,2018-03-07 00:00:00,2018-03-12 14:13:56
879,8f39f09c22b1ceb6e3eb178d8e50bb8a,432aaf21d85167c2c86ec9448c4e42cc,4,,Gostei do produto,2018-03-13 00:00:00,2018-03-14 10:36:16
880,d25d2e0b0eb387be916ed0f850cca75f,573b5d93e53ee17f6d7276929890932c,5,,,2018-05-16 00:00:00,2018-05-17 00:55:40
881,c6efaad58db24d7893e80870315ffd88,1ca14127ecae7a3d413ed6b2f2447d44,5,,,2018-03-07 00:00:00,2018-03-12 18:14:42
882,727fdc53d2891323aa72c4c79650c325,6e28885b3b46ef6ae9dfa9209e1c8c48,5,Muito bom,Produto de ótima qualidade,2018-06-20 00:00:00,2018-06-22 17:28:26
883,13905f5bad2b4b8d1e14d90688d89c23,78388558707957af9310d88b1a22893a,3,,,2018-03-22 00:00:00,2018-03-25 02:33:40
884,64add1e2f5eb25b598466dbbadfb37c3,d51bf6ce24909fbeee788f10c841a55b,5,,,2018-01-17 00:00:00,2018-01-17 23:45:15
885,b9867004151eef78e82f18728f2a3cee,c5b977015b27b1b086bebf07bd454df6,1,,Estou esperando há mais de vinte dias e ainda não recebi meu produto e não consigo nenhuma informação. ,2018-01-11 00:00:00,2018-01-11 11:31:37
886,19938b43d66363d8c208f1313aaa598e,b41c4ee949f1983669e38db1f364b73b,5,,,2018-01-27 00:00:00,2018-01-28 16:19:45
887,a7b72ef0a5d669cbf55197d351719c51,d12824c34f6e0552f57e8d8821242084,5,,,2017-02-02 00:00:00,2017-02-03 09:57:11
888,5c5486a9b74b631a072e526841ab8b46,a7547ae74369b19c925d4d0f11047e7c,1,,Estou aguardando posição da empresa para fazer a devolução do produto.,2017-06-06 00:00:00,2017-06-07 03:15:20
889,9c8fa795fde24263e0ccbcbc91b8546b,083f267075b03a6cd837f4faa2c7b881,1,Meu produto não chegou,,2018-08-02 00:00:00,2018-08-02 12:19:03
890,645f7e14a27e34936f1ed435e2eb8059,c1b87c671fed6c43d7d20e5142646cee,5,,,2017-10-28 00:00:00,2017-10-29 14:24:26
891,1f67b5b46204744b9c8d0b6ab31de815,7906b62a235fb41f51deb33cda8c4d06,5,,,2018-05-24 00:00:00,2018-06-05 03:07:52
892,e8ef92df93348dc8d96b1b6a8b0567ee,2b60eebc028bc36dca9f731556d1581f,1,,fornecedor não enviou o produto correto. solicitei o sabor chocolate e me foi enviado outro sabor.,2018-04-13 00:00:00,2018-04-13 12:30:57
893,298ffc4bb0dd5670802b63b3ed1eda85,afde95a684781b6fa700b1e2fc79416c,5,,Recomendo está loja.,2018-02-23 00:00:00,2018-02-24 21:04:10
894,acd691203094a4cf1676db29c52edc85,f89c0e084b599b404715e19ea6c7d239,5,,,2018-01-12 00:00:00,2018-01-14 21:51:47
895,5dc55cef4dad0e715dbb062e1dd24a03,07a97e5f41dfa29925b661eee8e73c26,5,,,2017-08-30 00:00:00,2017-08-31 00:53:11
896,46bfb3203befc211c0947d6081d17b73,f5327a56946560898f7ddeb8a9ad57ae,5,,Ótimo produto. ,2017-09-20 00:00:00,2017-09-21 16:33:13
897,62a46fc83383b0146249fc7345d00c2b,2e509a0f39264c5e18d820911b16990e,5,,,2018-07-25 00:00:00,2018-07-26 21:22:23
898,07405437bacbc37e029fe5f5e10cb4c3,724c7b9d5d226631f82c0c09a9f51685,5,Otima,Excelente,2018-07-06 00:00:00,2018-07-07 22:24:12
899,0add87bb61dde125ca428f3c011f1364,1e8ff8bb172260d3d1b60936246867e0,4,,,2017-03-11 00:00:00,2017-03-12 10:34:59
900,cf6ec44a22aa0a5493571b9de442d618,3cf0c41fd2773c0890ece77fd53e071d,5,,"Continuem assim, com essa responsabilidade com o consumidor, tanto no produto, quanto no prazo de entrega. Primeira vez que compro e vou comprar muitas. Obrigado.",2018-03-17 00:00:00,2018-03-24 00:22:16
901,e9c585a94227ab05461a7675ca5f010c,55d599a99424bf5a0293a84f8f65a13f,5,,"Adorei. Moderno, bonito, meu cantinho do café vai ficar top",2017-12-02 00:00:00,2017-12-05 10:38:08
902,ded7897490401f7aec8ce868a10fea17,c3a937f97910c3602c1e4cdb4b951b1e,4,recomendaria sim,"bom , foi o que esperava.",2018-07-11 00:00:00,2018-07-15 11:44:53
903,9c8dec22e76c10ea9da9997073dd41b0,ad4e4232930ccc325c9ff5017caf7486,4,,"Tudo correu como combinado, nada a reclamar.",2017-07-11 00:00:00,2017-07-12 14:14:27
904,cf75ba3b3b16ca972335c42fbf21efdc,7f0cc9a8528cca2dc63cddba3940474f,5,,,2017-07-29 00:00:00,2017-07-30 00:54:13
905,10e0a5b03096868d8110e7c336f15687,d29601cbe18ae8190a14e560a413b890,5,,,2017-10-31 00:00:00,2017-11-04 18:12:10
906,40d4f0f7a4a53b1998eb0a0bcfd637af,35e41c28433f3cea03fb0cdf48cf0175,5,,,2017-08-04 00:00:00,2017-08-05 13:30:59
907,8c80c295fa55d3bfc5c685c342ecf6d4,d00324ba609a8298286edcf713565755,4,,"De fácil manuseio, até o presente atende as expectativas. ",2018-04-17 00:00:00,2018-04-17 15:03:02
908,43375ed8d561b2d0dec4486143cb871c,21717aa89515f9499d2c94578f7848f8,5,Recomendo,Relógio lindo entrega antes do prazo,2018-06-23 00:00:00,2018-06-24 13:46:23
909,3bc8c5b9110f1339fa79623faca2bfa1,5f01dcad71ad545ba83a3bd4df58d6a1,5,,,2017-08-22 00:00:00,2017-08-22 15:46:32
910,2eb4048dad368d3403dcf6b007d0cdec,ffef98cd5ecdc992fefbd967549520dd,4,,,2017-07-15 00:00:00,2017-07-15 23:17:04
911,43e5286eb9f62cabe4471ec1dff7142a,2de2a81f489e7ac7cc08d8e49dbd6c13,5,,,2017-11-04 00:00:00,2017-11-05 00:21:51
912,da9f8f6a08145c2d7c041e57a3f262be,25be8e0ff01817a8a96f61605da2e447,4,capa de notbuk ,Veio conforme o anunciado simples mais bonita. ,2018-08-31 00:00:00,2018-08-31 21:43:45
913,001ce468e08e9ee56753421128bec6f4,465e367896219452ecc8d8dc02f61531,5,,,2018-07-21 00:00:00,2018-07-24 11:57:27
914,f2c8cb38137fa6a2c2ee5831650a6314,4426515e1fede07af676dc0c1caaa2d3,5,,Produto condiz com o anúncio ,2018-03-11 00:00:00,2018-03-13 23:28:03
915,d838d6e37f4ee0ce4d0a56e5d5211038,37069a22c82db05d43b447a96abf4af0,1,,O produto ainda não chegou,2018-01-23 00:00:00,2018-01-23 17:42:46
916,00a1b1c8636bce2a676e93c203c1d585,78efa452393fd1c902416648db793ccf,4,,satisfeito eu recomendo,2017-06-06 00:00:00,2017-06-08 12:44:20
917,be33b7156d02fdb16100ff26093b1227,2714cd9d5a0b89ba0c2429e6622e727a,4,,,2018-02-23 00:00:00,2018-02-26 13:59:17
918,4d482fdd3daec036656387082f22786a,d7108e3ddf254c6b56ec41b3a4e0567e,5,,,2017-06-02 00:00:00,2017-06-02 18:04:31
919,084a39ba9b337efa6cb122af96c4b5c2,8d39667dd1c683e4a8b9dc1f16d08cb9,5,,"Amei, chegou rapidinho, ainda vou testa-lo.Obrigado!!",2017-07-29 00:00:00,2017-07-31 16:51:08
920,bc50b08a79b2f5729c815cf3c3d2ba39,0713f1dd3cdb0f62e71d9a1f01c2bc0b,5,,,2017-08-11 00:00:00,2017-08-12 00:11:06
921,266b646bb1e97e0b7fe0bcfbb39029b1,5c87f97c103f08f9cd977b07384a3fd3,5,,,2017-06-06 00:00:00,2017-06-07 13:06:00
922,0db1b55476da996d2b2b46a74a6ae167,4c9147aeea82dddeeff09c3a170a4820,5,,Gostei muito do que comprei com vcs muito obrigada breve farei outras compras vanda,2017-07-12 00:00:00,2017-07-12 12:09:24
923,96d1e8f22a19cae23a6255f9062f783f,5e4ff61ebeaffec83fa558b5644145dd,4,,,2018-06-13 00:00:00,2018-06-15 14:51:30
924,db64106aff6c7180cb841937f43f5f44,208215ef3138230b69b97f3fb415e9bc,1,Entrega atrasada,Ainda não recebi o produto...,2018-05-24 00:00:00,2018-05-25 01:27:45
925,c6651e175e432ceceec4c2e34c8f403b,bb057bfbaef57c23461268a4788c0a27,4,,"Recebi, a bolsa é diferente mas gostei estava previsto pra 31 de janeiro estava achando muito tempo porque é pra escola e estou aguardando o vale compra da primeira compra da bolsa que não deu certo ",2018-01-20 00:00:00,2018-01-21 03:06:39
926,5dac2f4cdacb4bc53bb2b746063ccc3b,fe9d220ef122811f6078f92ee189d144,4,,,2018-07-06 00:00:00,2018-07-09 11:25:58
927,19b4862e9952de13d95f480bb053955d,0121cfa7c946e6589f50d7012d3eb5eb,5,,"Recebi o produto que queria e antes do prazo combinado, muito bom, recomendo com certeza.",2017-09-07 00:00:00,2017-09-08 14:56:50
928,e22a022a5987718d0dfc6a7d21998726,cde3f389a60c48bf85f49e8daf2144f9,5,,,2017-05-07 00:00:00,2017-05-12 00:38:17
929,485d8767d19fdfb75652a75ffcc45955,fec1a2a1810b5d8cb301a4ddfebbd306,3,,"Na propaganda está escrito Mixer elétrico e veio um portátil que eu tenho três que quebrou por isso eu queria um elétrico, vocês devem especificar melhor os produtos ",2017-10-31 00:00:00,2017-11-01 21:54:14
930,9bc36950d98935efa7fd86dd621167d5,8aa72d666c6f202feb55ccbeaa871ec5,5,,,2018-05-19 00:00:00,2018-05-20 14:53:14
931,41dc992333f0dc85f5c97036521afca3,f8a010ec857efd266611a51aceafa6f8,5,,,2017-09-14 00:00:00,2017-09-17 11:46:38
932,89b228124a449c8c70071e67a0908fd9,9a870a0bd211f5dcb640562f09fb33e3,4,,,2017-05-03 00:00:00,2017-05-04 01:23:50
933,31ded2a6b13dd99a719388ce501d8c06,34245c681fa744fbba46cdafcd007135,5,,Produto entregue antes do prazo combinado. Não é a primeira vez que compro pelo site Lojas lannister e recomendo tal empresa pela seriedade no trato com os clientes.,2018-01-13 00:00:00,2018-01-14 17:42:29
934,d6b0a9e1cc2bd827de2f63af37710456,41a48f4dc75f01b16dfa7e32cb456ebc,1,Comprei 2 produtos ,Comprei 2 produtos so mandaram 1 e n mim deram nenhuma justificativa ! ,2018-04-27 00:00:00,2018-05-07 14:58:19
935,3a4b4f159d583123af8a0f5b1f46a436,3243b3ca1a31c24c748cf2227dc29eb5,3,,,2018-03-22 00:00:00,2018-03-22 21:54:22
936,65847f47e12cd19ee067f5903096cd87,f72467d6531722969a365e9bad203276,4,,,2018-01-07 00:00:00,2018-01-09 18:08:11
937,a5d84828a28b11a0b71a01704c0de8ce,6060984d92a7f9a5d6f5f99b8815aa64,4,,,2018-01-27 00:00:00,2018-01-30 16:21:52
938,e73e80ae479611c5bba51fec8bdee431,aec77276e0dacfea29f58e0908b46e21,4,,Agradeço muito bom.,2018-02-03 00:00:00,2018-02-06 00:37:43
939,8f965d010b3119d9962e091de3425fb9,1c4f7f07e974a6d951ac86cd8d4d450c,4,,*******************,2017-08-24 00:00:00,2017-08-28 12:36:23
940,9f2ba62e9e1e34d06e8ae338c55e9ce6,eb22a3bed09014af3e8b797ca6261a9e,5,,Dentro do previsto,2017-11-01 00:00:00,2017-11-02 08:38:52
941,fe93af96b03553d5c8ff363f319fc768,543dd9462e7d92ef58df34eea3ba7db5,5,,,2018-01-05 00:00:00,2018-01-09 01:54:58
942,835ef8e61187af653eea44d7182d963b,61af446d4e7b09c62e2f43501be438f1,5,,,2018-08-23 00:00:00,2018-08-24 12:29:27
943,b120b1baae836932650815f88f2ffa0e,9d53eb1894b55d3730b9291fb6a8886f,5,,Recebi antes do prazo estimado.,2018-04-04 00:00:00,2018-04-05 03:11:41
944,30f2619843ddd4a19bbcb306669d2bf0,5bb8d2fbca419676d395687e28f5263b,5,Muito Bom,Só imaginei que fosse maior a boneca. Mais é legal ,2018-07-24 00:00:00,2018-07-26 22:37:06
945,ef53057f3251e89611bcbc665e575765,55dfff244bc5d5f81d58d4148062c9b6,2,,"Tive problema na entrega, pois não tinha ninguém em casa para receber a mercadoria no horário que passaram.",2017-06-10 00:00:00,2017-06-10 15:31:38
946,df59cdf8b28735af3688b44026cbef04,580e21d2e46243eca1eb813c5fe6ac7a,4,,,2018-06-10 00:00:00,2018-06-10 11:11:57
947,c7a2bc358b0822d856a03847e920fc43,a0bb81fda7cf88b07f9a884c1be7ba64,5,,,2018-08-16 00:00:00,2018-08-21 19:22:24
948,8e5408e78acc81f872afcbcd6e30b45d,0dc2734aeb43fcd6b5c4a6d6296f50c5,5,,"Atenciosos,ligam para dar acompanhamento. Bom prazo de validade. Demorou de chegar. Agora é verificar a qualidade do produto.",2017-03-30 00:00:00,2017-03-30 23:06:55
949,f885031c3c69455f00e5c411774a65ab,3f330c606a285a5bd1cf10b860dd6302,5,,,2017-09-30 00:00:00,2017-10-02 11:07:47
950,1eca8570e301d2d9ee72698803c6ae41,f0b47dadd5f372c41ae2cab6c72877da,5,,Muito eficiente entregou bem rápido eu recomendo,2018-05-10 00:00:00,2018-05-10 23:45:39
951,ca9e2ad6a3c9afc90a32922f4c0e17e7,53c76273765484d43a78ad7375d2298b,5,,,2018-02-17 00:00:00,2018-02-19 10:18:24
952,7dcd9012da02a79fb7b0eeff1bf4b8d4,2850b44a6ac24793c4c0dc86095ff024,3,,Muito lindo o Relógio!,2017-10-24 00:00:00,2017-10-24 16:38:34
953,5d2cd41b1df04700651690086b13d56b,b4436efe3712c1bbce803adc1dc032d8,5,,,2017-08-12 00:00:00,2017-08-12 23:07:03
954,6ba1766d9c526808f65628f92152e350,0a1bbcb7a1af6b58931664e147542a2d,5,,Otimo produto e entrega no prazo,2018-04-19 00:00:00,2018-04-20 19:00:01
955,55876f941470173bcf4d2013be74d18c,3cf35e66383eac0fa651e99728d09c8c,4,,"Chegou antes da data do prazo, porem vazou um pouco do produto! ",2017-11-04 00:00:00,2017-11-05 10:43:54
956,f42f813f2bc2db2075e068a430f578da,6156a1c77273b737bbe1c1dc14c44112,5,,,2018-05-18 00:00:00,2018-05-21 22:25:24
957,d4dd711deb7ed69ab30d5e4e8e46ae17,bf61fe4ac0f160dc7067f5d0eb8e3bdb,5,,,2017-08-31 00:00:00,2017-09-12 02:17:09
958,1ce9325e894d299bb2e3ebd32626a6f5,b02a2e4aaf38eb7c05ef28a6091ae2ce,4,,,2018-05-10 00:00:00,2018-05-13 19:56:52
959,22b9bb612be577d8a77fb9a62e627f08,4b887b761d172d69c3e9f5b51936d646,5,,,2018-05-10 00:00:00,2018-05-11 09:52:31
960,4be8dd6cec619a0c8984651cfc3a32c2,9f47e04f95b2bba1442d5bbf0611733e,5,,,2017-05-18 00:00:00,2017-05-19 16:17:31
961,1ac237a2b9f73bf710a8834f8dac72ae,0e5b8fedcf80d4264e236fc26e004068,5,,,2017-12-09 00:00:00,2017-12-11 17:33:35
962,4be3f739d95775636100f3ce54c53b3d,de81104d0d1d1a5d4dd09e89a7ea4cd1,4,,,2017-02-22 00:00:00,2017-02-23 10:08:27
963,4a850aacd649ff381cae14910abc1f87,41ec1c3e85fe3ec775c90dc99e697991,5,,,2017-08-18 00:00:00,2017-08-21 11:44:43
964,179f7691fefe10e924d8376399ba62a6,30f953550693db6ca376d49de5533bd1,5,,,2018-05-06 00:00:00,2018-05-08 00:05:40
965,1668f8723e4a52078690778e91ef344a,c421ebe75a8bcaabd8540cfae6aa4a7f,5,,,2017-10-11 00:00:00,2017-10-13 17:49:47
966,c9e84bd400dc46b4d4c663076dcddb30,4a0def7a91395d10ccf5aef87e5ecc61,4,,,2018-04-21 00:00:00,2018-04-24 01:09:31
967,2ed1494f9e91342a5db42dac68d47f97,de59016b99422f0bbd7e51a301bf2578,5,,"Sempre que compro com vocês meus itens chega em perfeito estado....
",2017-01-26 00:00:00,2017-01-27 18:00:49
968,416618a6ae27f1e81d8394bf3c9b7e84,2a5243c1617fc7fbba213c4960700889,5,,Produto entregue antes do prazo em ótimo estado.,2018-01-27 00:00:00,2018-01-31 10:53:47
969,02dae59a597c87b10313d8d7191a2dfa,49935c2c36ceb474c290a1987bbb941e,3,Bom ,Muito bom.,2018-07-24 00:00:00,2018-07-25 13:59:19
970,b1dafcdfcddb6feb75222b9c1f2baad3,b52cc4919de82b4d696a4380d10804a3,5,,,2018-06-19 00:00:00,2018-06-20 11:07:14
971,f8bd5a669a85f79aeb46520970a3fabd,4139faf4f621fe4b49e3e0d71bce665c,5,,Entrega super rápida. Produto de ótima qualidade. Recomendo.,2017-09-17 00:00:00,2017-09-19 08:00:43
972,23720c12363414a9c68447d5372f867d,bd53eaf563a119c58bdf9a9d5b8cd012,5,,,2018-06-21 00:00:00,2018-06-21 23:04:56
973,a7a8cf00f69bf0445b011c521456bc2b,b56499883923b712fb275ca6ee73bcbe,5,Ótimo! ,,2018-05-11 00:00:00,2018-05-14 14:28:48
974,08ee947fb131a0a99cc9c7cb8b111238,0666806082c797ed8410aadc2e08f286,5,,"Produto lindo, ótimo",2017-07-08 00:00:00,2017-07-09 09:59:54
975,24cafc3963a07103b4eca00416748caf,6d6f16813fbb3448a034fc242a2603c6,5,,,2017-12-10 00:00:00,2017-12-11 11:11:43
976,e8ea9f03ddc87c3f0a92dee2fbb88d62,d2b465d6828555de4d5226daea422618,3,,,2017-03-24 00:00:00,2017-03-25 01:18:47
977,0a059e1fd55dd70084cf7f1a01fde7e6,30a18df212b45e1322b6d81521786ec4,1,,,2018-07-31 00:00:00,2018-08-01 21:53:21
978,390d3ec71ebfc30fac16c7a8fe933657,43787011f63fb232ab281d68142f504f,5,,,2018-08-17 00:00:00,2018-08-18 16:45:13
979,5614075d5aa1114b82560046ece86bf5,62b913bcab921594dd1136fa97a7b627,5,,excelente,2018-04-06 00:00:00,2018-04-09 22:04:09
980,d51ed05f67b66d49ec9c0d2781068366,c679e1baef76a7cf123dc697fe11c7ad,3,,"Esperava mais, as toalhas poderiam ser mais grossas.",2017-09-06 00:00:00,2017-09-07 01:11:37
981,1f0c5d31b49a18cc26e64301f5da849f,f810273bc84ceae52faa5a78522cd46d,4,,Entrega uma dia antes do previsto,2018-03-11 00:00:00,2018-03-14 16:54:17
982,544f2ad73dffeeba91c790703bc465a0,881e07dca72b3b124ea46a389c69bb31,4,,"Demora um pouco pra esquentar, mesmo na potência máxima 5. Mas atende bem. Nos rimeiros dias de uso tem um cheiro meio que borracha queimada, mas passa... recomendo pela praticidade e custo/benefício.",2017-05-06 00:00:00,2017-05-15 12:05:20
983,8d133cac4bbb82ed43f49f5d32ef5571,bc8015ad7d68e2f870c4b6f319c88f0b,5,,,2017-12-28 00:00:00,2017-12-29 10:03:23
984,575f8ea4f8e6c9f525c2ec2f69f05807,23976d6dc9224e9d1f9e38a7b6fb03df,5,,"Foi entregue bem embalado.
Entrega rapido comforme prometido
Comforme a imagem.",2018-03-17 00:00:00,2018-03-18 00:01:33
985,b482eb7c9229ab4e4127674db75a0a55,328f1e996c8251549a0e319d7eaa0f31,5,,,2017-11-18 00:00:00,2017-11-19 02:58:21
986,1f5aa5d7c3ee7895e4d223797b5a5f2d,c79bdf061e22288609201ec60deb42fb,5,,Tudo ocorreu de forma eficiente,2017-05-10 00:00:00,2017-05-12 00:58:11
987,0090eb2a29946f932f1f7af8cbbcf9c0,d65342a5836898c61a3ca324c2226927,5,,O produto chegou antes do prazo e em perfeitas condições. ,2017-10-30 00:00:00,2017-10-30 18:37:31
988,d1d0314fe4b0de4c64836f67af681083,42274fe831e72c2936614e49ba46d9bc,5,,,2018-01-31 00:00:00,2018-01-31 18:32:06
989,4b964e53dbfc85277f4316507d7fc15d,3ccd24b53560c0fe294750d98a057584,5,,,2018-07-10 00:00:00,2018-07-10 22:25:03
990,6e6dbad466c0eef2b679927dfe89c052,9d244b9671e094280e0da0b5edec38bb,4,,,2018-04-12 00:00:00,2018-04-13 13:03:21
991,0a354009b25a2fbe0b25a6dd5c2a00ac,3b42ad87f3292fab60e143988d332da1,5,,,2018-03-16 00:00:00,2018-03-17 12:18:46
992,affce0d83d9e8f6af570bc097c2e424f,286a461fcd1b94e24227817fa93f8a57,2,,"O produto não corresponde ao que eu comprei, a película é muito menor que a tela do celular e não cobre toda a tela.",2018-03-21 00:00:00,2018-03-23 18:24:18
993,ca5bc3c72f83c6fb95f7f72b290a492c,9e7752c172e3994115a2cd609a18de29,5,,"produto conforme anunciado, e veio antes do prazo...perfeito",2017-09-12 00:00:00,2017-09-12 20:58:07
994,4d59d6249215713bfda42353af53f255,4ab8b7a8e23908984157974ae4ad6436,4,Produto entregue,Produto bom e entregue antes do previsto.,2018-06-02 00:00:00,2018-06-04 19:53:33
995,eaeafb542d4447da454cf68e302ae2bf,b8615aa7e6248212cab23e120279acf2,4,Boa,"Ainda não usei em nenhuma viagem, mas parece ser muito boa.",2018-06-16 00:00:00,2018-06-17 14:05:57
996,2282d9d2a99fa789b0eb9843cfeab97e,e1410714b40ecb7735ebc3f823d60745,4,,,2018-08-21 00:00:00,2018-08-22 02:00:13
997,536c631d5f15eab8260d69b603779f99,62fd709303ada1fdabb94af48092000b,1,,O produto foi encaminhado para cidade de destino no dia 31/03 e até o momento não recebi.,2018-04-11 00:00:00,2018-04-11 09:55:40
998,678f7d06016ed2f20072ed190c70fe7e,d0951ca2244d54908c43b6de2aec3974,4,,,2018-03-25 00:00:00,2018-03-31 14:25:05
999,ee6b5f3a217f7427d73615be68c17146,1578453b93b542fbde0dd65c46a7dbf7,5,,,2017-10-31 00:00:00,2017-11-03 11:21:09
